,A2C,PPO,DDPG,SAC
portfolio_values,"[1000000.          997089.03438013  995952.21516448  987508.36127551
  986442.79763279  983924.81713203  983952.71309638  988871.33907038
  989663.51037145  986684.93426844  983863.87358774  975172.18780301
  974399.01318222  971214.61309276  967896.03752787  969211.99487868
  964755.01648991  958753.76678692  955320.88217973  962416.57326754
  969370.26458881  971375.06851925  973168.21204198  965131.03782057
  963644.89955358  963680.23346128  965033.94406507  969052.0372924
  960726.06596393  959065.57942453  956086.01447494  960221.32595705
  962336.82811133  958227.48379518  956971.13791493  954399.45099744
  947795.63825365  952083.38094897  957389.85251815  961979.4112601
  961670.24886378  960734.36290952  959135.76410758  959993.81898351
  950388.276788    949930.78879523  953473.55560575  949254.56950005
  943435.12637545  933881.39212771  937594.70911198  946036.65019305
  948490.9878046   952803.05998427  947988.89508124  948743.98637396
  947941.33528594  949605.84507325  946753.55982271  946271.37305806
  952986.7499018   952444.8546605   949218.09513769  948190.45741507
  950229.52338239  939370.95321911  934824.9790011   934119.76456081
  930353.28678783  924917.00706075  925341.28338673  930193.46750558
  922585.94425104  920225.92704884  921110.43930939  924013.04075379
  916960.73520694  907923.36663076  909800.71056776  904128.49665957
  900705.18886496  905504.73649287  895832.97090052  893502.5396402
  895482.66259379  904514.55829249  888125.60189638  883668.69947298
  875498.8505308   876690.26506734  873578.67368511  873511.46984195
  878067.7260236   878118.68212491  881362.69072741  874189.023925
  876369.74596604  876834.02076446  878828.51978953  879634.93265564
  882880.19789524  887568.24387793  893953.57931336  887342.2894935
  883559.46491489  890023.04420229  883669.92864733  881178.47964067
  885198.47920425  880243.05570695  874576.64847558  864661.84216247
  847107.39772724  842692.90454177  852521.82291462  847641.42178368
  846741.30284913  848950.94022352  852297.76605328  856018.4379059
  861361.18243287  858874.15558731  852904.47357897  853464.32413547
  852939.39325538  857114.25252451  856987.33280763  852996.92411521
  856345.33395329  854539.98155939  851121.31891142  850243.34511811
  850796.85342857  846632.65045146  852266.38196035  850413.1092278
  856218.1889721   857703.45293655  863836.58936391  864194.08820469
  862472.16267721  859345.77315542  867636.50757759  873687.16338405
  876706.80144747  880732.89245808  874288.09579065  880328.34117323
  883090.43330257  876485.64467802  879302.3890485   876669.24345716
  883787.72274255  880325.98257253  885368.01691671  885371.35053356
  884791.60859245  879374.76448619  879320.90044961  871132.83995113
  864647.26201262  865074.29177343  864871.00322785  870423.16657167
  860628.55266844  856535.35322162  853098.35407208  849318.23119866
  844518.13043551  843533.12819835  837429.17513747  844056.40229851
  843340.7701995   848700.24621041  851210.0267336   837202.25433372
  838798.25970471  834019.58087947  832136.73375162  833307.51549295
  828442.24258299  825842.63811842  819418.35860354  811825.29923422
  803855.88244241  801403.53382546  813642.16728799  808784.45500011
  805430.62351114  816112.25603649  826071.64040684  821843.59735562
  817833.78540055  809186.50946752  804719.71457871  802925.63526727
  803596.2695463   807332.99175826  798095.27528154  805938.34430942
  808363.49604291  801785.92944586  797555.43526631  804519.3503041
  804319.13785957  814200.42223706  816038.20354892  815165.42257247
  818608.98453329  813875.08178141  814264.77191606  806109.71558644
  800983.32977529  807097.28508615  808290.6957579   812703.90728462
  806618.26515577  832136.28597784  836205.18104033  832582.66380826
  838105.21479443  837989.83751427  834183.31535651  833406.93188896
  830680.96003745  835624.53561175  840922.17239222  840703.22142169
  835973.45138929  834645.26354187  845740.09471547  853023.41710729
  854677.68061074  844291.85542575  842186.2586465   845992.06908612
  846947.47246565  842981.42239885  844665.19527926  851153.55803231
  850594.69732633  841578.53262118  839201.85862035  834345.21941305
  837574.65611307  840794.15507321  835481.31209348  834404.87738489
  830473.33955109  826302.88963887  833459.76337436  833200.98096727
  833936.79014436  837292.32650684  832780.8398352   844229.55523982
  845819.58173958  845432.78246324  850170.93103246  857093.42715125
  858508.13797328  856814.36731906  856285.40584825  855066.20431201
  857033.93898742  858819.59262722  860333.37747773  861516.67923129
  862573.09333645  863126.44987096  858072.54104496  863331.08136012
  870033.28726946  872996.72062065  862888.57769894  858120.90540931
  860939.87100875  858605.22176236  854488.91178323  852357.92797037
  856222.07365123  855619.21649712  853967.67966406  849369.59091628
  850267.08285288  841244.96202962  841323.21052193  843793.70142576
  837634.83609291  840237.34149076  840112.77092509  837623.33913332
  836508.30597479  844478.37693167  841911.00985375  836512.15527532
  836791.41344525  835206.11192311  838297.57618499  842716.82120374
  842625.38844264  844840.85215273  847642.57096578  850054.01209632
  851304.27495088  850679.15173643  852241.24736606  855110.08620511
  855375.97470063  851648.68405992  852467.96133095  853910.13910019
  856563.96038229  861180.14902227  863564.1903353   865238.20610772
  864320.58466384  864410.27211476  860706.42515986  861504.81222333
  861155.69851743  864670.93743835  859489.37378815  857943.82061486
  858662.1725335   857498.72264071  857788.61041417  856666.22513619
  858550.77413391  856909.06696583  854709.79906872  857487.80811015
  859511.76762715  853725.64434229  856549.90728192  858613.93864406
  856915.58571659  858863.36562405  856625.50201278  855340.08600896
  858954.08265132  858023.73188278  854866.83691148  855544.97484931
  851949.73559823  853313.07733415  852074.76035534  851443.79263322
  851503.67858119  849523.63336719  845747.98793186  844880.23207073
  849048.42977538  851620.70990339  851667.04697409  855397.86163684
  855524.54253653  854362.9463914   856781.24102895  853277.74448183
  858215.59875082  856792.21449295  859012.41642334  858677.65739305
  859621.45527699  865176.86978155  862285.44184357  861209.61954023
  859693.38092839  856723.07134984  855118.2343461   854372.85390994
  856078.38086722  856301.45551959  853533.01104551  858158.0053329
  857403.85518553  854792.95305108  850578.22631899  852425.90557478
  855105.85470444  858067.90336913  865184.20791222  870635.62970919
  867375.21838196  869341.52644303  872248.40771851  872781.08842452
  867010.76585812  865270.94540406  864324.96860107  865437.66287739
  867480.02392052  861127.87476257  865658.26540362  866210.70141521
  861826.78308936  856541.33506221  853618.83633589  856492.80948084
  856629.33666826  855312.28052792  853192.12206589  849770.07046717
  847997.38517609  848096.69245586  844343.60680066  840222.44133051
  837666.33842793  838710.25417018  838315.52910991  838327.24523452
  844913.6474334   839508.70903115  840531.61752387  842753.74381593
  849589.3688668   850501.02689881  851042.88728767  849157.17077222
  843342.74014753  840963.0186498   840294.17886938  840379.97641464
  842090.66511055  840137.56131783  839709.89185285  840424.92180045
  836757.37177292  837472.85260985  835603.59787417  832590.10558812
  825404.15834931  825958.43220305  823052.98841314  818612.65711879
  817237.07789153  819661.00753812  818349.50623765  813889.18945693
  808450.91246063  811977.91436087  811803.3414052   813334.09275489
  819561.74088566  820722.51372479  823332.64635425  816263.12746178
  818145.67952952  818814.09591665  816734.19038115  812595.52500263
  809092.03987127  807540.54248673  808833.47337156  810729.34542893
  803322.03162411  802944.79570592  802899.6083765   804352.51706615
  802664.79248706  807669.99334538  814361.8900848   820791.85361394
  817749.35585095  819159.239101    819266.55722674  814194.83990413
  817197.14920734  817338.50868744  831013.1022687   827888.63389552
  830163.39871801  832399.03554677  835546.34982793  834659.29207525
  834661.63876304  834408.74371842  836848.73097309  839254.21517632
  840990.87929845  838364.98030445  845595.45049382  841547.12782912
  842468.71090587  842830.93375041  846317.51569987  844023.01289657
  844031.952548    845499.11804066  857015.48394312  863813.49890022
  861511.3430462   861517.50456206  864794.44442848  862075.69408607
  865855.14350058  866359.9001684   868917.51647944  872379.56385346
  870567.5251612   867480.50222919  862672.29017126  859029.67523312
  855720.69816432  854568.26260248  859449.70711867  857695.69071125
  857066.08905836  858177.00052781  859241.31452003  852558.03170174
  849340.77007961  851072.73651304  853771.44908471  855832.64319615
  855066.79403882  853889.1557239   856092.26017972  854924.09253045
  859600.20911265  858902.48177646  856276.97014792  862151.05023279
  858273.11374663  853033.57053726  855906.84200417  856300.74544225
  855847.21196792  857583.1858613   858324.62840466  848265.73091071
  852154.57873736  856771.63667736  853599.8534485   852553.5105633
  850567.73508313  855322.10228206  857237.82218136  856705.43966243
  856667.39136651  856131.7991029   858453.29679129  863993.22768707
  864242.05311375  863893.52243417  866838.5005199   870338.64174249
  869769.20393355  868462.16883421  868152.28144169  867617.49944844
  862532.44040863  860147.9092003   860471.67329876  861110.8056678
  865082.44556899  865457.04115078  864638.20444751  863871.30762563
  863512.1536947   868173.82598201  868650.08491415  865717.56271434
  864030.67226615  865832.61199075  863850.44124791  864754.24260321
  865226.91941433  867559.52180719  858272.78029644  861019.89875885
  856613.45183457  851583.14034454  849816.81936685  849193.56334997
  847727.11685008  845910.62661344  845656.26784029  849660.07518763
  848274.93732783  846542.30690545  848753.79994241  851929.80348091
  843988.61070602  845175.80314478  850739.99225245  855399.65184687
  858901.52476682  859131.82116284  857017.70062617  860529.03171546
  859828.23869798  859476.82241055  862593.90954275  868614.64968285
  866571.63897208  866811.18024039  867062.43785993  867879.73463808
  864762.86662718  859546.08664295  862185.57072889  861330.34182373
  856071.07578979  857693.08011509  859416.17498425  862822.64846384
  863230.17773849  867832.43080072  867805.24902233  859945.57475648
  860449.51183957  862345.64308659  867065.50366207  867625.14093928
  868235.47072306  868446.37464157  870103.45750508  868583.88383357
  866985.39707523  867095.14092257  867488.75013159  864018.63145674
  866468.73704508  863999.39142996  861698.21201739  864012.34634473
  867836.28985547  871783.48210369  871585.05756464  870659.64268295
  873547.03424207  879285.93521793  882357.05612668  882803.84369616
  888418.41822374  886561.48973157  881641.62965398  877315.22296271
  880455.86946149  881415.63216021  873702.70155161  873178.47619594
  877990.05438214  877445.02528619  877842.33900696  886043.93446365
  881162.65990803  882310.85161362  875957.45367489  873955.05908507
  869619.59256576  875110.41546158  877521.49628539  878564.54494605
  884500.20489964  883994.59781192  887157.29112381  890700.71758785
  894143.34200842  895393.96973389  897703.69082491  892090.92387275
  900619.42876481  898925.29159859  899305.84621109  895786.65660179
  895751.50784177  895060.9853149   890499.61013225  892970.51826728
  894222.99256522  889203.62368377  890822.41565559  893327.54986336
  894965.31602138  898665.08088982  902991.05411131  904861.12593432
  903167.20528519  900191.28950622  906142.75900976  904940.91368926
  904953.50879025  907409.99210374  903749.55200481  905628.77941009
  907303.52438915  905801.6888384   904180.04365579  901751.65993463
  898312.69615332  896845.59169546  893168.93801209  894522.17720259
  893869.6303449   893419.52869358  895548.14438018  896488.73835936
  896927.15249403  898600.13542099  896426.09460547  898508.55198285
  893802.8317806   893766.50687575  888430.39041924  891068.810716
  890144.68184472  890675.74495244  892420.43955283  891837.59345185
  886086.07911727  884365.89840537  886948.48379094  891686.74098887
  891630.6131121   897760.94457949  898923.06344957  896657.30827327
  891067.15873828  888011.43470648  885388.72406177  881452.02170646
  884435.04107015  886969.80092293  886343.84094287  888082.82946333
  890154.58506209  893378.21545326  893522.49070176  895688.36874803
  900115.30840449  899870.54978681  898896.1962984   900951.64965534
  899705.27854352  901372.03944053  898745.95895084  897946.86977935
  899168.94233314  893901.87462517  891201.99509212  893428.65347118
  892271.31764042  878291.84372064  874554.90806802  879353.96975992
  877697.45260034  880283.79920723  881252.24483579  877019.2173266 ]","[1000000.          989985.90260958  989155.37743863  981734.89257674
  980195.45079222  980387.45363387  978328.65087676  980043.55966858
  978551.45989842  973069.97757823  966796.3464162   951855.86245341
  944774.30442144  941708.68038879  933697.23640727  932072.81676161
  926552.05438003  917429.0130106   919840.38452677  922292.4496109
  926127.41657132  925670.57856798  923777.47214302  919281.3442337
  918774.38507409  918243.44264652  916508.17907253  916461.32821091
  910180.47815715  902599.51937241  899865.00620117  906677.71384959
  907764.17570933  905477.39531576  897208.11158399  893964.07599563
  888559.41199262  885792.96727703  888668.2002941   890503.23308546
  896252.38693498  890487.54148915  880413.56985782  878898.0636656
  869626.76696377  865389.63282255  858169.65169938  850864.5915326
  846719.80295499  830410.8278807   837660.92994098  842146.42812515
  840064.70045762  840099.03462371  834991.04021109  827435.74721536
  829328.8597535   821589.63175902  818189.62378566  817570.92588734
  820862.14560409  821054.88232469  815366.11731365  808650.860812
  807896.83409966  799959.83548618  794530.23022829  794458.39034311
  791672.48345079  786467.83543752  786260.20175331  789255.61199869
  772877.51766565  769786.50125834  774962.98445547  778314.23276715
  763843.24344502  759228.29828292  750868.82772862  741167.08058963
  737241.3607316   736888.21309661  740227.68133763  733280.25924758
  733226.74360601  738415.49358298  717048.94065563  715341.2242362
  709858.02372513  709797.76055475  711013.0378461   709434.39377416
  708779.66752687  708721.68595923  710497.81727369  698521.59765172
  700476.05957229  700970.26327932  701566.65522603  702673.83859309
  704212.54128354  702795.85017405  708382.38216068  698009.22143065
  694646.84124025  697357.87432624  689537.98604915  684317.0609598
  684433.74799619  678678.50529518  674029.47732858  663463.80432269
  652112.08427753  649926.26074534  658543.17347654  656146.66582348
  656351.52071898  655761.09705563  658608.82845854  660115.37870154
  671255.99426975  667661.76973625  661587.6884179   660593.67283428
  658147.18156662  659888.33141996  659455.70124966  650737.86901691
  650150.77619328  648092.56170597  643523.45992065  641685.34799119
  641046.48448629  635290.25370945  640747.70269886  639499.64124255
  639498.32790421  639884.2547641   643601.38522763  643797.05549639
  638477.85023897  635556.70785655  640823.1053042   645304.58593281
  644438.22248491  645249.83930651  640527.47044506  642007.3254545
  640981.90845906  632092.39277807  630175.06539112  627573.0787457
  633720.1485368   629295.02154792  632392.92614965  633271.41557476
  632647.53996316  628694.06699082  628314.75923293  623747.55997048
  618873.78096687  617693.0596315   616317.70509629  621223.45840843
  616130.00370401  613017.1746322   611533.27088695  606825.8534816
  601851.77203639  596981.77304515  585283.27372435  587857.06390873
  586399.99147854  588348.53110659  589737.88581951  573289.86754856
  574015.34565243  570245.77555249  567603.90274468  566998.81342051
  563089.58660881  556280.36149744  551618.01655196  546627.16766448
  540955.80840549  539662.54969494  545475.32249338  541091.40066896
  538629.73773866  548635.82434503  560408.92727746  557297.14308394
  552045.98171848  545231.75576239  540982.38727603  538760.80384884
  539241.45939874  538296.70825415  532399.62375439  538298.9271824
  538255.99139472  533463.77455737  529171.90637393  531281.86567442
  530006.78831445  533079.90650797  531578.68408639  531016.25210174
  528123.50452618  524545.06414922  524240.53927558  517764.64067176
  515454.27650289  523757.4414429   523213.31897209  527251.04209105
  525503.00252026  543217.81379696  542641.7766173   538344.75545525
  541836.28330963  543159.06983763  537430.26044858  536106.14803985
  534649.60653203  536548.85384759  539549.46792825  538412.59617233
  536738.99779485  537063.62240286  544144.02621436  547583.79752635
  548763.81369954  545703.87770213  547602.32433924  550981.23501562
  549228.05827131  546639.88994626  547467.30007662  550197.15419575
  548247.34579518  540157.42829984  537267.61628885  532493.21032414
  532285.90857659  534156.02050545  530497.42008335  529691.01291498
  523192.22745776  520523.55240452  523684.58426325  521799.83614206
  521231.70689345  522797.49141288  519105.92182789  524622.02736764
  524731.91190328  517928.03915817  519853.22375845  529451.03857725
  528521.02599813  526123.10012584  528175.12195774  525238.55584508
  523507.31584893  523542.50177734  524094.48476841  524542.36033292
  524657.90757677  525402.79441592  521472.343447    523769.71043143
  527829.5671865   528265.97275405  519660.09111617  514952.65479501
  516410.67411681  515692.79580407  511787.22812283  510114.35845533
  507342.96869961  506760.7628967   504615.32742318  501705.95597802
  500103.34614186  495325.19946618  493921.76373892  494878.61344089
  492488.58530579  492053.97331126  490928.62083359  489775.52112141
  489285.4623432   491789.83533233  489596.90097185  489426.87466951
  488768.91817046  486654.91904357  490606.68376314  492351.3259858
  489451.13875005  491978.78691595  491584.11526404  495868.84145709
  495121.17646135  493925.2656201   497267.6164152   498472.40770812
  498945.10239745  493921.54957505  492370.21673492  487340.53865565
  486750.86929175  491503.70407305  492643.41030773  492991.78451612
  493552.62399693  492940.50836412  490487.4804918   489463.04423717
  488665.81869925  488658.14829698  485986.00138338  485230.67676899
  484847.45998038  483506.30816506  484714.28997717  483156.71018968
  483502.25474219  482999.56949494  480444.30523807  483773.5825438
  485484.18557523  481377.95344574  482419.0169912   483112.64484033
  483071.42244564  485860.22229179  484244.43192358  483250.64427352
  484400.18954988  483287.66545924  479864.12903763  479246.51998037
  477771.5322671   477010.66678998  472834.1641835   471511.30960177
  471121.70383575  470367.54413954  467168.18398493  465981.94819576
  466754.49598693  469076.02099173  468451.19458768  469469.52701416
  463166.84230148  460196.68255673  460360.09711645  456929.35627568
  460199.88917295  458348.87385324  459295.57230956  455463.45674567
  454996.354788    457379.68336943  454537.75624925  453232.16751952
  451987.63547019  449089.93983049  448179.93335738  447105.89991068
  446166.86641887  445242.26370639  440793.40483207  441870.85113243
  440730.32218325  439349.36673463  437323.61674358  437099.27093415
  437468.184413    437193.47079486  440960.31087303  443914.82325379
  442631.53264805  444186.53092837  446911.49853167  445438.53257601
  439394.632442    435758.70797574  433828.70515671  433929.60300046
  434195.56648531  433999.50159556  434915.82408307  434110.67590265
  430848.11874806  424428.29387442  423011.28828172  423958.77720366
  423382.2046327   421345.66914662  420143.02467582  416259.45552319
  414936.125961    413933.45728259  412878.95891202  410047.12466948
  409871.78044259  409265.55197429  407607.84842279  407295.75606816
  411355.42939514  408186.91883424  407060.52674566  407410.9947032
  410400.32480557  411128.2014801   411086.09910707  409576.77438535
  408456.28513856  407311.49699274  405958.3649895   405630.77684898
  405735.2080165   403778.80952847  402734.61128877  401691.22177959
  399753.25064042  399877.78413171  398234.78081629  397351.8457807
  393674.81250782  393552.34429896  391278.14373655  389751.7453766
  387893.29185318  388427.11084625  387760.41346817  384469.48474788
  380015.34657702  381480.8185971   380305.62662741  380227.57610721
  383343.278359    382726.4304971   383434.86085448  383615.74443978
  383209.16200617  381771.19944533  380815.04433203  379762.43509521
  378548.20362882  375696.10905328  375481.559666    375413.12221632
  373868.42234117  374017.17707331  373111.65126358  372132.48608572
  371436.23258339  371078.56792569  375196.08261041  374066.83447461
  372409.6651904   373098.7519098   373313.19646423  372333.11854564
  373126.80548441  371681.16910059  377732.55284048  375450.6886965
  376355.38997526  377144.41860138  378545.56957368  377746.63629632
  376957.26415481  376940.45190675  377402.87916208  378680.77016829
  380321.79672348  378685.90889661  383342.97295501  382601.07115679
  382554.46282294  382641.94277108  387233.46510142  385124.77750208
  382546.17310152  382888.83684404  388539.5011559   391684.18666623
  388589.73763535  389455.87824096  390167.35716677  388106.08074822
  390184.81369987  389450.24114034  390072.60780094  391760.55575911
  391412.18525351  389802.94656776  388181.47820112  386479.69503743
  383697.94363989  383149.69657319  384453.64084574  382849.41920244
  383400.90226471  383676.06187475  382776.20940489  378070.16320462
  375342.97972611  375175.38277552  375202.37199467  374976.40516895
  373990.68697492  372381.30896664  372735.54702556  371626.6056441
  372942.21560397  373511.10603128  373240.2683707   375647.97657892
  374804.28259725  371119.83280823  372191.90278787  372513.16991297
  371689.74708545  372719.12585252  372047.98396898  371658.55846029
  371852.6520095   372467.63579856  369459.16878411  368569.02374558
  366752.97173515  372150.84037771  372993.38128704  372005.27538341
  371216.09526397  369347.66299841  370425.24778773  371899.03886939
  370387.93208379  369786.43201558  369909.27854648  371664.58599509
  368767.46820854  367639.47522676  365097.60567706  363127.58282588
  359701.40171918  358609.71131569  357820.34244437  356162.67248404
  356765.92287505  356160.62495474  355787.85099597  355338.38918872
  354063.68355831  354936.4219824   354711.44770821  352898.41315535
  350433.85009166  350341.93755358  349135.35427437  347190.88905569
  346450.23037879  346548.93373278  342311.76571254  342987.93402235
  342424.06798243  344973.55461601  343828.2973078   343172.69621554
  341686.31460274  341055.24005222  341439.59246276  342678.41629539
  341619.99375771  340957.04350892  341271.16788877  341920.07950995
  338640.04756404  337042.13656084  338897.97383723  339452.46658652
  339343.19304339  338639.71423482  337722.35472471  338078.45603272
  336960.47050527  336704.44841259  336091.05498283  338622.3457495
  336573.82650641  335683.98061355  335346.36914599  335103.00296887
  332463.89366909  329491.25355004  329888.90262433  328574.79629901
  326402.18380304  327376.51074778  327361.07250471  328266.92131862
  330121.83252543  331012.82988515  329951.90970121  324437.21226319
  324230.57646052  324344.85246536  325703.0084018   325812.09301071
  324832.72567103  323817.2947293   323700.47504739  322156.69603881
  321187.08832855  320299.07940818  320023.17502793  318156.87866222
  317877.13917952  316863.85713011  314994.4022322   316182.64599346
  316351.49552673  317839.46849317  317253.84130656  316050.02748009
  316814.42339378  316059.86311911  316828.99970332  315841.07381546
  314579.08788925  318943.94314707  316175.38406137  313386.1474457
  312865.99366788  312592.44438814  312145.82837266  310639.51386974
  310331.930236    309726.83788537  309084.15506461  310332.84122279
  308039.21698628  310682.09043729  307524.9830566   306520.56712314
  304697.49187067  304737.51617301  304961.11457316  304602.5287943
  307408.20926337  307251.73715391  306955.15534209  307520.13297247
  308103.27244296  309100.5915902   309095.30982847  308125.1566105
  311045.44518524  309604.89281161  308827.22723229  306900.86436988
  306477.36451474  306145.41050364  304695.37734567  305566.3544726
  305618.81448598  304267.21861472  305845.64965743  306634.62913898
  308507.77005434  310597.8064869   311061.99979924  311146.28601389
  307432.09143906  304280.68537154  306242.5889902   306088.75680597
  305338.76597428  305153.47071898  302869.39105635  302439.97413571
  303480.60276204  302876.94232283  299868.93919179  298683.01731308
  296921.4667322   292552.98802368  289824.78104246  289705.29976956
  287970.57960848  287530.80804621  286393.24900548  286377.22595902
  285828.90882089  285712.9273101   285477.94476958  286726.8975095
  284149.82120693  283813.63268662  281350.01906379  282003.16793629
  281092.32718764  280296.31518034  279954.84963226  280030.30400373
  278590.21998251  278556.61320726  279025.17107431  280756.69514096
  278766.08198342  280499.53748875  280078.98055637  277791.47556837
  275119.96483645  273698.46332241  272625.35702903  269994.73914399
  268872.75687375  268985.18211756  267934.0646491   268393.34638428
  267641.51414674  268026.14675799  267487.60659712  268547.17892721
  269851.74693388  270661.25008222  269601.58890889  269032.44780517
  267988.23297888  268567.38221915  266418.21921095  265003.41408009
  264624.44890464  263060.88450276  261228.99543379  262184.17898082
  261319.31476241  258719.97867721  256264.97632066  256729.20261207
  254429.25704281  255170.04264528  254939.59731279  253995.70268857]","[1000000.          995432.21568783  991877.46331811  976190.11495629
  976542.03393206  969984.59044473  969324.73436776  976852.43019677
  976442.70898343  971478.32964433  968401.20923949  952150.39098643
  948725.59957858  944069.63540101  936100.63173636  939188.87039554
  931646.17236081  924616.04320777  921671.76707323  932006.72988596
  943260.26346611  946037.31304805  947985.12211426  932749.75677459
  929419.69076504  929862.34006334  933190.67081549  942339.01657013
  929313.69116008  923894.35848259  919832.46122137  927954.50022123
  930049.92486896  921862.18275322  920516.26449535  915113.54279379
  902546.50639872  913964.31396213  923268.94356243  929584.61546864
  925651.58846198  926579.28485249  924062.19626995  922667.65998011
  906561.643451    903684.03439175  914229.71657033  908286.20489285
  901061.31548461  887398.9783955   897126.33932097  912347.20805235
  917241.00688844  925828.73085198  918129.578227    921420.11152109
  919172.77229404  924519.04730701  921297.46067052  925801.62334377
  936888.91606228  933354.88379661  929058.03305996  929890.55892467
  932827.43998228  917211.06478089  908842.02818363  907615.34008278
  901307.81465887  890876.92236982  891074.71920952  899226.8955612
  887628.28317848  885358.61846129  891231.73692874  894181.15503587
  883169.51509168  871486.22568518  877327.56832516  864932.02110068
  860031.99864109  870739.12028985  853952.28031167  853714.96751334
  856638.73107572  870013.93530965  844877.51912893  836936.43927103
  823214.09935348  826793.37807496  820712.62312445  821885.88201097
  829947.80179669  827547.07425539  833608.00113128  823609.4253299
  823426.58741883  824788.32312758  828110.90198816  826811.68679893
  832374.43913293  841136.99129717  853668.43685187  845530.45532956
  841195.09867567  850682.06368655  841908.16642212  839436.53352416
  846554.52086819  839620.20936128  829679.22791494  814452.2304946
  788521.18023757  783826.21386307  796340.48408748  785215.92701762
  787580.16812997  793410.72660061  798450.81550638  805333.2675709
  816048.50713208  812926.88291263  803975.36263298  805793.09140491
  805264.64072626  811848.74983689  816484.30873106  812739.56884041
  817600.25812712  814912.71161098  811539.41795594  809358.66081512
  811033.27679987  806983.22703404  816258.34421156  811896.79857725
  823321.79629121  828515.84631577  837241.01282186  835664.86388307
  833736.6070733   828447.37630959  841206.38482685  849495.01245843
  853544.28896619  857460.99993452  850107.47833946  861221.75937442
  862804.9011369   855971.27636531  860304.88620442  855102.43590757
  865959.06940369  861106.01780872  870407.86681843  872342.81950591
  871880.04877935  863469.34262786  865022.71901984  852469.56776857
  840825.25812841  839779.90349878  839377.39076041  848862.11530821
  835857.36551707  829994.20050927  825785.87415116  821104.40730062
  815546.39095111  813517.67880366  804789.09752381  816246.25064416
  816829.81367929  824334.49492778  826997.92399228  806163.39756562
  808552.33728507  802350.07697305  797641.76747605  799905.11672919
  792601.34471302  788515.39961121  777311.47647044  769481.56861541
  759837.17213692  755357.53431341  772249.43061982  761811.77548476
  754794.86954841  768816.72150248  782593.85116658  778200.60170651
  773212.39312206  758427.74870096  752353.41370334  750600.14299361
  750784.19780393  758203.1833979   745665.72312077  751855.31271785
  755422.14232057  746376.70546405  739516.43995368  744896.96923051
  745655.35288265  759208.1997187   759797.72948734  759619.94552925
  767286.50078599  762893.63987341  762822.37286379  750974.824811
  744833.21810229  747902.24965142  749114.79247702  753635.74864103
  745078.2178418   771919.94586768  775493.42215931  770567.91296741
  778842.92357244  777750.44521412  773195.60785035  772158.97137195
  770356.57166036  777244.02191529  783082.78030873  782096.24224004
  775478.62191613  772647.48661626  788985.51092286  795607.08045452
  798042.44373358  785810.74158439  782926.93456784  787425.70286943
  789192.78228319  780954.3049948   784619.72475447  791163.1656989
  789533.34679835  779478.61336359  773780.81303496  765058.46599905
  763071.31195691  768210.78919264  761828.73638667  760028.15050241
  752530.59299986  746548.79159787  757166.8527942   754696.14084313
  756604.75094664  762698.71354332  758320.96285009  772281.83886789
  774737.52353307  774833.87744226  783182.18808468  790931.58748508
  790838.67489255  788952.19671959  788167.66148991  783953.24519518
  788901.47079179  793862.93904052  796027.46691568  796896.6196176
  800389.06272393  802182.0971055   794751.68416037  803882.58148924
  813619.44384736  822775.24361024  813066.1678943   806520.01411854
  810907.4831046   806580.53322667  800274.52568729  796898.95969574
  803244.35677297  802726.79997553  803394.76322216  795217.83506594
  795896.0174311   781722.44171583  783285.8989337   787956.97022625
  779979.36753075  782911.61604886  783318.7954329   779091.10323624
  779593.27529471  790529.71587725  786684.30747301  781200.28106397
  782193.6969948   775554.5203591   775951.2129292   777654.83927644
  779617.4224001   781711.22487299  785291.70959142  785443.36862483
  786395.71641348  788325.4010356   786572.61476973  788759.17018813
  791601.5092806   787196.69152433  786492.92676924  790028.30644506
  792776.1183115   800288.86159508  801584.2944421   800280.75715749
  799081.56718065  800567.37679737  797003.55396289  797294.13098598
  795148.87170301  800234.87684194  795754.96835999  795275.61199551
  795715.98313797  794791.05106331  794200.35097588  793379.74022456
  795310.43059585  790885.22175094  787542.49087009  792949.94896206
  798838.72230064  791677.10311391  791684.15148033  793328.55187851
  788983.63855416  795866.16941763  793058.78820761  790682.41429741
  795962.26635991  796806.65416542  793201.37978979  794114.96878544
  789894.16676764  793890.79081338  795775.8593897   793317.22640964
  794422.41678111  790834.32115081  786323.18061756  787745.76413674
  795755.86739858  798861.91141245  797539.39366867  803034.80392103
  807791.19287823  805618.31469121  810361.81838368  806739.3022636
  811968.17042134  809992.28740409  814234.78581695  814869.1991388
  815958.73208229  823344.51954148  819512.86851977  819184.43749764
  816777.46935469  814938.7240749   812411.86120344  810759.10891723
  815622.7063529   817511.78842084  814856.96751142  821537.56692006
  820468.98257928  815563.60189229  807781.12521524  807988.27263818
  811827.15846469  816053.18088028  824074.2448259   831725.6729601
  828358.95395889  832026.84778634  836856.14967249  839630.57627342
  830988.33156315  830066.13106527  830201.3955616   831232.86774163
  832900.94522505  824935.53428151  831963.3990279   834080.28093184
  828648.16231621  820238.44510298  814638.98345876  818166.96728803
  818544.1556038   817973.55347481  815144.33936722  811228.39382104
  809361.29887311  809845.04809097  804455.13863692  798222.85714192
  793472.86694555  795103.68669972  795194.46502373  795341.77527697
  805615.33538952  797256.11192342  800120.34513961  803792.60069571
  813462.10582777  815249.05771999  816140.53874239  814606.57517834
  808022.62484583  805204.56576257  803463.30146087  804069.74070664
  804996.99199822  803874.07384031  803568.46453469  805569.10882441
  799499.31536111  799548.12496639  796359.66857862  792584.95987129
  781549.28813305  782186.12386944  778043.63844711  771409.01596225
  771332.40121412  775206.78947335  774234.42029751  769544.21204902
  759407.20334813  764991.2666244   764384.05134967  767012.12901199
  774640.66659225  776815.78330162  781376.63088129  771837.13387743
  772232.76637331  772872.96289147  770685.63405887  763192.03390717
  755520.90216601  752027.34668334  753567.61846735  758551.19123335
  747323.43824993  746481.81959216  744995.11291524  747628.02757715
  748857.42575886  757518.26567182  769650.34252525  778343.35633676
  775156.11956723  778841.33976898  779842.03001909  771251.48301938
  778372.83455993  777370.21464185  796353.19848519  792822.77165082
  793708.49644239  796673.92772113  800791.72195348  797976.46812066
  800090.57314514  798153.45994051  801726.41543129  803253.632521
  805944.3428532   804035.81898355  813775.31582534  811480.73048727
  814330.38334705  815880.45026897  819034.56564796  817647.32204859
  818723.80395186  820603.83923274  835992.45596112  846939.78104275
  845758.67674141  845659.38062792  851192.07006918  845857.50717619
  849685.1079082   850696.9653358   854838.15681752  859660.92481813
  857293.10280562  852255.86503147  845766.44571544  839649.84208068
  834339.83211961  832071.47368122  841386.92929481  839106.23230468
  839910.50463432  840884.53023551  840836.44107671  833509.25648913
  829601.19998235  831064.22897014  836774.99143201  841192.37422694
  840228.34468391  837966.12399544  841266.20449481  839221.07444824
  847186.36885369  846071.22776799  840193.59504454  849213.09310995
  844584.72457728  836625.23481653  840173.47256872  841523.38724705
  842469.28475085  846391.23745418  848637.4225841   832941.55151896
  839979.90722235  846598.11266282  841187.81547879  837892.4348559
  834899.63735494  843715.02792831  846487.69592634  846087.55305646
  847357.45105276  846705.69708201  850709.16277863  857453.555647
  855612.04180228  854567.01744155  858768.73105321  863781.3646315
  860950.36478714  858847.82304147  858353.41125955  856305.62488367
  849465.23000435  846720.80857683  846797.55887736  848801.16977919
  855080.09632455  857600.2823031   857472.05306184  855876.94961158
  855540.55014251  862651.95284091  862401.54969597  856576.08613059
  851031.40298673  852905.99033991  849806.57644639  850332.95809798
  851007.22420668  854445.83506559  841707.19455912  845535.39709502
  840376.25741154  830903.53268815  828565.17875041  827071.64994895
  824627.19387079  821455.68203256  823913.36372177  829990.36604094
  828256.36476567  824784.15214811  830523.19668222  834663.65521114
  824822.74895815  825182.89677603  832615.10641085  840222.70099596
  845512.94329415  847077.64474153  844683.27141719  848829.82214303
  846728.99758739  847526.84407593  851693.12784811  861280.12256659
  859047.32259441  857719.93635539  857682.76659006  858971.26844878
  856820.80609676  850836.21696619  855453.97092853  853140.66453186
  846150.21532389  847440.81544227  850960.29280811  854812.9145663
  855702.67311306  863993.92667078  862633.17602398  854204.60174646
  854222.06033789  857465.56628804  864957.34129616  867721.56503129
  867964.59774097  869794.3377237   872624.11854779  869159.885525
  868291.4392592   868039.35645216  869688.64425873  866308.38357197
  869609.52845408  865296.4144469   860250.99384505  864683.26782016
  869872.26902054  874170.53040075  875581.79445778  873925.95498016
  878716.1047248   882816.83619694  887137.95841669  887960.87783731
  896879.39335921  889616.92939806  882479.39684018  877629.4655853
  883225.29881271  884172.03591297  870029.40782138  870709.91179353
  878467.86562061  878212.39133215  877133.07051879  888258.1723133
  879763.89642426  878206.78211494  867946.45148724  865669.46766742
  859444.01425084  868080.91631838  870755.20615669  870808.79673416
  880190.89235662  880331.74839241  886441.54094997  888642.90116324
  894967.37882375  894880.88896246  898351.55856757  890602.0477604
  900752.06772772  898130.11630594  896865.18919218  892224.35480609
  891847.99183306  893115.84646371  884388.70882039  886660.45340211
  887474.74659171  877944.46160091  881484.29335167  884937.66149299
  889804.82866682  892000.85960141  897679.38785761  899848.27013259
  899798.5438779   895972.05417149  905320.67319974  902093.27985395
  901593.39204164  903524.7468985   898791.24052419  901831.85110819
  903387.68725196  902180.39247427  899160.85921996  896751.46126245
  892758.51598255  894233.51996818  888282.02239823  891672.945327
  890881.57196411  888856.25978747  892677.14758791  894873.24721645
  896633.12248569  900181.67032989  896082.1046286   897794.04253801
  890836.25815112  889929.44782895  883238.31499899  886749.09752476
  885802.21157345  887868.97218832  889311.32080468  887436.16828785
  878201.19742478  877532.65834105  880902.56043242  887666.22372152
  896627.84484453  903592.6292445   907599.58538854  907992.44329082
  899569.92653546  895670.88057638  892209.99123323  884316.90911499
  886909.72374588  890483.03327044  889882.35204387  892857.89637688
  896573.94613271  904552.63312569  904278.6031292   905073.72416106
  910668.64984923  912279.39254157  909628.50822636  915307.07039353
  913104.14340915  915702.18254082  910592.38769952  908132.37827985
  910854.40497464  904120.94094965  901467.5603501   903959.2133831
  900938.57421905  880222.98604357  875543.28565007  881895.12768819
  881564.00405991  887303.06356036  888878.01380429  881425.13515413]","[1000000.          992078.83399268  987976.73120263  974251.71374723
  973758.11454279  967543.0205444   967405.14005883  973486.16714306
  972695.22470725  969071.39269606  965768.11304054  953267.67507307
  952014.44328259  948051.45093047  942778.17947508  945888.44766867
  938862.66598898  931748.36507935  929999.99713016  937062.31801771
  943472.10120057  945396.42677586  946557.93675612  932146.59394201
  930979.2119832   929246.30284143  929820.91150896  936247.76494358
  924265.67026686  922800.32411553  918401.96900089  923778.03683075
  925528.68085394  917135.98779887  915930.42453631  912400.86306214
  901199.696207    910471.20743457  918338.00490626  924029.60290909
  920958.30586461  921479.18616004  918975.95219351  918120.85186657
  904580.89275804  901109.94467959  910388.08642452  905332.44768635
  898419.26744104  883398.90709379  889106.96499103  901086.13580519
  904499.50047521  912335.74462849  903503.4780388   905386.54428961
  902506.0904133   905217.16930589  901148.30126284  904677.77624468
  914336.32777068  910495.4718854   905385.79080654  904921.02925645
  906009.66205674  894341.11663832  884929.94928163  882808.73410689
  875598.72494168  866287.46952995  866822.25364465  873552.48642179
  864373.16256906  862289.392286    864846.60218996  868522.05409164
  859019.89955762  851339.42490469  856681.89594401  848928.40309317
  844625.99344023  850626.65931347  836975.25293684  835862.68629809
  838904.82671454  850823.23453113  827263.20292543  819350.49408101
  810316.87638724  813925.70661289  810221.3607767   811421.50516216
  819032.89986444  817413.75824604  822181.20814392  811537.70834622
  810723.51679086  812164.99467957  814680.77565866  814490.52848327
  820318.66228893  826841.23711683  835081.23285374  825967.29722857
  822148.3101768   830172.66165859  823740.86215472  820224.10414879
  826490.45438136  820534.90342735  813726.02425425  801008.11846123
  778017.63976549  773669.36947818  785475.31194223  773621.55020754
  775697.33891864  778151.3874006   783071.77103593  789098.51019678
  797115.85369299  793656.12540384  787320.37157344  791230.69191927
  790974.07421499  796669.13574448  801566.00632296  798107.43579811
  801431.64979134  798878.62812173  794558.12499791  793603.71258194
  795714.84866136  791951.12944791  799305.87726169  795619.37517497
  799761.64158062  802572.77742284  811513.60357452  811656.13301006
  809206.08451708  804406.39450058  809823.62748996  814854.78049004
  817477.86458903  822035.72058668  814547.55929141  822672.60648813
  824574.40127648  814528.81404287  818984.1287163   814239.01482279
  822389.33735076  817143.31349927  824554.46593666  826088.10881498
  825768.42330644  817945.86262385  819675.05369465  809570.64193704
  799471.20113588  798061.35153496  797253.78145803  804760.2180606
  793644.46911087  787742.81945656  784801.64005369  780765.75967205
  773600.02374212  772643.05925844  763886.6821387   773208.68193802
  772649.16590287  780162.91825611  783536.20984218  766237.9106066
  768117.8237386   763085.75327874  759487.64082126  760835.24153404
  754703.97720621  753941.02390008  742704.73702679  736700.36159874
  727695.91139208  723098.63116215  735436.49140851  726897.58159305
  721990.38475752  733211.43562124  743333.36335497  738844.91370752
  734794.74458985  723158.71404858  717016.32696981  715805.58468649
  716649.56460928  720655.48620651  710554.173138    718781.94419798
  722177.4037684   714553.67657895  709080.17311754  713636.91148773
  714114.02487788  726764.5073135   727980.14113081  728098.81084188
  732663.89495578  728880.67779047  728910.77954056  718582.24856792
  712713.78086351  716549.14042534  716421.2046378   720625.91372611
  714694.79649566  743120.15177102  746781.79921268  742681.25485499
  750935.98557219  750592.42865941  747011.884872    744785.08714669
  743118.5977572   749497.84984165  755410.8636427   754467.43129124
  749057.02596854  745842.38421184  759042.78602245  766412.52846726
  768758.52685553  757488.95886169  755277.52987281  759681.69318354
  760806.26047935  753353.50852661  756672.23826205  763208.70275065
  762859.92209008  756357.75685215  751839.71577219  744195.57836991
  741695.66182387  746532.79913187  741199.45120228  739329.6128778
  732317.5842774   727156.69992919  736301.23543564  733675.26607207
  736154.77506087  741814.4001655   737243.38173766  750622.25638341
  752913.25164905  752383.24760938  759216.17998774  764897.89806461
  763247.7630867   761430.51619219  765644.14392157  761782.77968306
  762006.79857554  764868.25961771  767563.14998242  768158.30661373
  769225.2798794   769820.20183799  763721.20775237  771683.96629896
  780196.45411394  787172.82754557  777998.89031078  771803.14333094
  774342.03098595  771249.50748981  765655.74508673  762411.51275975
  768156.0298538   768018.55553905  768181.75818029  761151.21643358
  760621.48838973  747645.54953971  748814.08709152  753279.58811794
  745869.70457714  748516.56297572  748955.42730575  744531.50069834
  743169.83177972  753371.79405625  749707.1345625   744657.34372111
  744848.91490497  739671.74700883  742578.61332071  745221.31795993
  747529.76972729  751354.73833114  755179.22868329  755710.9668342
  755183.65921421  756153.5090228   754151.93303212  756215.76827947
  758238.16525291  753060.05625025  752147.33178813  755443.68757892
  757811.15315195  763738.37658641  764869.29141777  764135.77559535
  762822.39572005  764081.84532411  760589.69657343  761579.27789048
  759161.83635978  762074.48537836  757253.50109569  755848.50601748
  756350.88899444  755707.23083959  756565.84657884  755510.47019187
  757666.33122013  755885.17407041  753022.18297062  755940.2492832
  760717.74245626  753476.48510003  756100.02046876  758202.56623243
  754849.58594655  758768.97159249  755359.19856466  752814.62020547
  757755.64087387  758033.9839725   754204.5721387   755295.10633196
  750748.18349933  753775.60869008  754280.57542065  751421.25558249
  752741.23658375  749661.15517634  747212.41598645  747215.68571829
  752536.37062453  755352.42922288  755152.38161455  758967.04736991
  762822.16299112  760696.69206128  761855.88223484  757924.74296776
  761087.45261157  760026.16024339  763307.0867527   764100.65423954
  765072.73204971  770840.31662977  767013.99679477  767272.13993996
  764546.89755916  762037.92170963  762211.89990822  760538.9598132
  762488.57302926  764314.09772926  761237.43942114  764814.71338595
  763637.26825573  759840.46909136  753057.99457058  753287.43050745
  756574.2366445   759567.32843338  766709.39733071  771805.75772203
  767929.70196264  771067.75942274  773106.51035023  774532.45738038
  766389.49667253  765710.55720704  764848.80032337  765370.44399843
  766744.16325943  759049.78645429  762812.96614775  763605.01191307
  758809.24195821  751469.34814166  746233.83840608  748917.80109655
  749260.73438563  748987.78829074  747203.78315154  742869.6788552
  740886.50593237  740848.20009789  737476.56356596  732275.02849684
  728763.9867172   729740.96733891  728883.43291877  729393.21868652
  738372.17002532  733808.30976768  735001.1464411   737842.10902105
  745543.20494233  746689.64436962  747822.27212087  745650.82539501
  739505.76694866  737548.08551981  735754.53378809  735892.04029541
  736740.66922681  735712.96417528  735318.0568236   736737.61892081
  731897.89234474  732036.14173905  729494.36858554  726445.18287615
  716813.79433556  718377.35845674  714561.18005326  709268.03856319
  708494.20732551  711763.08786368  710912.68660862  707258.36718663
  698354.89843172  703446.53154258  702992.63360562  703801.02895338
  710386.32533419  712078.57076071  716830.31810691  707516.11120755
  708832.42060922  709019.8594531   706576.61877096  700374.69578221
  694100.39064608  692494.17668027  694352.17217659  698647.38867736
  689529.26965732  690664.21898748  689711.28844308  690711.70199869
  691151.62364821  699183.82508818  709045.31986964  716425.21831987
  712466.92343274  716929.4273067   718128.176763    710159.1661852
  715347.58842687  714808.34793444  731031.11069093  727602.28968873
  729177.02523703  731981.39287522  735649.38469201  733719.74780159
  735200.1288922   733141.73698044  736111.00684759  737465.88542937
  740016.1807809   737209.23251569  746447.61629129  744384.21622143
  747018.97761367  748513.81294464  750929.84855777  749657.95763926
  750689.8757746   752244.49818581  765388.19830346  774851.90934833
  773666.48403694  773043.55440479  777554.66688576  774660.83909009
  777927.6910477   778570.83595575  780575.03396377  786254.37178497
  783460.45149132  778969.15929578  773644.41070679  769351.11794086
  765017.84902927  762849.75425155  770663.14974159  768247.85062005
  767802.16775676  769377.31049391  769822.47808686  763253.70353149
  760468.03806865  760700.43283747  764717.29647712  766305.32410892
  764913.03101365  762516.68019951  765695.09753961  764148.27526454
  770501.57358615  770649.07077897  765184.18102764  770049.93362815
  766481.42510891  759108.85818078  761182.95740296  760925.42005337
  761098.94158967  763681.96237753  765435.97172665  753619.83609241
  759735.700624    765848.21638405  760770.18474318  758278.69585518
  755462.38717369  761256.62223236  764092.81908793  763284.09110092
  763790.71288292  763567.5284178   767114.21207999  773012.69307363
  771597.33232037  771403.03094809  774816.39381558  778793.27163183
  777024.2300376   774607.12826224  773891.53596406  772342.68734095
  765682.62594523  763888.68613922  764125.66464374  765660.67901119
  770730.07310471  773010.62225833  773137.02510865  771802.52322974
  771821.34439994  777661.22168065  777612.16154875  772079.52759995
  767428.72795636  768121.97514632  766947.83472365  765442.12462975
  765558.03235681  768860.9292779   757684.00107638  760038.77458626
  756557.44101902  749060.41761312  746780.7578561   745640.81440714
  743038.16033835  741236.73268866  743469.64242055  748260.22514897
  746237.96356198  742899.11201679  746211.47785267  748187.95773904
  740717.30287013  741606.52642806  747959.59277731  755421.9952461
  758362.96573826  759487.40483772  757020.87348164  759953.06470346
  758022.71235159  758965.79804677  762812.36796914  770760.75246392
  768866.3318869   767557.61639753  767958.1869836   768546.88827086
  766480.55675916  761629.90623449  765157.12922021  763042.81030792
  757070.52752555  759404.87710076  762031.48992553  765776.23499318
  766301.29045819  773008.6601792   771675.02886619  764241.5966245
  764146.51568169  767160.21884676  773525.43686384  775778.09782193
  775753.29403133  777125.07910993  779440.54640828  776181.62024451
  775482.44809948  775382.30420426  776739.86113663  773072.05868406
  776025.33469952  772360.06648121  767901.92510663  771806.09001758
  776309.98106758  779733.54387349  780992.34851889  779167.23857814
  782677.53689308  788099.52747356  791662.71842264  792243.89521578
  800285.76644642  794098.35224072  787553.42987153  783410.6037608
  787184.97627266  787604.20371931  778189.79940069  778432.50392196
  784213.13712716  784103.6137689   783446.59731698  791849.58445148
  786275.61984494  787516.84132095  777754.87115423  775005.20258247
  770326.37270558  775598.24237417  778134.41657221  778683.12687011
  786195.91338828  786638.83000669  790152.69075195  791969.58338251
  796293.40198347  796751.24167519  799469.68383938  793358.37163104
  797031.40661305  794921.82029724  793775.24265643  791259.59115046
  790798.13230591  790509.24657067  785877.67963435  788337.73262115
  789406.05646697  783698.90609934  786451.15365209  790384.35858464
  792967.17955158  794058.69232452  797458.78651119  799519.63035405
  799142.71477676  795427.81545629  802385.13477708  799829.70023181
  799405.07963212  801127.47939924  797064.64221267  799027.1343373
  800111.28553436  798805.0147906   797413.245034    794763.54027905
  791228.31158793  789803.82722575  785720.53094547  788118.55440299
  787652.70448628  786182.51754016  788565.32511876  790086.10005346
  790551.83366421  792442.18047425  788516.06866468  789525.82225602
  782841.09663328  782226.65195263  777087.47722638  780108.28463497
  778448.81973591  779779.22082255  781045.97697177  779908.26565383
  772245.10948075  769189.48643568  772383.50267905  776151.20541821
  780244.74845863  785267.16770765  786110.06590114  783738.61877561
  777700.30116998  773605.56863167  771898.80930572  765567.03190784
  768104.49085488  770367.66227662  770057.94675174  771654.83612788
  772215.56720731  778321.20028353  777794.58340233  778552.57091375
  781441.31620505  781454.9578343   779696.54379583  783885.50247834
  781486.78506961  783743.71372457  779877.14257154  777655.07941117
  779971.66316474  774507.98182028  772270.13945546  775735.09198603
  773629.89880155  758015.19851994  753951.33258607  758166.83080336
  757061.27831664  760924.51220824  761819.71785741  756116.14054953]"
final_value,877019.22,253995.70,881425.14,756116.14
annualized_return,-4.31%,-36.86%,-4.15%,-8.95%
annualized_volatility,7.64%,9.28%,11.77%,10.51%
sharpe_ratio,-0.56,-3.97,-0.35,-0.85
max_drawdown,-20.01%,-74.34%,-25.71%,-30.50%
weights,"[0.08527407 0.08247069 0.08360025 0.08501062 0.08081392 0.08522699
 0.0829145  0.0842362  0.08221705 0.08312722 0.08438312 0.08072543]","[0.06291076 0.08969876 0.06399862 0.09851387 0.07892901 0.07995407
 0.08062667 0.09782519 0.0776014  0.06000162 0.13358787 0.07635215]","[0.12219867 0.17416796 0.1772191  0.02694745 0.1772191  0.1772191
 0.02398387 0.02398387 0.02510986 0.02398387 0.02398387 0.02398387]","[0.03525952 0.16956551 0.15040363 0.13847831 0.16568449 0.16434507
 0.02309284 0.02341183 0.03589404 0.04349807 0.02309284 0.02727371]"
