Date,portfolio_values,annualized_return,annualized_volatility,sharpe_ratio,max_drawdown
2021-12-31,1000000.0,3.27%,7.76%,-15.16,-0.15391977627084685
2022-01-03,1000956.5418493382,3.27%,7.76%,-15.16,-0.15391977627084685
2022-01-04,997679.9466047625,3.27%,7.76%,-15.16,-0.15391977627084685
2022-01-05,998137.7722218478,3.27%,7.76%,-15.16,-0.15391977627084685
2022-01-06,992274.5999278408,3.27%,7.76%,-15.16,-0.15391977627084685
2022-01-07,989230.4311084207,3.27%,7.76%,-15.16,-0.15391977627084685
2022-01-10,990083.8738326699,3.27%,7.76%,-15.16,-0.15391977627084685
2022-01-11,991053.7365004324,3.27%,7.76%,-15.16,-0.15391977627084685
2022-01-12,996386.7833431946,3.27%,7.76%,-15.16,-0.15391977627084685
2022-01-13,999068.4450661524,3.27%,7.76%,-15.16,-0.15391977627084685
2022-01-14,995779.9072973105,3.27%,7.76%,-15.16,-0.15391977627084685
2022-01-18,994692.4300017473,3.27%,7.76%,-15.16,-0.15391977627084685
2022-01-19,988711.516167046,3.27%,7.76%,-15.16,-0.15391977627084685
2022-01-20,990790.2318835151,3.27%,7.76%,-15.16,-0.15391977627084685
2022-01-21,987552.5392646586,3.27%,7.76%,-15.16,-0.15391977627084685
2022-01-24,983365.899197662,3.27%,7.76%,-15.16,-0.15391977627084685
2022-01-25,985220.2603639102,3.27%,7.76%,-15.16,-0.15391977627084685
2022-01-26,983064.4408871935,3.27%,7.76%,-15.16,-0.15391977627084685
2022-01-27,976401.1263576535,3.27%,7.76%,-15.16,-0.15391977627084685
2022-01-28,970206.0623410582,3.27%,7.76%,-15.16,-0.15391977627084685
2022-01-31,975800.8289258244,3.27%,7.76%,-15.16,-0.15391977627084685
2022-02-01,981849.7677985183,3.27%,7.76%,-15.16,-0.15391977627084685
2022-02-02,984627.0628022944,3.27%,7.76%,-15.16,-0.15391977627084685
2022-02-03,988601.0132372619,3.27%,7.76%,-15.16,-0.15391977627084685
2022-02-04,981090.8911560806,3.27%,7.76%,-15.16,-0.15391977627084685
2022-02-07,981650.0777439513,3.27%,7.76%,-15.16,-0.15391977627084685
2022-02-08,982948.1464172212,3.27%,7.76%,-15.16,-0.15391977627084685
2022-02-09,984615.8512100705,3.27%,7.76%,-15.16,-0.15391977627084685
2022-02-10,989026.113773361,3.27%,7.76%,-15.16,-0.15391977627084685
2022-02-11,981079.6669279023,3.27%,7.76%,-15.16,-0.15391977627084685
2022-02-14,983283.5911988816,3.27%,7.76%,-15.16,-0.15391977627084685
2022-02-15,982545.6673200027,3.27%,7.76%,-15.16,-0.15391977627084685
2022-02-16,984351.8471396416,3.27%,7.76%,-15.16,-0.15391977627084685
2022-02-17,987783.0653943107,3.27%,7.76%,-15.16,-0.15391977627084685
2022-02-18,987276.3573356442,3.27%,7.76%,-15.16,-0.15391977627084685
2022-02-22,984981.9301992338,3.27%,7.76%,-15.16,-0.15391977627084685
2022-02-23,982680.9812566349,3.27%,7.76%,-15.16,-0.15391977627084685
2022-02-24,979526.2163124224,3.27%,7.76%,-15.16,-0.15391977627084685
2022-02-25,980663.8496996375,3.27%,7.76%,-15.16,-0.15391977627084685
2022-02-28,985286.8724443826,3.27%,7.76%,-15.16,-0.15391977627084685
2022-03-01,988922.3773429808,3.27%,7.76%,-15.16,-0.15391977627084685
2022-03-02,990551.2918236576,3.27%,7.76%,-15.16,-0.15391977627084685
2022-03-03,990195.6417132484,3.27%,7.76%,-15.16,-0.15391977627084685
2022-03-04,990498.0155591782,3.27%,7.76%,-15.16,-0.15391977627084685
2022-03-07,994158.2055663913,3.27%,7.76%,-15.16,-0.15391977627084685
2022-03-08,989197.9842430182,3.27%,7.76%,-15.16,-0.15391977627084685
2022-03-09,992824.233577722,3.27%,7.76%,-15.16,-0.15391977627084685
2022-03-10,991742.8501431639,3.27%,7.76%,-15.16,-0.15391977627084685
2022-03-11,990609.3711866486,3.27%,7.76%,-15.16,-0.15391977627084685
2022-03-14,983240.3688626527,3.27%,7.76%,-15.16,-0.15391977627084685
2022-03-15,975068.2328132691,3.27%,7.76%,-15.16,-0.15391977627084685
2022-03-16,975771.8674001426,3.27%,7.76%,-15.16,-0.15391977627084685
2022-03-17,981737.5713250064,3.27%,7.76%,-15.16,-0.15391977627084685
2022-03-18,985764.8768271487,3.27%,7.76%,-15.16,-0.15391977627084685
2022-03-21,985396.8366650882,3.27%,7.76%,-15.16,-0.15391977627084685
2022-03-22,985633.3635167794,3.27%,7.76%,-15.16,-0.15391977627084685
2022-03-23,983790.1360998274,3.27%,7.76%,-15.16,-0.15391977627084685
2022-03-24,983618.0153206366,3.27%,7.76%,-15.16,-0.15391977627084685
2022-03-25,986605.532139705,3.27%,7.76%,-15.16,-0.15391977627084685
2022-03-28,986346.3491158865,3.27%,7.76%,-15.16,-0.15391977627084685
2022-03-29,980064.3785928303,3.27%,7.76%,-15.16,-0.15391977627084685
2022-03-30,985167.5827440997,3.27%,7.76%,-15.16,-0.15391977627084685
2022-03-31,988000.2731054426,3.27%,7.76%,-15.16,-0.15391977627084685
2022-04-01,984294.3310083617,3.27%,7.76%,-15.16,-0.15391977627084685
2022-04-04,981312.2348752618,3.27%,7.76%,-15.16,-0.15391977627084685
2022-04-05,984301.0892815514,3.27%,7.76%,-15.16,-0.15391977627084685
2022-04-06,977530.4297141312,3.27%,7.76%,-15.16,-0.15391977627084685
2022-04-07,975610.3317424058,3.27%,7.76%,-15.16,-0.15391977627084685
2022-04-08,977648.6819068294,3.27%,7.76%,-15.16,-0.15391977627084685
2022-04-11,977327.58718477,3.27%,7.76%,-15.16,-0.15391977627084685
2022-04-12,972476.1435890633,3.27%,7.76%,-15.16,-0.15391977627084685
2022-04-13,974186.3657368904,3.27%,7.76%,-15.16,-0.15391977627084685
2022-04-14,977575.0867447058,3.27%,7.76%,-15.16,-0.15391977627084685
2022-04-18,972793.0519305235,3.27%,7.76%,-15.16,-0.15391977627084685
2022-04-19,971620.1918956252,3.27%,7.76%,-15.16,-0.15391977627084685
2022-04-20,967662.0363862237,3.27%,7.76%,-15.16,-0.15391977627084685
2022-04-21,971075.6406641717,3.27%,7.76%,-15.16,-0.15391977627084685
2022-04-22,964981.1902765112,3.27%,7.76%,-15.16,-0.15391977627084685
2022-04-25,955495.4502126217,3.27%,7.76%,-15.16,-0.15391977627084685
2022-04-26,953978.4675060349,3.27%,7.76%,-15.16,-0.15391977627084685
2022-04-27,949072.0033401134,3.27%,7.76%,-15.16,-0.15391977627084685
2022-04-28,946186.7045485979,3.27%,7.76%,-15.16,-0.15391977627084685
2022-04-29,948442.4334958125,3.27%,7.76%,-15.16,-0.15391977627084685
2022-05-02,941250.8591780344,3.27%,7.76%,-15.16,-0.15391977627084685
2022-05-03,937472.4443878777,3.27%,7.76%,-15.16,-0.15391977627084685
2022-05-04,939217.5192521411,3.27%,7.76%,-15.16,-0.15391977627084685
2022-05-05,951157.6873967412,3.27%,7.76%,-15.16,-0.15391977627084685
2022-05-06,939661.5077948027,3.27%,7.76%,-15.16,-0.15391977627084685
2022-05-09,937771.7897886381,3.27%,7.76%,-15.16,-0.15391977627084685
2022-05-10,928053.1201203484,3.27%,7.76%,-15.16,-0.15391977627084685
2022-05-11,926135.3189401617,3.27%,7.76%,-15.16,-0.15391977627084685
2022-05-12,925214.2115558779,3.27%,7.76%,-15.16,-0.15391977627084685
2022-05-13,924487.9177150716,3.27%,7.76%,-15.16,-0.15391977627084685
2022-05-16,926407.8806921353,3.27%,7.76%,-15.16,-0.15391977627084685
2022-05-17,928168.3025551855,3.27%,7.76%,-15.16,-0.15391977627084685
2022-05-18,930470.3980384802,3.27%,7.76%,-15.16,-0.15391977627084685
2022-05-19,923482.8671495891,3.27%,7.76%,-15.16,-0.15391977627084685
2022-05-20,926680.8668466577,3.27%,7.76%,-15.16,-0.15391977627084685
2022-05-23,926921.1584565358,3.27%,7.76%,-15.16,-0.15391977627084685
2022-05-24,932191.4425287755,3.27%,7.76%,-15.16,-0.15391977627084685
2022-05-25,934511.3307602489,3.27%,7.76%,-15.16,-0.15391977627084685
2022-05-26,934638.5043465876,3.27%,7.76%,-15.16,-0.15391977627084685
2022-05-27,939344.1264212016,3.27%,7.76%,-15.16,-0.15391977627084685
2022-05-31,945192.0669076979,3.27%,7.76%,-15.16,-0.15391977627084685
2022-06-01,938050.0542027956,3.27%,7.76%,-15.16,-0.15391977627084685
2022-06-02,934695.1676526408,3.27%,7.76%,-15.16,-0.15391977627084685
2022-06-03,942662.1775144978,3.27%,7.76%,-15.16,-0.15391977627084685
2022-06-06,934356.4480449046,3.27%,7.76%,-15.16,-0.15391977627084685
2022-06-07,931966.2780359541,3.27%,7.76%,-15.16,-0.15391977627084685
2022-06-08,934369.333585461,3.27%,7.76%,-15.16,-0.15391977627084685
2022-06-09,928597.64164613,3.27%,7.76%,-15.16,-0.15391977627084685
2022-06-10,921969.7531631769,3.27%,7.76%,-15.16,-0.15391977627084685
2022-06-13,917570.2833517077,3.27%,7.76%,-15.16,-0.15391977627084685
2022-06-14,901601.8221898994,3.27%,7.76%,-15.16,-0.15391977627084685
2022-06-15,897320.9635804803,3.27%,7.76%,-15.16,-0.15391977627084685
2022-06-16,906816.4884443291,3.27%,7.76%,-15.16,-0.15391977627084685
2022-06-17,905046.5325731809,3.27%,7.76%,-15.16,-0.15391977627084685
2022-06-21,898578.1441977931,3.27%,7.76%,-15.16,-0.15391977627084685
2022-06-22,900590.6509140027,3.27%,7.76%,-15.16,-0.15391977627084685
2022-06-23,902524.719161555,3.27%,7.76%,-15.16,-0.15391977627084685
2022-06-24,905612.6421546089,3.27%,7.76%,-15.16,-0.15391977627084685
2022-06-27,912040.4893465589,3.27%,7.76%,-15.16,-0.15391977627084685
2022-06-28,910337.2034155137,3.27%,7.76%,-15.16,-0.15391977627084685
2022-06-29,904005.5386194041,3.27%,7.76%,-15.16,-0.15391977627084685
2022-06-30,903231.7429168441,3.27%,7.76%,-15.16,-0.15391977627084685
2022-07-01,901912.0694618521,3.27%,7.76%,-15.16,-0.15391977627084685
2022-07-05,905540.1349176903,3.27%,7.76%,-15.16,-0.15391977627084685
2022-07-06,900320.9518490719,3.27%,7.76%,-15.16,-0.15391977627084685
2022-07-07,896728.0564624309,3.27%,7.76%,-15.16,-0.15391977627084685
2022-07-08,899689.5141572318,3.27%,7.76%,-15.16,-0.15391977627084685
2022-07-11,899231.4076523669,3.27%,7.76%,-15.16,-0.15391977627084685
2022-07-12,893414.8266103428,3.27%,7.76%,-15.16,-0.15391977627084685
2022-07-13,891700.1527657341,3.27%,7.76%,-15.16,-0.15391977627084685
2022-07-14,890474.0506249208,3.27%,7.76%,-15.16,-0.15391977627084685
2022-07-15,884242.4377949041,3.27%,7.76%,-15.16,-0.15391977627084685
2022-07-18,888773.0483029865,3.27%,7.76%,-15.16,-0.15391977627084685
2022-07-19,887737.0483160692,3.27%,7.76%,-15.16,-0.15391977627084685
2022-07-20,893824.880260589,3.27%,7.76%,-15.16,-0.15391977627084685
2022-07-21,892988.9751688485,3.27%,7.76%,-15.16,-0.15391977627084685
2022-07-22,900288.9523452014,3.27%,7.76%,-15.16,-0.15391977627084685
2022-07-25,901913.7026148204,3.27%,7.76%,-15.16,-0.15391977627084685
2022-07-26,900200.5187736868,3.27%,7.76%,-15.16,-0.15391977627084685
2022-07-27,896735.1670064508,3.27%,7.76%,-15.16,-0.15391977627084685
2022-07-28,905847.9043955926,3.27%,7.76%,-15.16,-0.15391977627084685
2022-07-29,915573.5275578252,3.27%,7.76%,-15.16,-0.15391977627084685
2022-08-01,921235.2343126087,3.27%,7.76%,-15.16,-0.15391977627084685
2022-08-02,924839.6858724836,3.27%,7.76%,-15.16,-0.15391977627084685
2022-08-03,918530.9481388342,3.27%,7.76%,-15.16,-0.15391977627084685
2022-08-04,921365.0223282326,3.27%,7.76%,-15.16,-0.15391977627084685
2022-08-05,927172.3893266899,3.27%,7.76%,-15.16,-0.15391977627084685
2022-08-08,919469.1458775621,3.27%,7.76%,-15.16,-0.15391977627084685
2022-08-09,921272.7521190629,3.27%,7.76%,-15.16,-0.15391977627084685
2022-08-10,920640.012602824,3.27%,7.76%,-15.16,-0.15391977627084685
2022-08-11,929111.7525300384,3.27%,7.76%,-15.16,-0.15391977627084685
2022-08-12,928051.4454514583,3.27%,7.76%,-15.16,-0.15391977627084685
2022-08-15,933575.246344447,3.27%,7.76%,-15.16,-0.15391977627084685
2022-08-16,931998.2685819861,3.27%,7.76%,-15.16,-0.15391977627084685
2022-08-17,930189.1515339898,3.27%,7.76%,-15.16,-0.15391977627084685
2022-08-18,925501.9656906779,3.27%,7.76%,-15.16,-0.15391977627084685
2022-08-19,924469.6010132511,3.27%,7.76%,-15.16,-0.15391977627084685
2022-08-22,917825.1784394928,3.27%,7.76%,-15.16,-0.15391977627084685
2022-08-23,910110.7017504189,3.27%,7.76%,-15.16,-0.15391977627084685
2022-08-24,912432.140888665,3.27%,7.76%,-15.16,-0.15391977627084685
2022-08-25,913085.4849130443,3.27%,7.76%,-15.16,-0.15391977627084685
2022-08-26,918149.8900651587,3.27%,7.76%,-15.16,-0.15391977627084685
2022-08-29,905893.3128936572,3.27%,7.76%,-15.16,-0.15391977627084685
2022-08-30,902373.2092819285,3.27%,7.76%,-15.16,-0.15391977627084685
2022-08-31,897872.1287377077,3.27%,7.76%,-15.16,-0.15391977627084685
2022-09-01,894036.4426616057,3.27%,7.76%,-15.16,-0.15391977627084685
2022-09-02,890484.5348856963,3.27%,7.76%,-15.16,-0.15391977627084685
2022-09-06,890585.0817068996,3.27%,7.76%,-15.16,-0.15391977627084685
2022-09-07,884050.1845088793,3.27%,7.76%,-15.16,-0.15391977627084685
2022-09-08,889038.5408629816,3.27%,7.76%,-15.16,-0.15391977627084685
2022-09-09,888579.3609979834,3.27%,7.76%,-15.16,-0.15391977627084685
2022-09-12,894998.9994825132,3.27%,7.76%,-15.16,-0.15391977627084685
2022-09-13,898305.5914639351,3.27%,7.76%,-15.16,-0.15391977627084685
2022-09-14,882279.2139916059,3.27%,7.76%,-15.16,-0.15391977627084685
2022-09-15,884094.4945540685,3.27%,7.76%,-15.16,-0.15391977627084685
2022-09-16,876773.1285235677,3.27%,7.76%,-15.16,-0.15391977627084685
2022-09-19,877265.5900866203,3.27%,7.76%,-15.16,-0.15391977627084685
2022-09-20,878357.1703798346,3.27%,7.76%,-15.16,-0.15391977627084685
2022-09-21,873802.8576626107,3.27%,7.76%,-15.16,-0.15391977627084685
2022-09-22,870483.2481876359,3.27%,7.76%,-15.16,-0.15391977627084685
2022-09-23,870507.3181390377,3.27%,7.76%,-15.16,-0.15391977627084685
2022-09-26,861276.0281704908,3.27%,7.76%,-15.16,-0.15391977627084685
2022-09-27,854215.4108699785,3.27%,7.76%,-15.16,-0.15391977627084685
2022-09-28,853909.6798377801,3.27%,7.76%,-15.16,-0.15391977627084685
2022-09-29,864494.887399099,3.27%,7.76%,-15.16,-0.15391977627084685
2022-09-30,859079.7699580931,3.27%,7.76%,-15.16,-0.15391977627084685
2022-10-03,855322.0077697634,3.27%,7.76%,-15.16,-0.15391977627084685
2022-10-04,866601.7298308037,3.27%,7.76%,-15.16,-0.15391977627084685
2022-10-05,877538.8417521876,3.27%,7.76%,-15.16,-0.15391977627084685
2022-10-06,874786.0309669125,3.27%,7.76%,-15.16,-0.15391977627084685
2022-10-07,870966.130311075,3.27%,7.76%,-15.16,-0.15391977627084685
2022-10-10,861763.351717497,3.27%,7.76%,-15.16,-0.15391977627084685
2022-10-11,856394.6573774217,3.27%,7.76%,-15.16,-0.15391977627084685
2022-10-12,854369.8672906026,3.27%,7.76%,-15.16,-0.15391977627084685
2022-10-13,853717.3985369619,3.27%,7.76%,-15.16,-0.15391977627084685
2022-10-14,856636.9763984567,3.27%,7.76%,-15.16,-0.15391977627084685
2022-10-17,846889.5348710475,3.27%,7.76%,-15.16,-0.15391977627084685
2022-10-18,852635.6109089098,3.27%,7.76%,-15.16,-0.15391977627084685
2022-10-19,855533.8734117949,3.27%,7.76%,-15.16,-0.15391977627084685
2022-10-20,849902.3075773977,3.27%,7.76%,-15.16,-0.15391977627084685
2022-10-21,846934.4884893316,3.27%,7.76%,-15.16,-0.15391977627084685
2022-10-24,860253.3438582261,3.27%,7.76%,-15.16,-0.15391977627084685
2022-10-25,859960.0002679036,3.27%,7.76%,-15.16,-0.15391977627084685
2022-10-26,865776.4411339231,3.27%,7.76%,-15.16,-0.15391977627084685
2022-10-27,867903.3036153249,3.27%,7.76%,-15.16,-0.15391977627084685
2022-10-28,867203.7361349888,3.27%,7.76%,-15.16,-0.15391977627084685
2022-10-31,867893.7961044051,3.27%,7.76%,-15.16,-0.15391977627084685
2022-11-01,862453.2177635992,3.27%,7.76%,-15.16,-0.15391977627084685
2022-11-02,864288.5893432172,3.27%,7.76%,-15.16,-0.15391977627084685
2022-11-03,857663.6580994889,3.27%,7.76%,-15.16,-0.15391977627084685
2022-11-04,853732.1932021122,3.27%,7.76%,-15.16,-0.15391977627084685
2022-11-07,865626.6202019244,3.27%,7.76%,-15.16,-0.15391977627084685
2022-11-08,866787.4565179872,3.27%,7.76%,-15.16,-0.15391977627084685
2022-11-09,874743.2750237837,3.27%,7.76%,-15.16,-0.15391977627084685
2022-11-10,868060.3489959303,3.27%,7.76%,-15.16,-0.15391977627084685
2022-11-11,895986.3250430326,3.27%,7.76%,-15.16,-0.15391977627084685
2022-11-14,903679.2986784646,3.27%,7.76%,-15.16,-0.15391977627084685
2022-11-15,900479.5119570863,3.27%,7.76%,-15.16,-0.15391977627084685
2022-11-16,904120.5180955386,3.27%,7.76%,-15.16,-0.15391977627084685
2022-11-17,901500.4750764773,3.27%,7.76%,-15.16,-0.15391977627084685
2022-11-18,897649.6322299622,3.27%,7.76%,-15.16,-0.15391977627084685
2022-11-21,896670.4902341783,3.27%,7.76%,-15.16,-0.15391977627084685
2022-11-22,891850.1718440016,3.27%,7.76%,-15.16,-0.15391977627084685
2022-11-23,896566.9286005498,3.27%,7.76%,-15.16,-0.15391977627084685
2022-11-25,902520.6349044661,3.27%,7.76%,-15.16,-0.15391977627084685
2022-11-28,903197.1034954736,3.27%,7.76%,-15.16,-0.15391977627084685
2022-11-29,898033.3422946335,3.27%,7.76%,-15.16,-0.15391977627084685
2022-11-30,898874.5789908567,3.27%,7.76%,-15.16,-0.15391977627084685
2022-12-01,910626.9509437013,3.27%,7.76%,-15.16,-0.15391977627084685
2022-12-02,919988.2284935307,3.27%,7.76%,-15.16,-0.15391977627084685
2022-12-05,920438.4057392767,3.27%,7.76%,-15.16,-0.15391977627084685
2022-12-06,907493.008356292,3.27%,7.76%,-15.16,-0.15391977627084685
2022-12-07,904995.51952392,3.27%,7.76%,-15.16,-0.15391977627084685
2022-12-08,907958.8452568174,3.27%,7.76%,-15.16,-0.15391977627084685
2022-12-09,909174.2617197172,3.27%,7.76%,-15.16,-0.15391977627084685
2022-12-12,908236.681126067,3.27%,7.76%,-15.16,-0.15391977627084685
2022-12-13,907699.1018521884,3.27%,7.76%,-15.16,-0.15391977627084685
2022-12-14,917615.0530410532,3.27%,7.76%,-15.16,-0.15391977627084685
2022-12-15,916218.4013283949,3.27%,7.76%,-15.16,-0.15391977627084685
2022-12-16,902782.7732450869,3.27%,7.76%,-15.16,-0.15391977627084685
2022-12-19,903871.2094675009,3.27%,7.76%,-15.16,-0.15391977627084685
2022-12-20,900676.50728206,3.27%,7.76%,-15.16,-0.15391977627084685
2022-12-21,913844.2941083765,3.27%,7.76%,-15.16,-0.15391977627084685
2022-12-22,915881.9461756782,3.27%,7.76%,-15.16,-0.15391977627084685
2022-12-23,909642.5835941165,3.27%,7.76%,-15.16,-0.15391977627084685
2022-12-27,910552.8283992696,3.27%,7.76%,-15.16,-0.15391977627084685
2022-12-28,910195.7411294245,3.27%,7.76%,-15.16,-0.15391977627084685
2022-12-29,904843.9845282703,3.27%,7.76%,-15.16,-0.15391977627084685
2022-12-30,912826.9732927423,3.27%,7.76%,-15.16,-0.15391977627084685
2023-01-03,916103.2013848871,3.27%,7.76%,-15.16,-0.15391977627084685
2023-01-04,917801.2227020313,3.27%,7.76%,-15.16,-0.15391977627084685
2023-01-05,919028.5176532556,3.27%,7.76%,-15.16,-0.15391977627084685
2023-01-06,911961.0482067027,3.27%,7.76%,-15.16,-0.15391977627084685
2023-01-09,924540.4844774982,3.27%,7.76%,-15.16,-0.15391977627084685
2023-01-10,925776.7614962495,3.27%,7.76%,-15.16,-0.15391977627084685
2023-01-11,927333.3062748697,3.27%,7.76%,-15.16,-0.15391977627084685
2023-01-12,929615.9910243542,3.27%,7.76%,-15.16,-0.15391977627084685
2023-01-13,939670.5575611021,3.27%,7.76%,-15.16,-0.15391977627084685
2023-01-17,945405.9490597938,3.27%,7.76%,-15.16,-0.15391977627084685
2023-01-18,942890.6229628667,3.27%,7.76%,-15.16,-0.15391977627084685
2023-01-19,937909.9504308316,3.27%,7.76%,-15.16,-0.15391977627084685
2023-01-20,940643.6213013433,3.27%,7.76%,-15.16,-0.15391977627084685
2023-01-23,941902.8498454965,3.27%,7.76%,-15.16,-0.15391977627084685
2023-01-24,942884.0742742063,3.27%,7.76%,-15.16,-0.15391977627084685
2023-01-25,944594.4381772368,3.27%,7.76%,-15.16,-0.15391977627084685
2023-01-26,946837.0343762842,3.27%,7.76%,-15.16,-0.15391977627084685
2023-01-27,945834.6516007449,3.27%,7.76%,-15.16,-0.15391977627084685
2023-01-30,946709.4494742332,3.27%,7.76%,-15.16,-0.15391977627084685
2023-01-31,941812.3748632136,3.27%,7.76%,-15.16,-0.15391977627084685
2023-02-01,947321.1190118243,3.27%,7.76%,-15.16,-0.15391977627084685
2023-02-02,955645.8679426694,3.27%,7.76%,-15.16,-0.15391977627084685
2023-02-03,954162.0776544956,3.27%,7.76%,-15.16,-0.15391977627084685
2023-02-06,940513.9782148506,3.27%,7.76%,-15.16,-0.15391977627084685
2023-02-07,936221.9032446147,3.27%,7.76%,-15.16,-0.15391977627084685
2023-02-08,942378.3548545502,3.27%,7.76%,-15.16,-0.15391977627084685
2023-02-09,939808.5811220385,3.27%,7.76%,-15.16,-0.15391977627084685
2023-02-10,935507.4466322721,3.27%,7.76%,-15.16,-0.15391977627084685
2023-02-13,936615.4328132086,3.27%,7.76%,-15.16,-0.15391977627084685
2023-02-14,936812.8943537103,3.27%,7.76%,-15.16,-0.15391977627084685
2023-02-15,934962.7048035098,3.27%,7.76%,-15.16,-0.15391977627084685
2023-02-16,931652.7048865852,3.27%,7.76%,-15.16,-0.15391977627084685
2023-02-17,928618.783945388,3.27%,7.76%,-15.16,-0.15391977627084685
2023-02-21,928398.8581626293,3.27%,7.76%,-15.16,-0.15391977627084685
2023-02-22,921181.3404279472,3.27%,7.76%,-15.16,-0.15391977627084685
2023-02-23,919582.0277891569,3.27%,7.76%,-15.16,-0.15391977627084685
2023-02-24,921290.9202567714,3.27%,7.76%,-15.16,-0.15391977627084685
2023-02-27,913727.9696009292,3.27%,7.76%,-15.16,-0.15391977627084685
2023-02-28,915799.7208414527,3.27%,7.76%,-15.16,-0.15391977627084685
2023-03-01,916275.1023012708,3.27%,7.76%,-15.16,-0.15391977627084685
2023-03-02,916131.8165242486,3.27%,7.76%,-15.16,-0.15391977627084685
2023-03-03,917060.6212292641,3.27%,7.76%,-15.16,-0.15391977627084685
2023-03-06,924784.1635745283,3.27%,7.76%,-15.16,-0.15391977627084685
2023-03-07,923360.388769496,3.27%,7.76%,-15.16,-0.15391977627084685
2023-03-08,913346.1825815205,3.27%,7.76%,-15.16,-0.15391977627084685
2023-03-09,913329.2063550538,3.27%,7.76%,-15.16,-0.15391977627084685
2023-03-10,914053.7095770165,3.27%,7.76%,-15.16,-0.15391977627084685
2023-03-13,919064.885889971,3.27%,7.76%,-15.16,-0.15391977627084685
2023-03-14,928928.6430112373,3.27%,7.76%,-15.16,-0.15391977627084685
2023-03-15,928983.201507514,3.27%,7.76%,-15.16,-0.15391977627084685
2023-03-16,932580.9877198896,3.27%,7.76%,-15.16,-0.15391977627084685
2023-03-17,935706.6086913723,3.27%,7.76%,-15.16,-0.15391977627084685
2023-03-20,943668.5152763184,3.27%,7.76%,-15.16,-0.15391977627084685
2023-03-21,946541.6340168247,3.27%,7.76%,-15.16,-0.15391977627084685
2023-03-22,942486.58685585,3.27%,7.76%,-15.16,-0.15391977627084685
2023-03-23,945919.1640695087,3.27%,7.76%,-15.16,-0.15391977627084685
2023-03-24,951245.4930019237,3.27%,7.76%,-15.16,-0.15391977627084685
2023-03-27,949878.8624721174,3.27%,7.76%,-15.16,-0.15391977627084685
2023-03-28,945584.1870063195,3.27%,7.76%,-15.16,-0.15391977627084685
2023-03-29,948166.6500522027,3.27%,7.76%,-15.16,-0.15391977627084685
2023-03-30,946754.2447483385,3.27%,7.76%,-15.16,-0.15391977627084685
2023-03-31,950646.1187499757,3.27%,7.76%,-15.16,-0.15391977627084685
2023-04-03,952708.38756563,3.27%,7.76%,-15.16,-0.15391977627084685
2023-04-04,956369.5373213937,3.27%,7.76%,-15.16,-0.15391977627084685
2023-04-05,961718.7931786588,3.27%,7.76%,-15.16,-0.15391977627084685
2023-04-06,961727.9431403906,3.27%,7.76%,-15.16,-0.15391977627084685
2023-04-10,959813.0547496144,3.27%,7.76%,-15.16,-0.15391977627084685
2023-04-11,954281.349917157,3.27%,7.76%,-15.16,-0.15391977627084685
2023-04-12,955516.4613426925,3.27%,7.76%,-15.16,-0.15391977627084685
2023-04-13,957034.9164593486,3.27%,7.76%,-15.16,-0.15391977627084685
2023-04-14,964378.7647908529,3.27%,7.76%,-15.16,-0.15391977627084685
2023-04-17,957108.047769759,3.27%,7.76%,-15.16,-0.15391977627084685
2023-04-18,955382.9028001562,3.27%,7.76%,-15.16,-0.15391977627084685
2023-04-19,956924.0017469656,3.27%,7.76%,-15.16,-0.15391977627084685
2023-04-20,954227.3210962035,3.27%,7.76%,-15.16,-0.15391977627084685
2023-04-21,955346.0663166668,3.27%,7.76%,-15.16,-0.15391977627084685
2023-04-24,953334.4926942285,3.27%,7.76%,-15.16,-0.15391977627084685
2023-04-25,954191.5676757558,3.27%,7.76%,-15.16,-0.15391977627084685
2023-04-26,954097.1846319129,3.27%,7.76%,-15.16,-0.15391977627084685
2023-04-27,951124.286828884,3.27%,7.76%,-15.16,-0.15391977627084685
2023-04-28,954998.9097761053,3.27%,7.76%,-15.16,-0.15391977627084685
2023-05-01,953243.6396604391,3.27%,7.76%,-15.16,-0.15391977627084685
2023-05-02,949146.0422415412,3.27%,7.76%,-15.16,-0.15391977627084685
2023-05-03,953383.3280761078,3.27%,7.76%,-15.16,-0.15391977627084685
2023-05-04,957147.3302572621,3.27%,7.76%,-15.16,-0.15391977627084685
2023-05-05,959144.8333097076,3.27%,7.76%,-15.16,-0.15391977627084685
2023-05-08,958213.3141418477,3.27%,7.76%,-15.16,-0.15391977627084685
2023-05-09,957603.0661579375,3.27%,7.76%,-15.16,-0.15391977627084685
2023-05-10,957982.8634183047,3.27%,7.76%,-15.16,-0.15391977627084685
2023-05-11,960908.2234280187,3.27%,7.76%,-15.16,-0.15391977627084685
2023-05-12,958192.265100318,3.27%,7.76%,-15.16,-0.15391977627084685
2023-05-15,954984.9617415009,3.27%,7.76%,-15.16,-0.15391977627084685
2023-05-16,955757.4405888697,3.27%,7.76%,-15.16,-0.15391977627084685
2023-05-17,950394.6115446283,3.27%,7.76%,-15.16,-0.15391977627084685
2023-05-18,949865.3469082905,3.27%,7.76%,-15.16,-0.15391977627084685
2023-05-19,946706.9302131373,3.27%,7.76%,-15.16,-0.15391977627084685
2023-05-22,949978.2249865368,3.27%,7.76%,-15.16,-0.15391977627084685
2023-05-23,948376.0140258116,3.27%,7.76%,-15.16,-0.15391977627084685
2023-05-24,945935.49033649,3.27%,7.76%,-15.16,-0.15391977627084685
2023-05-25,940652.1627608716,3.27%,7.76%,-15.16,-0.15391977627084685
2023-05-26,938570.6036842609,3.27%,7.76%,-15.16,-0.15391977627084685
2023-05-30,941782.7276119365,3.27%,7.76%,-15.16,-0.15391977627084685
2023-05-31,945179.2359543056,3.27%,7.76%,-15.16,-0.15391977627084685
2023-06-01,945173.4923736689,3.27%,7.76%,-15.16,-0.15391977627084685
2023-06-02,950395.8366162449,3.27%,7.76%,-15.16,-0.15391977627084685
2023-06-05,947743.7822698512,3.27%,7.76%,-15.16,-0.15391977627084685
2023-06-06,949451.589261483,3.27%,7.76%,-15.16,-0.15391977627084685
2023-06-07,949756.5231884317,3.27%,7.76%,-15.16,-0.15391977627084685
2023-06-08,944981.1398099449,3.27%,7.76%,-15.16,-0.15391977627084685
2023-06-09,952296.0801360114,3.27%,7.76%,-15.16,-0.15391977627084685
2023-06-12,950614.7841270666,3.27%,7.76%,-15.16,-0.15391977627084685
2023-06-13,952552.7239730208,3.27%,7.76%,-15.16,-0.15391977627084685
2023-06-14,950856.9295539189,3.27%,7.76%,-15.16,-0.15391977627084685
2023-06-15,951770.3927263521,3.27%,7.76%,-15.16,-0.15391977627084685
2023-06-16,956319.2788778552,3.27%,7.76%,-15.16,-0.15391977627084685
2023-06-20,952111.0221773636,3.27%,7.76%,-15.16,-0.15391977627084685
2023-06-21,949008.2717500296,3.27%,7.76%,-15.16,-0.15391977627084685
2023-06-22,946980.2906602664,3.27%,7.76%,-15.16,-0.15391977627084685
2023-06-23,943059.7740055199,3.27%,7.76%,-15.16,-0.15391977627084685
2023-06-26,941079.1517817631,3.27%,7.76%,-15.16,-0.15391977627084685
2023-06-27,941318.9880431611,3.27%,7.76%,-15.16,-0.15391977627084685
2023-06-28,941491.2716838685,3.27%,7.76%,-15.16,-0.15391977627084685
2023-06-29,940708.6740864649,3.27%,7.76%,-15.16,-0.15391977627084685
2023-06-30,940220.8290192969,3.27%,7.76%,-15.16,-0.15391977627084685
2023-07-03,945562.0689684598,3.27%,7.76%,-15.16,-0.15391977627084685
2023-07-05,945055.2700889269,3.27%,7.76%,-15.16,-0.15391977627084685
2023-07-06,943811.3496326696,3.27%,7.76%,-15.16,-0.15391977627084685
2023-07-07,942031.3679158051,3.27%,7.76%,-15.16,-0.15391977627084685
2023-07-10,946857.4407788037,3.27%,7.76%,-15.16,-0.15391977627084685
2023-07-11,949402.8769184364,3.27%,7.76%,-15.16,-0.15391977627084685
2023-07-12,953179.2398272405,3.27%,7.76%,-15.16,-0.15391977627084685
2023-07-13,962301.4857259804,3.27%,7.76%,-15.16,-0.15391977627084685
2023-07-14,965744.9112982702,3.27%,7.76%,-15.16,-0.15391977627084685
2023-07-17,962482.3716332203,3.27%,7.76%,-15.16,-0.15391977627084685
2023-07-18,964298.4828091548,3.27%,7.76%,-15.16,-0.15391977627084685
2023-07-19,968312.8007178651,3.27%,7.76%,-15.16,-0.15391977627084685
2023-07-20,967461.694863086,3.27%,7.76%,-15.16,-0.15391977627084685
2023-07-21,963643.9795583198,3.27%,7.76%,-15.16,-0.15391977627084685
2023-07-24,959994.4122870605,3.27%,7.76%,-15.16,-0.15391977627084685
2023-07-25,960145.9751695871,3.27%,7.76%,-15.16,-0.15391977627084685
2023-07-26,963022.2140309518,3.27%,7.76%,-15.16,-0.15391977627084685
2023-07-27,966006.0767573905,3.27%,7.76%,-15.16,-0.15391977627084685
2023-07-28,961928.2691674645,3.27%,7.76%,-15.16,-0.15391977627084685
2023-07-31,963251.5670893034,3.27%,7.76%,-15.16,-0.15391977627084685
2023-08-01,962298.0063107926,3.27%,7.76%,-15.16,-0.15391977627084685
2023-08-02,957255.6628700721,3.27%,7.76%,-15.16,-0.15391977627084685
2023-08-03,952793.8996385138,3.27%,7.76%,-15.16,-0.15391977627084685
2023-08-04,953479.8475158946,3.27%,7.76%,-15.16,-0.15391977627084685
2023-08-07,954943.0383983029,3.27%,7.76%,-15.16,-0.15391977627084685
2023-08-08,955442.2063620536,3.27%,7.76%,-15.16,-0.15391977627084685
2023-08-09,951541.2570721081,3.27%,7.76%,-15.16,-0.15391977627084685
2023-08-10,948085.0605968722,3.27%,7.76%,-15.16,-0.15391977627084685
2023-08-11,946076.5328961994,3.27%,7.76%,-15.16,-0.15391977627084685
2023-08-14,945631.3911567732,3.27%,7.76%,-15.16,-0.15391977627084685
2023-08-15,945128.8320204115,3.27%,7.76%,-15.16,-0.15391977627084685
2023-08-16,941873.7645831843,3.27%,7.76%,-15.16,-0.15391977627084685
2023-08-17,937085.4094876122,3.27%,7.76%,-15.16,-0.15391977627084685
2023-08-18,936196.8721701513,3.27%,7.76%,-15.16,-0.15391977627084685
2023-08-21,937243.8444971333,3.27%,7.76%,-15.16,-0.15391977627084685
2023-08-22,937611.3548368746,3.27%,7.76%,-15.16,-0.15391977627084685
2023-08-23,937763.6113209664,3.27%,7.76%,-15.16,-0.15391977627084685
2023-08-24,944995.9955167777,3.27%,7.76%,-15.16,-0.15391977627084685
2023-08-25,939903.4352426082,3.27%,7.76%,-15.16,-0.15391977627084685
2023-08-28,940336.9308645342,3.27%,7.76%,-15.16,-0.15391977627084685
2023-08-29,942240.9907912005,3.27%,7.76%,-15.16,-0.15391977627084685
2023-08-30,949584.6872230336,3.27%,7.76%,-15.16,-0.15391977627084685
2023-08-31,950523.1889853111,3.27%,7.76%,-15.16,-0.15391977627084685
2023-09-01,951360.1760805835,3.27%,7.76%,-15.16,-0.15391977627084685
2023-09-05,950677.2399188082,3.27%,7.76%,-15.16,-0.15391977627084685
2023-09-06,944839.1669204264,3.27%,7.76%,-15.16,-0.15391977627084685
2023-09-07,941917.4468843648,3.27%,7.76%,-15.16,-0.15391977627084685
2023-09-08,942519.2557938315,3.27%,7.76%,-15.16,-0.15391977627084685
2023-09-11,942127.6536024258,3.27%,7.76%,-15.16,-0.15391977627084685
2023-09-12,946080.7289568558,3.27%,7.76%,-15.16,-0.15391977627084685
2023-09-13,942551.6847075815,3.27%,7.76%,-15.16,-0.15391977627084685
2023-09-14,941889.2256744789,3.27%,7.76%,-15.16,-0.15391977627084685
2023-09-15,943906.4460810998,3.27%,7.76%,-15.16,-0.15391977627084685
2023-09-18,941868.2862338542,3.27%,7.76%,-15.16,-0.15391977627084685
2023-09-19,943550.9888589401,3.27%,7.76%,-15.16,-0.15391977627084685
2023-09-20,942475.7249219912,3.27%,7.76%,-15.16,-0.15391977627084685
2023-09-21,939809.6945556558,3.27%,7.76%,-15.16,-0.15391977627084685
2023-09-22,935314.1471812184,3.27%,7.76%,-15.16,-0.15391977627084685
2023-09-25,934468.272087864,3.27%,7.76%,-15.16,-0.15391977627084685
2023-09-26,933451.6365613508,3.27%,7.76%,-15.16,-0.15391977627084685
2023-09-27,927888.2320551467,3.27%,7.76%,-15.16,-0.15391977627084685
2023-09-28,924121.3088432465,3.27%,7.76%,-15.16,-0.15391977627084685
2023-09-29,925227.0099090913,3.27%,7.76%,-15.16,-0.15391977627084685
2023-10-02,922094.5053910556,3.27%,7.76%,-15.16,-0.15391977627084685
2023-10-03,918758.4435514556,3.27%,7.76%,-15.16,-0.15391977627084685
2023-10-04,916441.8405379489,3.27%,7.76%,-15.16,-0.15391977627084685
2023-10-05,918044.4865394637,3.27%,7.76%,-15.16,-0.15391977627084685
2023-10-06,918722.1970383456,3.27%,7.76%,-15.16,-0.15391977627084685
2023-10-09,921185.9002504542,3.27%,7.76%,-15.16,-0.15391977627084685
2023-10-10,928836.6611654842,3.27%,7.76%,-15.16,-0.15391977627084685
2023-10-11,929141.179288662,3.27%,7.76%,-15.16,-0.15391977627084685
2023-10-12,930988.0409543264,3.27%,7.76%,-15.16,-0.15391977627084685
2023-10-13,927637.4982294731,3.27%,7.76%,-15.16,-0.15391977627084685
2023-10-16,934230.7453325422,3.27%,7.76%,-15.16,-0.15391977627084685
2023-10-17,935633.4333393051,3.27%,7.76%,-15.16,-0.15391977627084685
2023-10-18,935046.3625397399,3.27%,7.76%,-15.16,-0.15391977627084685
2023-10-19,935238.787608574,3.27%,7.76%,-15.16,-0.15391977627084685
2023-10-20,936561.5754166903,3.27%,7.76%,-15.16,-0.15391977627084685
2023-10-23,934587.2434225768,3.27%,7.76%,-15.16,-0.15391977627084685
2023-10-24,933876.7664921504,3.27%,7.76%,-15.16,-0.15391977627084685
2023-10-25,935102.4560673193,3.27%,7.76%,-15.16,-0.15391977627084685
2023-10-26,932207.2725268413,3.27%,7.76%,-15.16,-0.15391977627084685
2023-10-27,929680.6844488488,3.27%,7.76%,-15.16,-0.15391977627084685
2023-10-30,932828.7215664228,3.27%,7.76%,-15.16,-0.15391977627084685
2023-10-31,935078.9749054572,3.27%,7.76%,-15.16,-0.15391977627084685
2023-11-01,931247.0081616828,3.27%,7.76%,-15.16,-0.15391977627084685
2023-11-02,934616.7497319151,3.27%,7.76%,-15.16,-0.15391977627084685
2023-11-03,940583.1741658681,3.27%,7.76%,-15.16,-0.15391977627084685
2023-11-06,945746.1622119141,3.27%,7.76%,-15.16,-0.15391977627084685
2023-11-07,943135.8429982085,3.27%,7.76%,-15.16,-0.15391977627084685
2023-11-08,942280.7063166371,3.27%,7.76%,-15.16,-0.15391977627084685
2023-11-09,939016.6104483128,3.27%,7.76%,-15.16,-0.15391977627084685
2023-11-10,937353.3859043493,3.27%,7.76%,-15.16,-0.15391977627084685
2023-11-13,938053.0958868131,3.27%,7.76%,-15.16,-0.15391977627084685
2023-11-14,939222.855005628,3.27%,7.76%,-15.16,-0.15391977627084685
2023-11-15,949024.0334439479,3.27%,7.76%,-15.16,-0.15391977627084685
2023-11-16,946390.7437387303,3.27%,7.76%,-15.16,-0.15391977627084685
2023-11-17,950955.3300141655,3.27%,7.76%,-15.16,-0.15391977627084685
2023-11-20,952709.9109641761,3.27%,7.76%,-15.16,-0.15391977627084685
2023-11-21,956411.3018437682,3.27%,7.76%,-15.16,-0.15391977627084685
2023-11-22,958542.6081497564,3.27%,7.76%,-15.16,-0.15391977627084685
2023-11-24,956522.7270974218,3.27%,7.76%,-15.16,-0.15391977627084685
2023-11-27,957930.0245738755,3.27%,7.76%,-15.16,-0.15391977627084685
2023-11-28,960872.0994268679,3.27%,7.76%,-15.16,-0.15391977627084685
2023-11-29,966677.2659973326,3.27%,7.76%,-15.16,-0.15391977627084685
2023-11-30,967339.0261434403,3.27%,7.76%,-15.16,-0.15391977627084685
2023-12-01,965714.7069761361,3.27%,7.76%,-15.16,-0.15391977627084685
2023-12-04,974290.4188089427,3.27%,7.76%,-15.16,-0.15391977627084685
2023-12-05,966657.2504803307,3.27%,7.76%,-15.16,-0.15391977627084685
2023-12-06,966107.7266021457,3.27%,7.76%,-15.16,-0.15391977627084685
2023-12-07,965735.9296234561,3.27%,7.76%,-15.16,-0.15391977627084685
2023-12-08,974401.7869293002,3.27%,7.76%,-15.16,-0.15391977627084685
2023-12-11,969249.765757079,3.27%,7.76%,-15.16,-0.15391977627084685
2023-12-12,965644.2198112513,3.27%,7.76%,-15.16,-0.15391977627084685
2023-12-13,967900.188252729,3.27%,7.76%,-15.16,-0.15391977627084685
2023-12-14,982427.0707556712,3.27%,7.76%,-15.16,-0.15391977627084685
2023-12-15,986928.1442185503,3.27%,7.76%,-15.16,-0.15391977627084685
2023-12-18,983046.6788742869,3.27%,7.76%,-15.16,-0.15391977627084685
2023-12-19,984310.480728406,3.27%,7.76%,-15.16,-0.15391977627084685
2023-12-20,985868.0068232348,3.27%,7.76%,-15.16,-0.15391977627084685
2023-12-21,981671.5521068824,3.27%,7.76%,-15.16,-0.15391977627084685
2023-12-22,988674.4239008774,3.27%,7.76%,-15.16,-0.15391977627084685
2023-12-26,989827.1623230053,3.27%,7.76%,-15.16,-0.15391977627084685
2023-12-27,992637.1269931525,3.27%,7.76%,-15.16,-0.15391977627084685
2023-12-28,995811.2209660284,3.27%,7.76%,-15.16,-0.15391977627084685
2023-12-29,995226.1147946514,3.27%,7.76%,-15.16,-0.15391977627084685
2024-01-02,994881.7589148645,3.27%,7.76%,-15.16,-0.15391977627084685
2024-01-03,990711.4345292163,3.27%,7.76%,-15.16,-0.15391977627084685
2024-01-04,984408.9339690652,3.27%,7.76%,-15.16,-0.15391977627084685
2024-01-05,981165.2451612538,3.27%,7.76%,-15.16,-0.15391977627084685
2024-01-08,981518.4932413903,3.27%,7.76%,-15.16,-0.15391977627084685
2024-01-09,984271.0654872808,3.27%,7.76%,-15.16,-0.15391977627084685
2024-01-10,983309.2612242271,3.27%,7.76%,-15.16,-0.15391977627084685
2024-01-11,981989.7768210724,3.27%,7.76%,-15.16,-0.15391977627084685
2024-01-12,983591.7759447424,3.27%,7.76%,-15.16,-0.15391977627084685
2024-01-16,987682.4914338959,3.27%,7.76%,-15.16,-0.15391977627084685
2024-01-17,979991.0075442455,3.27%,7.76%,-15.16,-0.15391977627084685
2024-01-18,973935.0727200995,3.27%,7.76%,-15.16,-0.15391977627084685
2024-01-19,978262.58123162,3.27%,7.76%,-15.16,-0.15391977627084685
2024-01-22,981941.7497071349,3.27%,7.76%,-15.16,-0.15391977627084685
2024-01-23,981849.2862262357,3.27%,7.76%,-15.16,-0.15391977627084685
2024-01-24,983139.4918590165,3.27%,7.76%,-15.16,-0.15391977627084685
2024-01-25,982597.8782738996,3.27%,7.76%,-15.16,-0.15391977627084685
2024-01-26,985084.8678594546,3.27%,7.76%,-15.16,-0.15391977627084685
2024-01-29,983941.3544901754,3.27%,7.76%,-15.16,-0.15391977627084685
2024-01-30,988689.5886521507,3.27%,7.76%,-15.16,-0.15391977627084685
2024-01-31,988531.9662569355,3.27%,7.76%,-15.16,-0.15391977627084685
2024-02-01,985514.4722859049,3.27%,7.76%,-15.16,-0.15391977627084685
2024-02-02,993153.3279069617,3.27%,7.76%,-15.16,-0.15391977627084685
2024-02-05,989110.3930341875,3.27%,7.76%,-15.16,-0.15391977627084685
2024-02-06,985611.9735701736,3.27%,7.76%,-15.16,-0.15391977627084685
2024-02-07,989311.3063728494,3.27%,7.76%,-15.16,-0.15391977627084685
2024-02-08,990783.5647003858,3.27%,7.76%,-15.16,-0.15391977627084685
2024-02-09,988549.6442176029,3.27%,7.76%,-15.16,-0.15391977627084685
2024-02-12,989128.6256910857,3.27%,7.76%,-15.16,-0.15391977627084685
2024-02-13,988324.723415357,3.27%,7.76%,-15.16,-0.15391977627084685
2024-02-14,978340.4339200674,3.27%,7.76%,-15.16,-0.15391977627084685
2024-02-15,981015.9824542414,3.27%,7.76%,-15.16,-0.15391977627084685
2024-02-16,985753.7442051491,3.27%,7.76%,-15.16,-0.15391977627084685
2024-02-20,984569.4051219507,3.27%,7.76%,-15.16,-0.15391977627084685
2024-02-21,985216.9231647062,3.27%,7.76%,-15.16,-0.15391977627084685
2024-02-22,984923.0804131558,3.27%,7.76%,-15.16,-0.15391977627084685
2024-02-23,989574.7341757154,3.27%,7.76%,-15.16,-0.15391977627084685
2024-02-26,991304.9964578609,3.27%,7.76%,-15.16,-0.15391977627084685
2024-02-27,989462.1297351979,3.27%,7.76%,-15.16,-0.15391977627084685
2024-02-28,989900.140797968,3.27%,7.76%,-15.16,-0.15391977627084685
2024-02-29,990021.9546243567,3.27%,7.76%,-15.16,-0.15391977627084685
2024-03-01,993464.8203801055,3.27%,7.76%,-15.16,-0.15391977627084685
2024-03-04,1000659.3517614324,3.27%,7.76%,-15.16,-0.15391977627084685
2024-03-05,1003624.7826061777,3.27%,7.76%,-15.16,-0.15391977627084685
2024-03-06,1003831.1038329923,3.27%,7.76%,-15.16,-0.15391977627084685
2024-03-07,1008159.8472740802,3.27%,7.76%,-15.16,-0.15391977627084685
2024-03-08,1014555.9791475118,3.27%,7.76%,-15.16,-0.15391977627084685
2024-03-11,1017044.7120764052,3.27%,7.76%,-15.16,-0.15391977627084685
2024-03-12,1017317.216291473,3.27%,7.76%,-15.16,-0.15391977627084685
2024-03-13,1015650.38947756,3.27%,7.76%,-15.16,-0.15391977627084685
2024-03-14,1016785.7533198257,3.27%,7.76%,-15.16,-0.15391977627084685
2024-03-15,1014111.8984603103,3.27%,7.76%,-15.16,-0.15391977627084685
2024-03-18,1010147.6119632535,3.27%,7.76%,-15.16,-0.15391977627084685
2024-03-19,1011962.1890618698,3.27%,7.76%,-15.16,-0.15391977627084685
2024-03-20,1010199.7866481257,3.27%,7.76%,-15.16,-0.15391977627084685
2024-03-21,1015493.8752218838,3.27%,7.76%,-15.16,-0.15391977627084685
2024-03-22,1015364.6153011763,3.27%,7.76%,-15.16,-0.15391977627084685
2024-03-25,1013490.8990143093,3.27%,7.76%,-15.16,-0.15391977627084685
2024-03-26,1013434.9064123482,3.27%,7.76%,-15.16,-0.15391977627084685
2024-03-27,1013641.2800631471,3.27%,7.76%,-15.16,-0.15391977627084685
2024-03-28,1018340.7281615798,3.27%,7.76%,-15.16,-0.15391977627084685
2024-04-01,1021337.4821783056,3.27%,7.76%,-15.16,-0.15391977627084685
2024-04-02,1022425.1053874042,3.27%,7.76%,-15.16,-0.15391977627084685
2024-04-03,1024827.0499436369,3.27%,7.76%,-15.16,-0.15391977627084685
2024-04-04,1027377.3224790395,3.27%,7.76%,-15.16,-0.15391977627084685
2024-04-05,1023736.2878305862,3.27%,7.76%,-15.16,-0.15391977627084685
2024-04-08,1029713.5466807251,3.27%,7.76%,-15.16,-0.15391977627084685
2024-04-09,1030828.6957005514,3.27%,7.76%,-15.16,-0.15391977627084685
2024-04-10,1032965.9608861019,3.27%,7.76%,-15.16,-0.15391977627084685
2024-04-11,1024816.4346368915,3.27%,7.76%,-15.16,-0.15391977627084685
2024-04-12,1031664.2302177009,3.27%,7.76%,-15.16,-0.15391977627084685
2024-04-15,1024720.4008196612,3.27%,7.76%,-15.16,-0.15391977627084685
2024-04-16,1024601.1627365754,3.27%,7.76%,-15.16,-0.15391977627084685
2024-04-17,1023521.5785671311,3.27%,7.76%,-15.16,-0.15391977627084685
2024-04-18,1020823.893413682,3.27%,7.76%,-15.16,-0.15391977627084685
2024-04-19,1020576.7638147256,3.27%,7.76%,-15.16,-0.15391977627084685
2024-04-22,1019296.7992069023,3.27%,7.76%,-15.16,-0.15391977627084685
2024-04-23,1015091.4697785146,3.27%,7.76%,-15.16,-0.15391977627084685
2024-04-24,1017740.2065782439,3.27%,7.76%,-15.16,-0.15391977627084685
2024-04-25,1016286.7774929326,3.27%,7.76%,-15.16,-0.15391977627084685
2024-04-26,1016052.7864274331,3.27%,7.76%,-15.16,-0.15391977627084685
2024-04-29,1015674.4351590561,3.27%,7.76%,-15.16,-0.15391977627084685
2024-04-30,1019256.9147561543,3.27%,7.76%,-15.16,-0.15391977627084685
2024-05-01,1006993.3231616422,3.27%,7.76%,-15.16,-0.15391977627084685
2024-05-02,1009218.7133442037,3.27%,7.76%,-15.16,-0.15391977627084685
2024-05-03,1018172.2315342207,3.27%,7.76%,-15.16,-0.15391977627084685
2024-05-06,1021953.5365299901,3.27%,7.76%,-15.16,-0.15391977627084685
2024-05-07,1025642.7566658958,3.27%,7.76%,-15.16,-0.15391977627084685
2024-05-08,1023711.2784378879,3.27%,7.76%,-15.16,-0.15391977627084685
2024-05-09,1021252.9868581783,3.27%,7.76%,-15.16,-0.15391977627084685
2024-05-10,1027229.9383222207,3.27%,7.76%,-15.16,-0.15391977627084685
2024-05-13,1028776.1104892693,3.27%,7.76%,-15.16,-0.15391977627084685
2024-05-14,1025429.7426538126,3.27%,7.76%,-15.16,-0.15391977627084685
2024-05-15,1028551.5730212493,3.27%,7.76%,-15.16,-0.15391977627084685
2024-05-16,1038163.1643136085,3.27%,7.76%,-15.16,-0.15391977627084685
2024-05-17,1035558.9936991094,3.27%,7.76%,-15.16,-0.15391977627084685
2024-05-20,1039739.0300200344,3.27%,7.76%,-15.16,-0.15391977627084685
2024-05-21,1039971.7560102011,3.27%,7.76%,-15.16,-0.15391977627084685
2024-05-22,1040530.6934531301,3.27%,7.76%,-15.16,-0.15391977627084685
2024-05-23,1033844.9702067919,3.27%,7.76%,-15.16,-0.15391977627084685
2024-05-24,1026325.0546636952,3.27%,7.76%,-15.16,-0.15391977627084685
2024-05-28,1028355.2510382505,3.27%,7.76%,-15.16,-0.15391977627084685
2024-05-29,1030624.266945611,3.27%,7.76%,-15.16,-0.15391977627084685
2024-05-30,1025365.1558286194,3.27%,7.76%,-15.16,-0.15391977627084685
2024-05-31,1025833.0129027545,3.27%,7.76%,-15.16,-0.15391977627084685
2024-06-03,1026359.4903393331,3.27%,7.76%,-15.16,-0.15391977627084685
2024-06-04,1030891.944039114,3.27%,7.76%,-15.16,-0.15391977627084685
2024-06-05,1031512.7058434337,3.27%,7.76%,-15.16,-0.15391977627084685
2024-06-06,1035729.3594167685,3.27%,7.76%,-15.16,-0.15391977627084685
2024-06-07,1038368.919268172,3.27%,7.76%,-15.16,-0.15391977627084685
2024-06-10,1026156.2324626321,3.27%,7.76%,-15.16,-0.15391977627084685
2024-06-11,1028897.5821242728,3.27%,7.76%,-15.16,-0.15391977627084685
2024-06-12,1030580.4170726171,3.27%,7.76%,-15.16,-0.15391977627084685
2024-06-13,1034124.1294937341,3.27%,7.76%,-15.16,-0.15391977627084685
2024-06-14,1032599.5942754205,3.27%,7.76%,-15.16,-0.15391977627084685
2024-06-17,1035608.0214600109,3.27%,7.76%,-15.16,-0.15391977627084685
2024-06-18,1035366.1869399252,3.27%,7.76%,-15.16,-0.15391977627084685
2024-06-20,1037277.9312471383,3.27%,7.76%,-15.16,-0.15391977627084685
2024-06-21,1037945.782632797,3.27%,7.76%,-15.16,-0.15391977627084685
2024-06-24,1032692.3653917001,3.27%,7.76%,-15.16,-0.15391977627084685
2024-06-25,1032772.905574783,3.27%,7.76%,-15.16,-0.15391977627084685
2024-06-26,1032517.6054732641,3.27%,7.76%,-15.16,-0.15391977627084685
2024-06-27,1028334.2818218132,3.27%,7.76%,-15.16,-0.15391977627084685
2024-06-28,1031887.8854761688,3.27%,7.76%,-15.16,-0.15391977627084685
2024-07-01,1030838.6942344425,3.27%,7.76%,-15.16,-0.15391977627084685
2024-07-02,1030698.6339141444,3.27%,7.76%,-15.16,-0.15391977627084685
2024-07-03,1032732.599905135,3.27%,7.76%,-15.16,-0.15391977627084685
2024-07-05,1037175.9990256876,3.27%,7.76%,-15.16,-0.15391977627084685
2024-07-08,1043776.7808419305,3.27%,7.76%,-15.16,-0.15391977627084685
2024-07-09,1040809.7275907682,3.27%,7.76%,-15.16,-0.15391977627084685
2024-07-10,1040626.4034635269,3.27%,7.76%,-15.16,-0.15391977627084685
2024-07-11,1043477.679064961,3.27%,7.76%,-15.16,-0.15391977627084685
2024-07-12,1051158.9081065196,3.27%,7.76%,-15.16,-0.15391977627084685
2024-07-15,1054797.1008977848,3.27%,7.76%,-15.16,-0.15391977627084685
2024-07-16,1056238.3306477934,3.27%,7.76%,-15.16,-0.15391977627084685
2024-07-17,1062306.108438161,3.27%,7.76%,-15.16,-0.15391977627084685
2024-07-18,1061247.1241199027,3.27%,7.76%,-15.16,-0.15391977627084685
2024-07-19,1055236.4828089692,3.27%,7.76%,-15.16,-0.15391977627084685
2024-07-22,1048354.3541958119,3.27%,7.76%,-15.16,-0.15391977627084685
2024-07-23,1052019.442406829,3.27%,7.76%,-15.16,-0.15391977627084685
2024-07-24,1055116.1165292673,3.27%,7.76%,-15.16,-0.15391977627084685
2024-07-25,1051093.42651939,3.27%,7.76%,-15.16,-0.15391977627084685
2024-07-26,1045689.1336192912,3.27%,7.76%,-15.16,-0.15391977627084685
2024-07-29,1052026.0617250716,3.27%,7.76%,-15.16,-0.15391977627084685
2024-07-30,1051362.1908615476,3.27%,7.76%,-15.16,-0.15391977627084685
2024-07-31,1053933.0857541887,3.27%,7.76%,-15.16,-0.15391977627084685
2024-08-01,1069518.1707778533,3.27%,7.76%,-15.16,-0.15391977627084685
2024-08-02,1065490.6448447518,3.27%,7.76%,-15.16,-0.15391977627084685
2024-08-05,1067425.9876585915,3.27%,7.76%,-15.16,-0.15391977627084685
2024-08-06,1061404.580527283,3.27%,7.76%,-15.16,-0.15391977627084685
2024-08-07,1059633.2141591595,3.27%,7.76%,-15.16,-0.15391977627084685
2024-08-08,1053583.5815570685,3.27%,7.76%,-15.16,-0.15391977627084685
2024-08-09,1063007.656374238,3.27%,7.76%,-15.16,-0.15391977627084685
2024-08-12,1065912.219796292,3.27%,7.76%,-15.16,-0.15391977627084685
2024-08-13,1069894.7015872856,3.27%,7.76%,-15.16,-0.15391977627084685
2024-08-14,1074901.0636327618,3.27%,7.76%,-15.16,-0.15391977627084685
2024-08-15,1072542.9698925016,3.27%,7.76%,-15.16,-0.15391977627084685
2024-08-16,1074382.223635325,3.27%,7.76%,-15.16,-0.15391977627084685
2024-08-19,1083628.7503797233,3.27%,7.76%,-15.16,-0.15391977627084685
2024-08-20,1087700.9861705522,3.27%,7.76%,-15.16,-0.15391977627084685
2024-08-21,1091240.1895680246,3.27%,7.76%,-15.16,-0.15391977627084685
2024-08-22,1092754.1410534247,3.27%,7.76%,-15.16,-0.15391977627084685
2024-08-23,1084448.562378538,3.27%,7.76%,-15.16,-0.15391977627084685
2024-08-26,1095074.3187121267,3.27%,7.76%,-15.16,-0.15391977627084685
2024-08-27,1094436.9292556348,3.27%,7.76%,-15.16,-0.15391977627084685
2024-08-28,1096873.5378637149,3.27%,7.76%,-15.16,-0.15391977627084685
2024-08-29,1091784.6149374319,3.27%,7.76%,-15.16,-0.15391977627084685
2024-08-30,1092676.5677256892,3.27%,7.76%,-15.16,-0.15391977627084685
2024-09-03,1091323.685990813,3.27%,7.76%,-15.16,-0.15391977627084685
2024-09-04,1085725.9183493035,3.27%,7.76%,-15.16,-0.15391977627084685
2024-09-05,1089475.2278964797,3.27%,7.76%,-15.16,-0.15391977627084685
2024-09-06,1091689.1131706028,3.27%,7.76%,-15.16,-0.15391977627084685
2024-09-09,1087475.7681734893,3.27%,7.76%,-15.16,-0.15391977627084685
2024-09-10,1090774.0727086992,3.27%,7.76%,-15.16,-0.15391977627084685
2024-09-11,1094822.292797962,3.27%,7.76%,-15.16,-0.15391977627084685
2024-09-12,1096795.7699141633,3.27%,7.76%,-15.16,-0.15391977627084685
2024-09-13,1104884.3812088051,3.27%,7.76%,-15.16,-0.15391977627084685
2024-09-16,1111380.8154558626,3.27%,7.76%,-15.16,-0.15391977627084685
2024-09-17,1112443.2027829497,3.27%,7.76%,-15.16,-0.15391977627084685
2024-09-18,1107686.5931615923,3.27%,7.76%,-15.16,-0.15391977627084685
2024-09-19,1104118.7032516743,3.27%,7.76%,-15.16,-0.15391977627084685
2024-09-20,1113053.3448091666,3.27%,7.76%,-15.16,-0.15391977627084685
2024-09-23,1113632.6815411248,3.27%,7.76%,-15.16,-0.15391977627084685
2024-09-24,1115736.0849864928,3.27%,7.76%,-15.16,-0.15391977627084685
2024-09-25,1121088.7986912287,3.27%,7.76%,-15.16,-0.15391977627084685
2024-09-26,1117152.8816523731,3.27%,7.76%,-15.16,-0.15391977627084685
2024-09-27,1119630.9471890284,3.27%,7.76%,-15.16,-0.15391977627084685
2024-09-30,1122302.8332703414,3.27%,7.76%,-15.16,-0.15391977627084685
2024-10-01,1117671.482019747,3.27%,7.76%,-15.16,-0.15391977627084685
2024-10-02,1118582.734949536,3.27%,7.76%,-15.16,-0.15391977627084685
2024-10-03,1113129.4678474586,3.27%,7.76%,-15.16,-0.15391977627084685
2024-10-04,1111176.7062176955,3.27%,7.76%,-15.16,-0.15391977627084685
2024-10-07,1108673.5349507635,3.27%,7.76%,-15.16,-0.15391977627084685
2024-10-08,1106153.9161667016,3.27%,7.76%,-15.16,-0.15391977627084685
2024-10-09,1106610.870718866,3.27%,7.76%,-15.16,-0.15391977627084685
2024-10-10,1104709.4143328872,3.27%,7.76%,-15.16,-0.15391977627084685
2024-10-11,1107783.7904035915,3.27%,7.76%,-15.16,-0.15391977627084685
2024-10-14,1111763.5380971152,3.27%,7.76%,-15.16,-0.15391977627084685
2024-10-15,1112282.0519579537,3.27%,7.76%,-15.16,-0.15391977627084685
2024-10-16,1112122.6716339842,3.27%,7.76%,-15.16,-0.15391977627084685
2024-10-17,1114081.1687337395,3.27%,7.76%,-15.16,-0.15391977627084685
2024-10-18,1114543.4617622676,3.27%,7.76%,-15.16,-0.15391977627084685
2024-10-21,1120351.6083513522,3.27%,7.76%,-15.16,-0.15391977627084685
2024-10-22,1116936.308570768,3.27%,7.76%,-15.16,-0.15391977627084685
2024-10-23,1119310.4163551254,3.27%,7.76%,-15.16,-0.15391977627084685
2024-10-24,1110374.585533633,3.27%,7.76%,-15.16,-0.15391977627084685
2024-10-25,1114621.085327782,3.27%,7.76%,-15.16,-0.15391977627084685
2024-10-28,1114217.8791682296,3.27%,7.76%,-15.16,-0.15391977627084685
2024-10-29,1113301.6261033653,3.27%,7.76%,-15.16,-0.15391977627084685
2024-10-30,1116470.4225045175,3.27%,7.76%,-15.16,-0.15391977627084685
2024-10-31,1117111.099964196,3.27%,7.76%,-15.16,-0.15391977627084685
2024-11-01,1109879.8743080113,3.27%,7.76%,-15.16,-0.15391977627084685
2024-11-04,1107858.7090706103,3.27%,7.76%,-15.16,-0.15391977627084685
2024-11-05,1109419.7215449263,3.27%,7.76%,-15.16,-0.15391977627084685
2024-11-06,1114701.8891479631,3.27%,7.76%,-15.16,-0.15391977627084685
2024-11-07,1107158.9542536682,3.27%,7.76%,-15.16,-0.15391977627084685
2024-11-08,1117417.4296082978,3.27%,7.76%,-15.16,-0.15391977627084685
2024-11-11,1116994.5332793477,3.27%,7.76%,-15.16,-0.15391977627084685
2024-11-12,1108288.3036292063,3.27%,7.76%,-15.16,-0.15391977627084685
2024-11-13,1103105.321684392,3.27%,7.76%,-15.16,-0.15391977627084685
2024-11-14,1099154.226488927,3.27%,7.76%,-15.16,-0.15391977627084685
2024-11-15,1094832.8882650335,3.27%,7.76%,-15.16,-0.15391977627084685
2024-11-18,1094852.1298010403,3.27%,7.76%,-15.16,-0.15391977627084685
2024-11-19,1100922.4706295321,3.27%,7.76%,-15.16,-0.15391977627084685
2024-11-20,1104164.1033169327,3.27%,7.76%,-15.16,-0.15391977627084685
2024-11-21,1104382.6210099792,3.27%,7.76%,-15.16,-0.15391977627084685
2024-11-22,1109633.8506261047,3.27%,7.76%,-15.16,-0.15391977627084685
2024-11-25,1113525.3627827908,3.27%,7.76%,-15.16,-0.15391977627084685
2024-11-26,1108212.7343107825,3.27%,7.76%,-15.16,-0.15391977627084685
2024-11-27,1112045.867056238,3.27%,7.76%,-15.16,-0.15391977627084685
2024-11-29,1115677.7434438788,3.27%,7.76%,-15.16,-0.15391977627084685
2024-12-02,1122801.968867414,3.27%,7.76%,-15.16,-0.15391977627084685
2024-12-03,1121058.0897196364,3.27%,7.76%,-15.16,-0.15391977627084685
2024-12-04,1121740.9962285943,3.27%,7.76%,-15.16,-0.15391977627084685
2024-12-05,1122642.090928546,3.27%,7.76%,-15.16,-0.15391977627084685
2024-12-06,1120928.1450929458,3.27%,7.76%,-15.16,-0.15391977627084685
2024-12-09,1122063.9617438512,3.27%,7.76%,-15.16,-0.15391977627084685
2024-12-10,1121111.4136882096,3.27%,7.76%,-15.16,-0.15391977627084685
2024-12-11,1122610.1586677989,3.27%,7.76%,-15.16,-0.15391977627084685
2024-12-12,1126047.8518380437,3.27%,7.76%,-15.16,-0.15391977627084685
2024-12-13,1120285.7766538546,3.27%,7.76%,-15.16,-0.15391977627084685
2024-12-16,1114761.9073721955,3.27%,7.76%,-15.16,-0.15391977627084685
2024-12-17,1115916.4888141253,3.27%,7.76%,-15.16,-0.15391977627084685
2024-12-18,1114848.072076169,3.27%,7.76%,-15.16,-0.15391977627084685
2024-12-19,1098597.6802053873,3.27%,7.76%,-15.16,-0.15391977627084685
2024-12-20,1094512.1501681341,3.27%,7.76%,-15.16,-0.15391977627084685
2024-12-23,1102459.7476250797,3.27%,7.76%,-15.16,-0.15391977627084685
2024-12-24,1101290.1260464888,3.27%,7.76%,-15.16,-0.15391977627084685
2024-12-26,1104658.5673695765,3.27%,7.76%,-15.16,-0.15391977627084685
2024-12-27,1105338.0772056535,3.27%,7.76%,-15.16,-0.15391977627084685
2024-12-30,1100882.1396986526,3.27%,7.76%,-15.16,-0.15391977627084685
