date,portfolio_value,portfolio_value_MACD,portfolio_value_Signal,portfolio_value_RSI,portfolio_value_ATR,portfolio_value_ADX
2022-01-03,1000956.5331581971,76.30463940033223,15.260927880066447,,,
2022-01-04,997679.8373867085,-126.17092847498134,-13.025443390943112,,,
2022-01-05,998137.7383454236,-246.84007550554816,-59.78836981386412,,,
2022-01-06,992274.4486102645,-806.2952541832346,-209.08974668773823,,,
2022-01-07,989230.3814008776,-1478.2578609707998,-462.9233695443506,,,
2022-01-10,990083.8320302174,-1919.7965156751452,-754.2979987705096,,,
2022-01-11,991053.6696720312,-2166.487370404997,-1036.7358730974072,,,
2022-01-12,996386.7912012283,-1909.6401702670846,-1211.3167325313427,,,
2022-01-13,999068.3604406058,-1472.7299724847544,-1263.599380522025,,,
2022-01-14,995780.0415398453,-1375.954203086556,-1286.0703450349313,,,
2022-01-18,994692.4465345381,-1371.2120570801198,-1303.098687443969,,,
2022-01-19,988711.5339185557,-1828.9801906055072,-1408.2749880762767,,,
2022-01-20,990790.1126707689,-2000.9748085401952,-1526.8149521690605,37.162800496933045,10109.922662912852,
2022-01-21,987552.4552216425,-2371.1999631652143,-1695.6919543682914,34.08630169527274,10101.031559499746,
2022-01-24,983365.7652543002,-2968.221150501049,-1950.197793594843,29.226619499477465,10088.466725282671,
2022-01-25,985220.2867592234,-3254.2078735138057,-2210.999809578636,34.77479411532725,10079.567046263039,
2022-01-26,983064.320551574,-3613.1724636809668,-2491.4343403991024,32.31466159607889,10068.800319267437,
2022-01-27,976401.2220468349,-4384.765998079674,-2870.100671935217,31.719353051953462,10120.260507607642,
2022-01-28,970206.0900675307,-5433.520566136111,-3382.7846507753957,29.57296362172842,10202.678980152863,
2022-01-31,975800.8756417978,-5746.9662295875605,-3855.6209665378287,36.0811020939112,10243.60409673671,
2022-02-01,981849.8332539364,-5444.512894519139,-4173.399352134091,41.838675625279436,10318.437674000128,
2022-02-02,984626.9048136632,-4923.969525874476,-4323.513386882168,39.077002013677344,10284.95292849537,
2022-02-03,988600.9397451028,-4143.005757894134,-4287.411861084562,40.50545160539148,10277.476199427154,
2022-02-04,981090.8163246304,-4083.023981674807,-4246.5342852026115,37.62389901928197,10453.0317056198,
2022-02-07,981650.0704237182,-3944.886662126635,-4186.204760587417,38.91270893759026,10443.7157226835,
2022-02-08,982948.1566703889,-3688.1524044884136,-4086.5942893676165,44.67674498464444,10365.502242764118,27.03065111653405
2022-02-09,984615.7013033616,-3311.953600523295,-3931.6661515987525,44.25346672953628,10361.091948930258,26.01583902015205
2022-02-10,989026.1842589246,-2627.6344887049636,-3670.859819019995,51.34229795463059,10362.144612528316,24.002041877734506
2022-02-11,981079.5848873991,-2695.4592428299366,-3475.7797037819832,48.05118515293391,10577.740301344003,21.306762359789868
2022-02-14,983283.536554883,-2542.0670027257875,-3289.0371635707443,48.358827818971456,10576.356908340906,19.362956689287387
2022-02-15,982545.5656908846,-2451.787943331059,-3121.587319522808,49.54959103690869,10575.986369154698,16.896412481355334
2022-02-16,984351.8000771635,-2209.02880964824,-2939.0756175478946,57.538918506266086,10454.444468140295,15.427752881299819
2022-02-17,987782.8643792821,-1719.955654489575,-2695.2516249362307,67.58867775766761,10370.992054865355,15.083327256804763
2022-02-18,987276.3424211685,-1357.5843568843557,-2427.718171325856,62.78520974559656,10328.061588560755,14.987700853535435
2022-02-22,984981.9838136801,-1241.2299316442804,-2190.420523389541,53.80824330207532,10248.891092827087,14.436116873129592
2022-02-23,982681.0234747215,-1319.4763784341048,-2016.2316943984538,47.60637642464995,10247.501177584976,13.216040896479715
2022-02-24,979526.1263158014,-1617.41651462554,-1936.4686584438712,38.60750974865446,10241.01916799261,13.48773584263233
2022-02-25,980663.7034575548,-1741.6664047254017,-1897.5082077001773,49.36167024936964,10054.666277455466,11.808768394322627
2022-02-28,985286.6327679541,-1450.384448792087,-1808.0834559185594,54.846271222824285,10057.263821987053,10.986551635401435
2022-03-01,988922.3419359385,-915.6154106713366,-1629.589846869115,57.494561763887795,10061.531097176734,11.36695230498397
2022-03-02,990551.2560800724,-356.26058684883174,-1374.9239948650586,57.453324163046844,10065.770779160093,11.680937032215427
2022-03-03,990195.556058271,57.66539117996581,-1088.4061176560538,51.634872771181804,10066.606044731045,11.722719944667247
2022-03-04,990497.9297872477,405.4301968907239,-789.6388547466984,66.74720006312077,9856.104759153179,13.904096421339121
2022-03-07,994158.2431541249,965.2660232598428,-438.6578791453901,68.38463862246935,9863.872406724067,16.362530852130384
2022-03-08,989197.9288864182,997.1890678827185,-151.4884897397684,59.841394751466225,9869.647282097638,17.77411010628027
2022-03-09,992824.3226446487,1300.1209944646107,138.8334071011074,61.89358762409291,9875.699083931544,18.394983037330714
2022-03-10,991742.8445266046,1436.37287060963,398.34129980281193,55.95155651670382,9878.527641179639,16.736484624240923
2022-03-11,990609.3522783583,1436.3329603719758,605.9396319166448,54.916609242281666,9880.908362506207,15.61441394454064
2022-03-14,983240.3631235835,832.0936341880588,651.1704323709275,47.76543646864981,10054.863443381635,15.31845805181885
2022-03-15,975068.2145077743,-302.7050851280801,460.395328871126,41.511373648345945,10284.911975781708,16.190099303957307
2022-03-16,975771.8180010451,-1132.2148562389193,141.87329184911698,45.57169859007695,10282.230326985466,15.19366415635067
2022-03-17,981737.5026996002,-1293.3178649879992,-145.16493951830626,51.13706450852695,10358.497125376714,15.33631447657508
2022-03-18,985764.9127450107,-1083.524630442611,-332.8368777031672,50.51292800937137,10358.838753931757,14.717612536301742
2022-03-21,985396.7638206466,-936.1768579652999,-453.5048737555938,45.93405490127653,10356.3204838494,14.157431895837792
2022-03-22,985633.3693762979,-791.1902470781934,-521.0419484201137,44.14016273893411,10352.807707632426,13.859651844131374
2022-03-23,983790.1522784912,-815.6175968113821,-579.9570780983674,42.62902386037518,10348.232419218302,14.608460991781593
2022-03-24,983617.96157201,-839.1970571272541,-631.8050739041448,42.05912996851833,10343.31815620743,13.283918216708523
2022-03-25,986605.5546665896,-609.7809793782653,-627.4002549989689,41.1451676429864,10337.92337871633,11.857063464952123
2022-03-28,986346.3916896357,-443.76393680332694,-590.6729913598405,46.24264969594861,10334.863379056149,10.918091427229113
2022-03-29,980064.2233593527,-809.7780986056896,-634.4940128090103,34.286324696280644,10424.452394815686,11.397927266837524
2022-03-30,985167.6308870526,-680.203657938051,-643.6359418348185,42.632619444480426,10432.439340306339,11.530035876870457
2022-03-31,988000.3379883525,-344.9626760240644,-583.9012886726676,47.18389116864565,10430.575758670615,11.159001810882215
2022-04-01,984294.4300188874,-374.00627264683135,-541.9222854675004,51.23542894875846,10256.129567941758,11.087607294478326
2022-04-04,981312.2733134351,-630.3918901206926,-559.6162063981388,58.332085357471314,10025.103356855057,11.134652270556314
2022-04-05,984301.1374185961,-585.6519536544802,-564.8233558494071,60.72729364763712,10031.195727867589,12.10399196321111
2022-04-06,977530.426979051,-1084.038853837992,-668.6664554471241,44.813794712343636,10087.19503946669,12.6114004911667
2022-04-07,975610.2027044788,-1615.3394858126994,-858.0010615202392,36.795967901533956,10079.941675152031,14.355439052194296
2022-04-08,977648.5426942564,-1850.589617254329,-1056.5187726670572,40.344476093139974,10074.407231490328,15.155027157110903
2022-04-11,977327.5236386755,-2039.4214156409726,-1253.0993012618403,39.67131660849593,10068.474484534885,15.79445251222631
2022-04-12,972476.1580227049,-2551.1288120539393,-1512.7052034202602,36.90989224842902,10060.393060066463,16.613125165618673
2022-04-13,974186.327004538,-2786.542735911673,-1767.472709918543,39.46275469903153,10053.656178232557,16.984712949385912
2022-04-14,977575.0302104764,-2668.904469105182,-1947.7590617558708,40.000505814130754,10047.205803621046,17.148540719204522
2022-04-18,972793.121279346,-2927.785690824501,-2143.764387569597,36.35878528787147,10037.52489618513,18.56294615186884
2022-04-19,971620.2611755294,-3190.809269503574,-2353.1733639563927,40.52695094252217,9932.790122233373,17.66920072142972
2022-04-20,967661.9160110132,-3676.284801313188,-2617.795651427752,29.842938841502374,9907.602513517295,19.501292224109825
2022-04-21,971075.6376324416,-3742.428466961137,-2842.722214534429,30.76926365011967,9895.513441834508,21.851360200616686
2022-04-22,964981.262914731,-4237.762615910498,-3121.730294809643,29.18515098937941,9972.394636984183,24.583145584803123
2022-04-25,955495.376750108,-5334.2602031095885,-3564.2362764696322,25.596778344053106,10290.26894521557,26.817055085194827
2022-04-26,953978.4485726946,-6253.558734832797,-4102.100768142265,20.517306377735395,10268.609881754208,29.438998412574403
2022-04-27,949071.9215214934,-7293.945112947375,-4740.469637103288,21.289052419277397,10125.290173494806,32.81101693577397
2022-04-28,946186.7149572063,-8256.09969223442,-5443.595648129514,20.88245342736444,10104.273396532468,35.09397231486192
2022-04-29,948442.3710396772,-8735.899521937594,-6102.056422891131,21.221290851516926,10083.411845350622,37.83631993977526
2022-05-02,941250.9481182157,-9585.931421885034,-6798.831422689912,18.690635476215036,10235.154875755326,40.84600712737825
2022-05-03,937472.3068551769,-10444.099519215757,-7527.885041995081,19.04524770464866,10210.152124921384,43.40931501852327
2022-05-04,939217.5211991828,-10858.212986614439,-8193.950630918953,19.095394743797954,10185.174406488983,46.33096340146129
2022-05-05,951157.8048792015,-10106.419278772897,-8576.444360489742,29.718676779958912,10679.483149511116,47.80421752349316
2022-05-06,939661.5152370067,-10319.317179655889,-8925.018924322972,26.941133077019416,11141.387864195858,49.154514111667986
2022-05-09,937771.6753747903,-10519.274929417414,-9243.87012534186,26.674916294566557,11117.21030290962,51.1398337940218
2022-05-10,928053.1220272805,-11331.328420007136,-9661.361784274915,24.713017356604695,11451.65314559078,51.876003115578435
2022-05-11,926135.3156096786,-11991.40812349727,-10127.371052119386,20.75059661140878,11419.552915574517,53.314169643909906
2022-05-12,925214.2191143259,-12445.388145821053,-10590.97447085972,22.248846163346997,11300.471569778721,54.30987555642729
2022-05-13,924487.7527036525,-12717.194450819981,-11016.218466851773,25.347704368215474,10942.008318254633,54.34563186177832
2022-05-16,926407.8297279122,-12632.054278148105,-11339.38562911104,28.21987935894525,10922.315019079784,53.23962926629341
2022-05-17,928168.2623771819,-12280.9606064189,-11527.700624572613,32.62285420293901,10895.87187372,51.613066857209425
2022-05-18,930470.4113803443,-11682.286035935278,-11558.617706845147,36.80719707134484,10884.645942593666,49.32850312899033
2022-05-19,923482.8548046141,-11637.519463552744,-11574.398058186667,30.590097074588883,11036.113595404853,47.98366266038506
2022-05-20,926680.7009975024,-11214.72579215595,-11502.463604980525,37.91898609247568,10848.194263113588,45.224864073911114
2022-05-23,926921.1314518093,-10736.494408898521,-11349.269765764126,40.70610987768432,10840.657709254036,42.11803700981465
2022-05-24,932191.4006636349,-9819.038152595167,-11043.223443130335,44.172975804072344,10879.161352336316,38.52241424991808
2022-05-25,934511.2886467662,-8803.273233445594,-10595.233401193387,33.573176522040754,10354.092793911537,37.96975833911329
2022-05-26,934638.3901803498,-7896.984661820927,-10055.583653318896,43.609176485198425,9864.934699870364,35.58163943261665
2022-05-27,939343.9639597301,-6721.56197900977,-9388.779318457071,51.86665007806149,9866.69018882972,32.57981416235305
2022-05-31,945192.1345760889,-5257.527041838504,-8562.528863133359,72.40694645046842,9596.355355372061,32.223505341809364
2022-06-01,938050.1396248386,-4620.308075301466,-7774.08470556698,63.704950102927576,9779.990533463333,30.059416415834068
2022-06-02,934695.0110265372,-4336.054948958452,-7086.478754245275,60.32696594955509,9786.762527686344,27.629183504676597
2022-06-03,942662.2568007275,-3428.3720110168215,-6354.857405599585,67.0993437532008,10032.168208483306,26.60877303820519
2022-06-06,934356.5217257652,-3340.720404523774,-5752.030005384424,56.676260515466915,10297.413878934176,24.51513360161422
2022-06-07,931966.2676339996,-3424.6521457367344,-5286.554433454887,53.1566212447945,10300.1267398319,22.550646016049065
2022-06-08,934369.262320862,-3259.6913737095892,-4881.181821505827,53.23501383855603,10302.911633360849,21.196929783875028
2022-06-09,928597.7699225092,-3553.705075565842,-4615.6864723178305,54.33143440420288,10217.876661804572,19.10868503547448
2022-06-10,921969.7676445695,-4272.289153886377,-4547.00700863154,46.22970185095719,10358.66552653226,17.91958530171498
2022-06-13,917570.2087653647,-5137.55728363106,-4665.117063631444,42.983307693169984,10351.986296041936,17.593748227695333
2022-06-14,901601.7401834857,-7030.764197699027,-5138.246490444961,30.22176133029143,11105.218515159995,19.59184287607539
2022-06-15,897320.9718105127,-8775.409095195122,-5865.679011394994,26.548651066520407,11078.654003134097,20.599335240422505
2022-06-16,906816.5354494872,-9284.810601005447,-6549.505329317085,34.30997288525887,11413.172747021124,21.930698104594548
2022-06-17,905046.6125514846,-9719.294968064874,-7183.463257066643,29.99578241676167,11388.04221318797,24.456063563422756
2022-06-21,898578.1368371526,-10464.945512424922,-7839.759708138299,23.007313324158986,11415.701863850732,25.057317190727503
2022-06-22,900590.583247195,-10769.348982989322,-8425.677563108504,26.938331176202666,11213.820448357696,26.33282388328801
2022-06-23,902524.6323660092,-10730.830986255547,-8886.708247737914,29.84185252017474,11190.84160645731,27.673153194562758
2022-06-24,905612.6916814114,-10332.023482329329,-9175.771294656197,25.272526394290495,10931.953739215895,28.704356344810147
2022-06-27,912040.5002709493,-9389.063943821937,-9218.429824489345,34.72297796305071,10789.846125451715,29.865552685322054
2022-06-28,910337.1145937839,-8679.162719023763,-9110.57640339623,35.05262258382754,10774.39673042299,31.481814479461065
2022-06-29,904005.5450640592,-8529.146933088428,-8994.29050933467,30.097084515167225,10882.104204125586,33.79727468159235
2022-06-30,903231.6832989105,-8376.14750448335,-8870.661908364407,32.20721381187472,10783.378174484425,35.65364671329924
2022-07-01,901912.0142682726,-8266.09422805463,-8749.748372302452,34.79865348453376,10624.89739066443,37.289715715348464
2022-07-05,905540.1883261693,-7796.242656683666,-8559.047229178695,40.77483869342276,10616.304518922158,37.6057164303265
2022-07-06,900320.9303623661,-7755.630321164266,-8398.363847575809,48.823931154460226,9848.046328409193,34.942750646498745
2022-07-07,896728.0160621674,-7922.042534420965,-8303.09958494484,49.44856876619,9847.62278858895,31.663545100637467
2022-07-08,899689.5155817084,-7725.897810662398,-8187.659230088353,42.455161122945796,9488.140562845743,30.497267431514267
2022-07-11,899231.3809359095,-7520.725103557343,-8054.272404782151,43.667988295148305,9483.986825977485,28.53898913381298
2022-07-12,893414.6934034162,-7738.280248975381,-7991.073973620798,44.29674552096667,9435.586440334097,25.48774613009267
2022-07-13,891700.1126430881,-7957.319580266601,-7984.323094949959,40.11503286442656,9429.236104188303,23.5991894031355
2022-07-14,890474.0193153758,-8136.057902089786,-8014.670056377925,36.387086199268644,9420.628523437856,22.66101365064926
2022-07-15,884242.314098368,-8680.492525933776,-8147.834550289096,27.45994784674042,9534.684942772545,22.347050389000213
2022-07-18,888773.14602195,-8646.686992010917,-8247.605038633461,24.436178798503065,9390.876840115325,23.82257673952775
2022-07-19,887737.0121243323,-8604.317987271585,-8318.947628361086,24.799797864274367,9374.73390978001,25.293127674081422
2022-07-20,893824.9135192416,-7987.423436531099,-8252.642789995089,38.58608215340382,9353.693103170048,24.076637153358412
2022-07-21,892988.9852723257,-7479.7604613569565,-8098.066324267462,38.5324563463377,9346.376890293914,23.170403853895007
2022-07-22,900288.8515565153,-6414.453863135888,-7761.343832041148,48.39734198566427,9545.104775957447,21.224513276555903
2022-07-25,901913.6503689652,-5377.099171648966,-7284.494899962711,46.27178112341136,9542.5143917023,20.438237211243663
2022-07-26,900200.5182596843,-4639.739519838011,-6755.543823937772,49.866594784189274,9491.167432200995,20.322582723992717
2022-07-27,896735.1200843471,-4285.603584174416,-6261.555775985102,50.007892885834316,9491.172506502548,20.316360556251514
2022-07-28,905847.8333584461,-3232.367776997853,-5655.718176187653,56.019401357821664,9822.96231257928,20.16854384050013
2022-07-29,915573.5025510452,-1594.5100690938998,-4843.476554768902,63.52344596137158,10202.335376578923,21.264112303500813
2022-08-01,921235.1435661202,158.5237154419301,-3843.076500726736,73.08123025661328,10201.196500392873,23.80998889514139
2022-08-02,924839.719564544,1817.721219263738,-2710.9169567286413,76.65824666165383,10224.867648193904,26.266017993204617
2022-08-03,918530.8326224112,2593.674479361158,-1649.9986695106816,70.86344023729778,10367.496284771853,27.36435407575888
2022-08-04,921364.9959016455,3398.1446230304427,-640.3700110024566,79.07403497613639,10264.691511308758,28.34987089825461
2022-08-05,927172.3389157185,4452.966034457786,378.2971980895919,79.48424665691887,10369.584872377329,28.95960467244683
2022-08-08,919469.1497365499,4614.147592828027,1225.467277037279,72.1021426103253,10614.0966442779,28.572406502974733
2022-08-09,921272.720355074,4831.72114125872,1946.7180498815674,70.33144486768815,10518.075304352553,29.909979330249644
2022-08-10,920640.0164606624,4896.650292853825,2536.7044984760187,70.54383061910688,10537.826040915654,31.270090386254058
2022-08-11,929111.7743184175,5567.528171869228,3142.869233154661,71.04798816115735,10631.826482871023,34.113001683016755
2022-08-12,928051.4672237387,5945.114227113547,3703.318231946438,69.24585595744662,10650.496352053005,36.3957002746191
2022-08-15,933575.2261629042,6613.834906829521,4285.421566923055,73.26876675579663,10735.469915437521,39.731067660693114
2022-08-16,931998.2551592651,6936.591770626488,4815.655607663742,75.25026720721937,10760.657869062461,43.32794584685981
2022-08-17,930189.1314273119,6966.09691583144,5245.743869297281,69.46566898302937,10450.653502875457,45.24390806962872
2022-08-18,925502.0044840565,6535.925898329704,5503.780275103766,58.6357147879172,10094.30352146986,44.54722284020766
2022-08-19,924469.4913844344,6042.048119994346,5611.433844081883,53.059584846154586,10021.223391536905,41.69451856973792
2022-08-22,917825.2890227141,5056.229750620085,5500.393025389524,43.725419990049005,10163.004220907518,38.72189832757537
2022-08-23,910110.6757548403,3610.8333344353596,5122.481087198692,42.65274054856329,10260.406045293461,36.7266120493635
2022-08-24,912432.1621812696,2622.440947402385,4622.473059239431,42.13502083753789,10254.025449778901,33.63831893132214
2022-08-25,913085.4647756267,1870.2893873406574,4072.0363248596764,36.35908211686432,10160.28615971495,31.3186581267121
2022-08-26,918149.8990887572,1663.6834733842406,3590.365754564589,48.653712455768066,9971.332508338017,28.289170562271554
2022-08-29,905893.33624416,505.12187828379683,2973.3169793084307,37.065031205200626,10512.282674214262,27.169415337253998
2022-08-30,902373.2618758075,-689.1431031395914,2240.8249628188264,35.34820507700938,10499.23499236793,26.26537640974846
2022-08-31,897872.076158186,-1976.0362586161355,1397.452718531834,23.237947868954905,10204.465661586877,27.026796364893674
2022-09-01,894036.4298823444,-3267.7444308246486,464.41328866053766,22.18312074444799,10180.169206343026,28.196134765499867
2022-09-02,890484.3955716103,-4525.880414683837,-533.6454520083374,13.586820232246112,10088.255555324173,30.029159585952268
2022-09-06,890585.0356463661,-5451.994237502455,-1517.315209107161,14.1089403929533,10058.674684243535,31.505359452094588
2022-09-07,884050.0461714433,-6636.760703664855,-2541.2043080187,13.040721440076595,10176.770997922593,33.95794383078166
2022-09-08,889038.4575002947,-7091.427991904668,-3451.2490447958935,20.93152829595182,10185.268615828096,36.818577890240306
2022-09-09,888579.4291371239,-7403.452454773826,-4241.68972679148,21.124683025640948,10159.632857080016,40.4470978498797
2022-09-12,894999.0216202106,-7051.441993074492,-4803.640180048083,31.568532409440678,10135.437055962435,42.18805181626293
2022-09-13,898305.5901714172,-6431.520157252671,-5129.216175489,39.73719930508031,9901.00057418143,42.60528171622462
2022-09-14,882279.0789109479,-7151.000868970994,-5533.573114185399,28.830725713832663,10709.113790839396,44.51137879143736
2022-09-15,884094.4181098903,-7488.390312493197,-5924.53655384696,29.97330844451436,10688.40590036386,45.42668848956511
2022-09-16,876773.0790447966,-8251.427433693316,-6389.914729816231,22.281637668382174,10834.83594691696,49.20501364323257
2022-09-19,877265.530190336,-8715.931326913182,-6855.118049235622,27.233918767730515,10262.452073780189,50.61445082552831
2022-09-20,878357.1746221028,-8893.449279159191,-7262.7842952203355,30.134059389308646,10245.297725741826,51.3618879490399
2022-09-21,873802.8899338462,-9294.485207997379,-7669.124477775744,30.107610997260366,10240.494371421353,50.3759374146697
2022-09-22,870483.2065226322,-9767.585137092858,-8088.816609639167,30.36659327726632,10223.67064045012,49.20133204142595
2022-09-23,870507.3082178364,-10025.013320816797,-8476.055951874692,32.30693991219691,10209.40129234028,46.512565566432066
2022-09-26,861276.0189293411,-10848.856048220536,-8950.615971143861,27.65578106771008,10540.2455085316,44.56603095988249
2022-09-27,854215.3834945668,-11933.924760519294,-9547.277729018948,27.435890642583644,10567.13641185069,42.49733333950572
2022-09-28,853909.6712629338,-12672.437977971626,-10172.309778809484,21.406620281455332,10503.24306158472,42.429071707460096
2022-09-29,864494.7390440124,-12262.237080585095,-10590.295239164607,33.170321842175056,10933.36786050811,40.70041680972158
2022-09-30,859079.7848012857,-12233.07617942465,-10918.851427216616,24.543267597369052,10848.779687332779,41.708420175988344
2022-10-03,855321.9916820806,-12370.588016464375,-11209.198745066169,19.730204268856298,10818.077116983253,44.57811351060318
2022-10-04,866601.7556090035,-11437.539620926604,-11254.866920238255,38.16878287746077,10473.42469197924,43.23972532629109
2022-10-05,877538.8906162424,-9703.698460073792,-10944.633228205363,45.65144073467201,10936.559354780766,40.994577533116036
2022-10-06,874786.0797457305,-8454.28988827765,-10446.564560219822,48.5968971181745,10725.320521719314,37.22437088624571
2022-10-07,870966.1099420828,-7683.790280599846,-9894.009704295826,45.75137698810763,10720.820935827705,34.57192296373308
2022-10-10,861763.3445432705,-7726.681670722202,-9460.544097581102,39.912070643497806,11058.535962635393,33.17090539264721
2022-10-11,856394.6801573253,-8100.502207494923,-9188.535719563866,39.52074576518587,11110.488723264392,31.822111815858268
2022-10-12,854369.8070191991,-8462.596471455065,-9043.347869942107,40.14658239412795,11098.979152190515,30.420876394581576
2022-10-13,853717.4594841035,-8701.887832383509,-8975.055862430389,39.81121615447259,11086.986403094996,29.345868386168398
2022-10-14,856636.9597469755,-8557.305398096913,-8891.505769563693,46.95127651695772,10731.89356126125,26.582422692792534
2022-10-17,846889.5779482358,-9124.078330699587,-8938.020281790872,45.34980146147109,10921.187656706506,24.016375987322522
2022-10-18,852635.5418414852,-9005.785607428756,-8951.573346918449,49.2434718645634,11026.190863122756,20.028077661121362
2022-10-19,855533.8939538912,-8579.26851205388,-8877.112379945534,44.1449433958298,10572.462110497057,18.456750847522585
2022-10-20,849902.3281563356,-8596.57497090078,-8821.004898136584,44.02033506237123,10584.65670132593,15.665612175406123
2022-10-21,846934.4499312503,-8748.921314495266,-8806.58818140832,44.478172967516215,10578.665600075345,12.117583498197876
2022-10-24,860253.1297782905,-7706.119387182873,-8586.494422563232,45.92973602227848,10722.035085144178,11.007138412511782
2022-10-25,859960.0320500404,-6824.671321175527,-8234.129802285692,36.948430808401994,10241.661575157053,12.252560779640874
2022-10-26,865776.4279460079,-5592.318077518023,-7705.767457332158,43.6017753704319,10341.477092174206,12.966688796992816
2022-10-27,867903.2625053637,-4393.407017751946,-7043.295369416116,47.771317316094894,10339.289344005121,12.677946112558368
2022-10-28,867203.7542053717,-3459.823151350487,-6326.600925802991,54.51778390449018,9993.607588328337,11.951912849467421
2022-10-31,867893.8179308265,-2633.9067975654034,-5588.062100155474,60.35353136808831,9924.200473512365,12.002281317353559
2022-11-01,862453.2040391653,-2390.8143886919133,-4948.6125578627625,56.85635801652275,10010.57060505987,11.643509804232238
2022-11-02,864288.4716834162,-2026.7085082530975,-4364.231747940829,58.789970208461455,10018.121328059377,11.512525585877722
2022-11-03,857663.7436643402,-2246.812307057786,-3940.747859764221,50.80423161406187,10185.741123768526,11.26317842464085
2022-11-04,853732.2379809949,-2707.277989612543,-3694.053885733886,55.89676519660397,9796.847744577748,11.511877996036528
2022-11-07,865626.5876563737,-2088.3525190526852,-3372.913612397646,60.12254981640369,10240.6578168066,12.919805722916886
2022-11-08,866787.3785375183,-1487.0418092173059,-2995.739251761578,59.012697326098994,10248.696020080617,13.440665184549342
2022-11-09,874743.2511153491,-364.3265823771944,-2469.4567178847014,69.18052498837415,10423.589691157062,15.39212719987988
2022-11-10,868060.335405738,-13.664605621015653,-1978.2982954319643,65.42697013524987,10606.009183109014,16.874710440468917
2022-11-11,895986.3304072339,2488.9409843286267,-1084.850439479846,71.5058299069016,11662.150694366186,19.430042252296214
2022-11-14,903679.2859943823,5034.990926604834,139.1178337370901,74.16021130080871,11920.132958410466,21.077624909328684
2022-11-15,900479.4393012713,6717.1221602585865,1454.7186990413893,69.74875850583399,11838.66984107584,23.050079211505135
2022-11-16,904120.4946367255,8248.93740244233,2813.562439721578,70.26128234516852,11864.539292598243,25.6916054663189
2022-11-17,901500.4631076923,9146.06720066967,4080.0633919111965,68.7832500465095,11889.036941814187,27.72473908231614
2022-11-18,897649.6857806566,9437.533470050897,5151.557407539137,65.7510616503146,11910.29113313549,28.493786735858226
2022-11-21,896670.4204365666,9480.221961689414,6017.290318369192,69.010545396446,11854.135725457529,30.225573929906222
2022-11-22,891850.2148726826,9021.112820849288,6618.054818865212,64.8212818698392,11899.605148415621,31.08513767526509
2022-11-23,896566.9298667196,8934.869387284038,7081.417732548977,71.35841190626225,11777.212498842257,34.01488209403041
2022-11-25,902520.6710342015,9240.420187597047,7513.2182235585915,76.20370910272185,11914.999794759604,36.90651476295617
2022-11-28,903197.1812307306,9428.474531866377,7896.269485220149,72.9434037471724,11401.391880377221,38.73197919259876
2022-11-29,898033.306766224,9056.430547651136,8128.301697706347,68.19167152198573,11471.832395588846,40.03966878870027
2022-11-30,898874.6322317539,8728.850192052778,8248.411396575633,65.3185522991825,11233.20078765384,39.48987058387724
2022-12-01,910626.8684700805,9310.225166740594,8460.774150608626,75.3872304004703,11610.497444370778,40.90694010690254
2022-12-02,919988.1214099982,10406.385564717464,8849.896433430395,68.38659964753035,10293.0165081876,40.46311919092142
2022-12-05,920438.4307575016,11182.53151604184,9316.423449952683,64.44077965506854,10078.233100362928,39.08000745517899
2022-12-06,907493.0574778918,10630.507466813782,9579.240253324904,55.17437032227847,10683.807684219119,37.003182308781156
2022-12-07,904995.4497605967,9877.62524604681,9638.917251869287,50.65658509184474,10684.432652164742,34.20842774315101
2022-12-08,907958.841166704,9411.590624040808,9593.45192630359,54.821658007853465,10689.045779349757,32.21866311406201
2022-12-09,909174.2073866447,9036.161480481038,9481.993837139082,58.95634733990055,10697.277580496897,31.250407592128056
2022-12-12,908236.6741415563,8564.256662067026,9298.446402124671,58.994614004504236,10705.53919028618,29.82359429460552
2022-12-13,907699.0318216673,8054.043452183716,9049.565812136481,63.2045131083607,10691.077310283976,29.593279021087728
2022-12-14,917615.0536306942,8353.541469637072,8910.3609436366,66.13818299475517,11069.973555556091,28.85033901046533
2022-12-15,916218.3598726041,8381.57669383823,8804.604093676928,61.291449659556314,10976.81920384703,26.728033414676702
2022-12-16,902782.774611183,7236.240490305936,8490.93137300273,49.717761316271364,11613.785441144877,23.426880278669902
2022-12-19,903871.1976710092,6343.258802962839,8061.396858994753,54.20968786484542,11569.833368171463,21.433969928182453
2022-12-20,900676.4434007284,5316.489233734668,7512.415333942737,51.25663000882715,11571.1203761493,19.42849863860024
2022-12-21,913844.2104822256,5501.873535185587,7110.306974191307,52.200411896752655,11673.378772808679,16.12529347777154
2022-12-22,915881.9152176435,5746.97017720819,6837.639614794684,46.87903186039994,11330.352030323595,13.878074708281416
2022-12-23,909642.6377474812,5375.784783142037,6545.2686484641545,42.458209348082896,11443.431055418225,12.824888807683426
2022-12-27,910552.7639300779,5096.310169500881,6255.4769526715,52.56954539289524,10845.05170343975,12.45306825453699
2022-12-28,910195.766828203,4790.792567558354,5962.540075648872,54.53010727366818,10848.766215630898,13.006127845617915
2022-12-29,904843.9913704272,4069.908739574952,5584.013808434088,47.39498620498033,10905.652430128106,12.618472657894943
2022-12-30,912826.932856325,4095.5488363027107,5286.320814007812,52.74421297289108,11152.462007007594,11.732084439666323
2023-01-03,916103.2462669137,4330.322644711239,5095.121180148498,55.70934901939699,11158.08098709713,11.263461916398539
2023-01-04,917801.1959058156,4600.362806029734,4996.169505324746,57.21044109441728,11165.296818585817,10.408932677048556
2023-01-05,919028.433188298,4857.406216422794,4968.416847544356,51.15164429470118,10785.738765350301,8.271747704126453
2023-01-06,911961.0741210358,4439.660515878699,4862.665581211225,46.82454253139965,10961.808825288983,7.042884070817566
2023-01-09,924540.4768315033,5065.257570522488,4903.1839790734775,66.43876567788425,10908.42353672812,9.418474992928973
2023-01-10,925776.8104960825,5596.298887768062,5041.806960812395,66.5136091327646,10924.070403031747,11.172497915233352
2023-01-11,927333.4034503715,6072.754071276635,5247.996382905243,70.60432493845983,10943.111088781492,13.930355515154003
2023-01-12,929616.0398105006,6558.930644676671,5510.183235259528,64.65711266504228,10340.19482193839,15.70684436533818
2023-01-13,939670.5320825527,7667.160327650141,5941.578653737651,69.24040299153701,10739.768091958997,18.075574342768157
2023-01-17,945405.9857036475,8905.585464111064,6534.380015812333,79.16332990116075,10716.553298438517,21.22278942837804
2023-01-18,942890.561064884,9573.712759794667,7142.2465646088,75.69717865363155,10739.651724963382,24.517339570921138
2023-01-19,937909.8829198356,9590.753122223425,7631.947876131726,70.51542233107605,10780.242431489492,26.79519175081371
2023-01-20,940643.640266226,9712.885010764352,8048.135303058251,77.56933522233298,10746.70250206336,30.421937752088862
2023-01-23,941902.8592994801,9798.334760726895,8398.17519459198,74.97809503363419,10523.27053369304,33.58934417746466
2023-01-24,942884.0428314039,9831.891686910996,8684.918493055784,73.9508930401433,10542.399674096252,36.187504059505926
2023-01-25,944594.4615788397,9882.58203699987,8924.4512018446,73.95670148152242,10561.53772100555,38.57233015540841
2023-01-26,946837.0636210849,9988.5717102458,9137.27530352484,74.42114672923132,10581.40102845753,41.88798161829006
2023-01-27,945834.6750291779,9877.819552776404,9285.384153375155,83.29389842941495,10426.485479344972,46.24601028830168
2023-01-30,946709.454334658,9748.263139780029,9377.95995065613,78.30133278878981,9873.984725682223,47.933064531569194
2023-01-31,941812.3120049977,9145.012281194213,9331.370416763748,68.72135338880184,9898.872996019682,48.24734032969415
2023-02-01,947321.1540840929,9007.6149677434,9266.619326959679,71.36401261642152,9968.30969709197,48.35541037837225
2023-02-02,955645.8912001359,9461.398210419342,9305.575103651612,74.63962519234013,10240.224423801885,49.775860868721914
2023-02-03,954161.9893796069,9590.730255773873,9362.606134076064,66.37433250830794,9867.994063896967,49.36788673217501
2023-02-06,940513.9337227981,8494.028925456922,9188.890692352235,45.31081441548695,10431.432762169095,45.8126679463188
2023-02-07,936221.9939038296,7195.6149753995705,8790.235548961704,43.81849186138569,10426.669499911202,42.96331148952067
2023-02-08,942378.2992767277,6587.439061649609,8349.676251499286,54.05370066270347,10512.238736313642,40.617461306118024
2023-02-09,939808.6423962113,5830.890556856873,7845.919112570804,49.24023652757628,10511.64230926364,36.727025992362165
2023-02-10,935507.5026044243,4828.593362510786,7242.453962558801,44.48610484902974,10507.074197338594,33.884392084538675
2023-02-13,936615.3851464664,4076.6691724308766,6609.297004533217,44.60712309960945,10502.596584706493,31.17047553554686
2023-02-14,936812.9930969184,3456.8606073338306,5978.809725093341,43.12675901149257,10497.038392933693,28.66746812014873
2023-02-15,934962.6209265018,2784.2531469272217,5339.898409460117,39.43832144300527,10488.556648151858,26.62625920098171
2023-02-16,931652.681776572,1961.5113794129575,4664.221003450686,37.88325751750905,10478.426652971431,23.547480758210785
2023-02-17,928618.7611595681,1052.5375649965135,3941.884315759852,35.09371877758434,10465.504729274935,21.57711001482622
2023-02-21,928398.9387320788,310.8481712805806,3215.6770868639983,38.024655632445075,10442.489407677469,20.549038614167195
2023-02-22,921181.3358952377,-849.5531261225697,2402.631044266685,27.35356794842012,10555.208098163295,20.674657516354507
2023-02-23,919581.9692111266,-1876.602731354651,1546.784289142418,14.634555248956076,10276.126178168126,22.162032328535904
2023-02-24,921290.8799953779,-2523.5620719654253,732.7150169208494,17.907156627133645,10252.646814322248,24.354633611156633
2023-02-27,913727.9960211342,-3604.987489797175,-134.8254844227555,20.32183685997947,9808.425287817006,27.936703831377578
2023-02-28,915799.692351084,-4245.912112890976,-957.0428101163996,26.20172654720872,9793.837929565043,30.460885316385
2023-03-01,916274.9960951069,-4661.758603109163,-1697.9859687149524,14.939519508671992,9672.020293255702,34.83674234195159
2023-03-02,916131.8060528621,-4945.861371144652,-2347.5610492008927,15.98120412559723,9655.108267296173,39.60449403801609
2023-03-03,917060.6164817284,-5037.992777745589,-2885.647394909832,20.65150292940821,9641.93192006567,43.021258013286136
2023-03-06,924784.14786575,-4436.640318918391,-3195.8459797115443,34.45016142303851,9854.881796628935,44.4752600586793
2023-03-07,923360.2580328989,-4028.5218797919806,-3362.3811597276317,32.87115446485605,9845.27270015463,45.943832887391906
2023-03-08,913346.2160871692,-4461.702837631106,-3582.245495308327,27.21370588838785,10218.92604421895,47.69600173099382
2023-03-09,913329.1017528397,-4751.609257620992,-3816.1182477708603,29.2438325936444,10205.83777277342,48.93424172504279
2023-03-10,914053.6527838099,-4866.795581266517,-4026.253714469992,32.59041459822568,10195.43412393359,49.29300608138226
2023-03-13,919064.8340599532,-4501.826866011368,-4121.368344778268,39.98960819902647,10218.470985299467,49.01168742798599
2023-03-14,928928.7329608048,-3377.716115632211,-3972.6378989490568,57.86244496891063,10410.259060252209,46.96294526351102
2023-03-15,928983.1902083815,-2454.1659055212513,-3668.943500263496,59.84968477748734,10416.974218107385,43.37004162764537
2023-03-16,932580.9332456819,-1415.6195338773541,-3218.278706986268,61.37828192545952,10425.03854185761,40.465713256221065
2023-03-17,935706.731755341,-336.45973727328237,-2641.9149130436713,74.32610350410374,10226.863067800745,39.75152813178529
2023-03-20,943668.4751730198,1147.9949599067913,-1883.932938453579,77.28742150583871,10478.440844231667,40.30267605684643
2023-03-21,946541.5643656132,2527.1390034325887,-1001.7185500763455,78.30606709017448,10500.059821567747,39.38017714640948
2023-03-22,942486.7119185429,3255.401645705686,-150.29451091993928,72.96735712276902,10518.88475432894,37.84876150683749
2023-03-23,945919.2649857217,4062.7010927805677,692.3046098201621,74.0976934214608,10539.498074688932,37.14947788455582
2023-03-24,951245.5020843735,5073.787082343828,1568.6011043248955,73.01741840795482,10377.713252240601,38.27666633391548
2023-03-27,949878.8088739157,5699.103574958397,2394.701598451596,73.09014676199203,10396.655074269902,39.18789083714834
2023-03-28,945584.0986270461,5781.478886231314,3072.0570560075403,81.17504843722661,10030.58849999168,40.43640822908945
2023-03-29,948166.5370086085,5986.138629077119,3654.873370621456,82.09643379080798,10055.472382317239,42.10699771315986
2023-03-30,946754.2974051423,5965.609187109279,4117.020533919021,79.75077461236444,10078.829985618193,43.92446527441529
2023-03-31,950646.1155545128,6191.999144068686,4532.0162559489545,79.32976860329718,10071.68396483977,46.742049980385346
2023-04-03,952708.3054228377,6463.311274839798,4918.275259727123,75.82683270170719,9715.865428309256,49.299705102031105
2023-04-04,956369.4979221213,6894.2827302318765,5313.476753828074,77.58308615124699,9735.42707667622,51.823530522315615
2023-04-05,961718.6738208847,7580.08599085093,5766.7986012326455,78.34701113639504,9794.852786348425,54.237974794652175
2023-04-06,961727.8609145598,8031.746365009807,6219.788153988078,76.94919465062586,9813.43930717645,54.61077872660744
2023-04-10,959813.0713077289,8141.33470815036,6604.097464820536,69.11455155597346,9593.299658571694,53.448653641499156
2023-04-11,954281.4343208132,7693.145591048989,6821.907090066226,58.62098378248202,9653.13026677625,50.64692206624469
2023-04-12,955516.4906501903,7352.8521085859975,6928.096093770181,65.48586179682277,9662.437251584579,49.58226150128746
2023-04-13,957034.9212809382,7123.575588783366,6967.191992772819,63.84066250953213,9670.377006081175,48.12255079194176
2023-04-14,964378.7262662288,7448.593236325425,7063.4722414833395,65.57052022264962,9819.17943519175,47.062827850690795
2023-04-17,957108.0468945052,7038.35522413312,7058.448838013296,57.518340832935685,10001.853115010117,44.845131694583834
2023-04-18,955382.8769728781,6499.114107167465,6946.58189184413,60.76604047827369,10008.852242399997,41.94181864696837
2023-04-19,956924.1728682694,6125.520151260775,6782.369543727459,59.84741659524143,10015.107696585465,38.776752662958934
2023-04-20,954227.2826174375,5547.87529227871,6535.470693437709,58.16696176479528,10020.445543165677,35.705082526679355
2023-04-21,955346.1445730049,5121.334828936029,6252.643520537374,55.467901610187624,10023.80270675031,32.308155651277374
2023-04-24,953334.3373838369,4568.30187158077,5915.775190746053,50.72916543149036,10024.24987243673,28.732360905663317
2023-04-25,954191.6454122352,4151.3427662706235,5562.888705850967,47.28610382822178,10022.694263501093,25.119223850508853
2023-04-26,954097.2378110209,3769.825564392144,5204.276077559203,39.07143194657996,9978.637342804128,22.572663135822065
2023-04-27,951124.2969487103,3190.797425022116,4801.580347051786,35.98638536217027,9971.063368542802,20.666497099744397
2023-04-28,954998.7863229471,3009.8566114944406,4443.235599940317,43.95080582526159,9967.624593553683,18.734368107253196
2023-05-01,953243.6269972966,2693.7807958696503,4093.3446391261837,48.55925334652553,9912.581172943183,17.63830749957127
2023-05-02,949145.9870286771,2088.5674294831697,3692.389197197581,41.80724503493622,9908.030813213521,16.529412740850454
2023-05-03,953383.2544333091,1928.6117082736455,3339.6336994127937,45.61073700645458,9905.422479750921,15.11082615570183
2023-05-04,957147.2805912814,2081.5759882095736,3088.02215717215,40.489430718953884,9720.120636128853,14.178463302899589
2023-05-05,959144.8018250201,2337.044556797133,2937.826637097147,53.11004472923048,9544.06552270414,13.549391222436642
2023-05-08,958213.3204722384,2436.25880254223,2837.5130701861635,54.42933701892844,9546.08726806082,12.645544383037347
2023-05-09,957603.0295736141,2437.542954132776,2757.519046975486,51.094220987507924,9546.572165707492,11.396485975254178
2023-05-10,957982.8576053836,2441.070460572606,2694.22932969491,56.54212302404234,9549.254719270319,11.164712990487926
2023-05-11,960908.1930397042,2649.3758012837498,2685.258624012678,59.115272201575166,9553.227611032247,11.684993879864871
2023-05-12,958192.253168519,2565.7295024155173,2661.352799693246,57.781720552237346,9556.697550878453,12.69161973708234
2023-05-15,954984.9804959359,2215.104758738191,2572.1031915022354,51.1818384786171,9557.264218795379,12.544063205430932
2023-05-16,955757.4532869913,1976.7771650155773,2453.037986204904,52.42426216361154,9558.4500869925,11.398829400694781
2023-05-17,950394.593516458,1339.7194142785156,2230.3742718196263,49.00399689715665,9601.56364189455,9.536422027863338
2023-05-18,949865.316390796,783.1110990981106,1940.9216372753233,42.288931449007514,9597.896877657298,9.774153717950165
2023-05-19,946706.9117489461,86.14511322102044,1569.966332464463,40.578282859977094,9593.227795337052,10.915503443276974
2023-05-22,949978.2681961316,-199.92966184404213,1215.9871336027622,51.228882500962456,9593.822281885235,9.991136786989424
2023-05-23,948375.9348872632,-549.60538020276,862.8686308416579,41.98274713396234,9590.24562506663,10.510051679342752
2023-05-24,945935.4421487523,-1011.98770984984,487.8973627033584,31.254157228033023,9582.23716903625,11.833079452359295
2023-05-25,940652.1145805663,-1784.1824725926854,33.48139564414964,22.141740787049514,9610.461463524727,15.308277284499244
2023-05-26,938570.5559239233,-2534.8960687463405,-480.1940972339484,21.40021028526759,9596.430917418795,18.7016824056928
2023-05-30,941782.7159454895,-2837.9336016904563,-951.74199812525,28.587991292793774,9585.130693398698,21.539302894119043
2023-05-31,945179.2485978897,-2772.066572874668,-1315.8069130751337,33.97919706619341,9575.985258393339,22.826221024991153
2023-06-01,945173.4806012665,-2689.3309736998053,-1590.5117252000682,28.75969765192781,9564.746178080162,24.494540690225957
2023-06-02,950395.8133772144,-2177.2656420918647,-1707.8625085784277,40.142605594466765,9592.77398601936,24.721883376354533
2023-06-05,947743.7219151068,-1962.8255628282204,-1758.8551194283864,40.714184642980634,9587.601658461625,25.80938967832791
2023-06-06,949451.63722829,-1636.2046146288048,-1734.3250184684703,42.10320188691167,9583.097504133983,26.52070785619433
2023-06-07,949756.3644303082,-1337.3500822362257,-1654.9300312220214,49.084799817497,9539.006854575926,26.509162664297435
2023-06-08,944981.1464244173,-1468.893408242031,-1617.7227066260234,43.756528805446976,9539.111895583437,26.29921828767544
2023-06-09,952295.9784093183,-971.6955320065608,-1488.517271702131,56.458265775671414,9725.486378401876,25.945442533200673
2023-06-12,950614.6754540035,-705.2006164968479,-1331.8539406610744,50.7634335520798,9725.940955014641,25.878964737286214
2023-06-13,952552.7309244741,-333.7691139202798,-1132.2369753129155,54.97044547661841,9728.924380755509,25.513874318940985
2023-06-14,950856.8871818088,-174.23887212655973,-940.6373546756445,55.962256352774055,9732.439698636257,23.753585086885344
2023-06-15,951770.3576454126,25.604275915189646,-747.3890285574777,65.06463159330346,9698.947944019488,21.983043665922857
2023-06-16,956319.110699289,544.7482477567391,-488.9615732946343,72.54128042057168,9711.625483144757,21.17003220357484
2023-06-20,952111.0273886385,609.5894630479161,-269.2513660261243,62.79367060334386,9719.002848461303,20.001401713203986
2023-06-21,949008.1782316748,405.92336606187746,-134.21641960852395,54.77765269708884,9721.737798199723,18.462707798468397
2023-06-22,946980.2313661852,79.95646472543012,-91.38184274173314,52.1461200934053,9723.028334460387,15.79993999388421
2023-06-23,943059.7908437583,-489.0835875662742,-170.92219170664134,41.00790945858459,9684.191624860645,15.676094919821216
2023-06-26,941079.0861277204,-1087.3440208400134,-354.20655753331573,41.694152452704124,9679.431170726793,15.535856429226811
2023-06-27,941318.863930559,-1524.5476236530812,-588.2747707572689,39.479493697072094,9673.62204694269,15.911353752701782
2023-06-28,941491.3036131848,-1835.956424694159,-837.811101544647,39.27164929627647,9667.718432073316,17.314831311046447
2023-06-29,940708.6963159372,-2121.4453104791464,-1094.537943331547,43.81290458917887,9661.072948155184,17.306767804726437
2023-06-30,940220.8271014948,-2359.861265901709,-1347.6026078455793,28.20381150940257,9470.065547731423,19.433813023667962
2023-07-03,945561.9697510971,-2093.687329972163,-1496.819552270896,41.944023773843625,9510.265958004124,20.405086349981673
2023-07-05,945055.186250366,-1901.7139861542964,-1577.7984390475763,37.47432786396185,9504.910568951189,21.415545660608522
2023-07-06,943811.299373495,-1828.8630091111409,-1628.0113530602891,38.04890873977333,9499.878006230965,22.202193817176653
2023-07-07,942031.3588710355,-1892.9338448535418,-1680.9958514189398,33.95193865268712,9492.921578534979,22.27817373493023
2023-07-10,946857.3321380311,-1536.5819729842478,-1652.1130757320016,34.54990048584551,9492.712208584466,21.20440213209931
2023-07-11,949402.8928766039,-1036.8133310012054,-1529.0531267858426,45.32401800473631,9490.777826790149,19.97598048878292
2023-07-12,953179.238841475,-332.1941945744911,-1289.6813403435724,57.03823958813891,9493.757155797144,20.298532145377912
2023-07-13,962301.4523930782,951.3414713527309,-841.4767780043117,70.85899894017818,9812.608477219057,22.965596810903552
2023-07-14,965744.8700641515,2220.8076737306546,-229.0198876573184,81.29091816097292,9828.812105233623,26.20739282669079
2023-07-17,962482.4298865972,2929.8437135810964,402.7528325903645,78.51467661899665,9844.100207918547,29.153156160873888
2023-07-18,964298.4993733121,3596.839388032793,1041.5701436788504,79.38069560621841,9860.514233234813,31.904951894801457
2023-07-19,968312.817350978,4398.655217938009,1712.987158530682,81.2251542245547,9879.672457333247,34.888890972413016
2023-07-20,967461.6447023252,4908.831566057517,2352.1560400360495,81.09568880705726,9898.781706180673,38.50428348532317
2023-07-21,963643.9878949025,4948.058856259333,2871.336603280706,75.26938130214765,9915.512535318816,39.05596986644251
2023-07-24,959994.3708143302,4631.266808180604,3223.3226442606856,66.15975030415728,9882.011907446347,40.28039920835289
2023-07-25,960145.933554479,4342.380415786873,3447.1341985659233,67.03237869466014,9892.791012663578,40.989245669568724
2023-07-26,963022.2134133435,4296.005932814907,3616.9085454157203,70.91208338487446,9906.513094120617,42.33250698824738
2023-07-27,966006.0927724721,4448.745578133967,3783.2759519593696,75.43117347841641,9923.63790405021,43.73144612069512
2023-07-28,961928.193578115,4192.412936276989,3865.1033488228936,66.24420182130632,9927.853761771312,43.90913637364864
2023-07-31,963251.6079236834,4049.377248015371,3901.9581286613893,65.33080977933673,9937.74570109065,45.498980213717196
2023-08-01,962297.9724286551,3815.09201404138,3884.584905737388,60.76755244084177,9944.259082224353,46.030778556599664
2023-08-02,957255.7120145414,3185.826774741872,3744.833279538285,43.40660926872428,9651.03180798278,43.92828100845662
2023-08-03,952793.8163202306,2300.5722808755236,3455.981079805733,33.515324636565765,9641.781055308546,41.75955971215399
2023-08-04,953479.9118861589,1635.510745004518,3091.88701284549,37.736912656850755,9635.350685308222,39.38026678387877
2023-08-07,954943.0121008104,1212.527385077672,2716.0150872919266,37.132365985469626,9628.668194399283,36.96455218700641
2023-08-08,955442.14779791,907.1292825095588,2354.2379263354533,30.402545332307724,9619.474859004225,35.251447460727206
2023-08-09,951541.2480146581,346.33672049455345,1952.6576851672733,27.818918697322474,9608.10314708446,33.927349710379644
2023-08-10,948085.0515723207,-372.68550691741984,1487.5890467503348,28.10196415053649,9596.989621139763,33.390276399504884
2023-08-11,946076.589515661,-1091.9940769944806,971.6724220013717,29.463040291029046,9587.048348783574,33.95390969317547
2023-08-14,945631.431094249,-1678.62175865483,441.61358587013143,28.76650223428726,9576.680847026266,34.493217528403
2023-08-15,945128.7910621769,-2159.1973891962552,-78.54860914314588,21.86982159667008,9563.899831061151,35.47048968942251
2023-08-16,941873.6907485445,-2770.776641685632,-616.9942156516431,12.38233878705654,9546.66240104406,37.16945121377007
2023-08-17,937085.3358813662,-3600.3353999444516,-1213.6624525102047,12.114022764984014,9536.269516101489,40.213973251215705
2023-08-18,936196.9121952998,-4280.1165399194,-1826.9532699920437,8.186152252734587,9516.944733438364,43.95417482152437
2023-08-21,937243.8458716141,-4680.416267545312,-2397.6458695026977,11.38944131653551,9499.04892875477,47.88325222343371
2023-08-22,937611.4357688125,-4911.379922546446,-2900.3926801114476,14.630381881582224,9466.73288471917,52.01135199144424
2023-08-23,937763.5134292911,-5024.232660272159,-3325.16067614359,17.966336196765383,9455.996954082793,54.24339807537457
2023-08-24,944995.928796539,-4478.449019105523,-3555.818344735977,35.86308558179957,9629.039517823441,54.511789026068676
2023-08-25,939903.4583242843,-4406.041257925564,-3725.8629273738948,27.643570724944723,9646.365063742593,55.87208485887634
2023-08-28,940336.9079189274,-4264.523058477789,-3833.594953594674,27.501992308592918,9635.575606686189,56.288188977908646
2023-08-29,942241.0142403496,-3953.1539015494054,-3857.5067431856205,35.27203276121702,9628.932582561683,55.21954427002824
2023-08-30,949584.6137194147,-3078.3393170043128,-3701.673257949359,52.11439521218296,9815.409156271606,52.457880168699035
2023-08-31,950523.1154776423,-2282.9962479207898,-3417.9378559436454,56.464698663678185,9818.585246244445,50.51240194876724
2023-09-01,951360.1680876106,-1567.0737349044066,-3047.765031735798,58.23503408543565,9822.677201239709,48.719531233526666
2023-09-05,950677.2808799804,-1042.7827257720055,-2646.7685705430395,57.934810662179096,9826.640408252415,45.89374481854999
2023-09-06,944839.166622564,-1085.8483690572903,-2334.5845302458897,53.94912600817804,9908.32420704127,41.134989017372945
2023-09-07,941917.3900216597,-1340.2911133667221,-2135.725846870056,56.771490455847015,9904.42366087208,36.74036519956315
2023-09-08,942519.3128190783,-1476.3502356000245,-2003.8507246160498,58.93173635758095,9908.93966131763,32.08824694495477
2023-09-11,942127.7106028274,-1597.3636821149848,-1922.5533161158369,57.029658752506094,9912.42813612563,27.626147124926167
2023-09-12,946080.6647056871,-1358.6358421808109,-1809.7698213288318,61.04981904874845,9918.477585366254,24.203728873272713
2023-09-13,942551.7182297955,-1437.6267309966497,-1735.3412032623955,55.74128039623384,9921.897731652325,20.5040200864629
2023-09-14,941889.4291680759,-1535.9631447531283,-1695.4655915605422,45.578524695656974,9740.57625168448,19.11355536766305
2023-09-15,943906.3907711351,-1434.606268167263,-1643.2937268818864,56.244013158558026,9715.367404815557,16.87555527335086
2023-09-18,941868.2961507619,-1501.4298671321012,-1614.9209549319294,52.27486989621258,9716.461253552581,14.050715602937668
2023-09-19,943550.9730276671,-1402.4435927544255,-1572.4254824964287,51.95882392749707,9717.39693840066,12.294868471543309
2023-09-20,942475.7424483887,-1394.681360261282,-1536.8766580493993,36.91731669629994,9526.913715316507,13.792811037014973
2023-09-21,939809.7849680227,-1585.3750071945833,-1546.5763278784361,31.462559594766546,9519.261336381072,15.451531380116952
2023-09-22,935314.1326660198,-2075.3394440435804,-1652.3289511114651,25.355547840315708,9507.799882508507,17.733912298439268
2023-09-25,934468.2647538107,-2503.0407656935276,-1822.4713140278777,25.229242469267277,9496.222013846962,20.077244603646665
2023-09-26,933451.7425953246,-2890.6997993931873,-2036.1170111009396,29.58983656903598,9408.522537805806,22.363519693947836
2023-09-27,927888.1112920251,-3605.3012568353442,-2349.9538602478206,27.0300338101994,9464.515249201753,24.61431029833815
2023-09-28,924121.2773563444,-4424.576316574239,-2764.8783515131045,22.705819919119975,9451.373795299807,27.177832223581795
2023-09-29,925227.1759271973,-4927.816134745255,-3197.4659081595346,25.447771720450476,9439.301984817223,29.618903206376984
2023-10-02,922094.5855609942,-5515.828145319945,-3661.1383555916173,14.303405456956867,9422.169071142436,33.08836497517392
2023-10-03,918758.4285491544,-6179.795058876276,-4164.869696248549,14.385955925217132,9405.173864227694,37.303021556789226
2023-10-04,916441.7615482938,-6814.377386558917,-4694.771234310623,13.707100753937638,9386.996958785001,41.87457357503907
2023-10-05,918044.4443504813,-7106.0512102204375,-5177.027229492586,12.675209484461533,9368.524139913106,46.263677557305684
2023-10-06,918722.1584658778,-7199.527282684809,-5581.52724013103,15.229418981883072,9351.991184423901,50.85178226795536
2023-10-09,921185.867961754,-6994.182396395248,-5864.058271383874,17.173008159173065,9336.016109376822,55.20548112567845
2023-10-10,928836.5613415593,-6143.282145826262,-5919.903046272351,33.219750021540065,9541.0245923789,55.735272693050696
2023-10-11,929141.1710616185,-5382.314141121344,-5812.38526524215,36.06474857831732,9533.404153874319,55.07569348538565
2023-10-12,930988.0397774836,-4577.448665615404,-5565.397945316801,43.92921880740706,9530.31408752536,52.4142075305326
2023-10-13,927637.4085224686,-4161.978223204729,-5284.714000894387,41.04389845822652,9525.43490450297,50.14738729700947
2023-10-16,934230.8006143704,-3263.0686416403623,-4880.384929043582,50.891124402266854,9663.294095147285,47.424477130655305
2023-10-17,935633.3585553204,-2409.723821574007,-4386.252707549667,59.79146672587199,9602.81278984681,45.60438725897005
2023-10-18,935046.2636416337,-1760.5213622540468,-3861.1064384905435,65.01870442263811,9610.616351479157,43.908331648087554
2023-10-19,935238.688465806,-1216.473906872794,-3332.1799321669937,64.117506354174,9617.767431863875,42.477647288624645
2023-10-20,936561.5242756925,-670.8375862624962,-2799.911462986094,71.49744697064837,9628.100959517227,40.49582103499485
2023-10-23,934587.2748924933,-393.18984898820054,-2318.567140186515,74.51338335224543,9639.40727833389,38.95473372816866
2023-10-24,933876.8045441428,-227.85447180143092,-1900.4246065094985,78.4144068616506,9651.860880473778,37.87030568181891
2023-10-25,935102.5595668168,2.0594519833102822,-1519.9277948109368,78.14591173552006,9664.045248485452,36.599237609249315
2023-10-26,932207.2493113892,-48.796946646645665,-1225.7016251780788,70.73314996721228,9673.677456232237,34.64190988145125
2023-10-27,929680.6746912079,-289.635724999127,-1038.4884451422886,63.03545505983161,9679.745175324713,31.868177824651656
2023-10-30,932828.7056120436,-223.9014097955078,-875.5710380729324,57.10831501019027,9467.845951725238,30.553185485655728
2023-10-31,935079.0065285761,9.662601552321576,-698.5243101478817,59.88765932846578,9472.087262773062,30.04222787323514
2023-11-01,931246.9739201653,-113.14497770997696,-581.4484436603008,50.40443721961171,9472.272215732124,29.30366986408121
2023-11-02,934616.6979400357,60.73755268903915,-453.0112443904328,60.894669367051506,9477.257422458963,29.64918913150232
2023-11-03,940583.1810239058,672.2369031088892,-227.96161489056843,60.11401705218391,9434.746914888674,30.965263750927836
2023-11-06,945746.1346709023,1555.530566553236,128.7368213981925,64.37934675681498,9472.986253088524,31.619077527012166
2023-11-07,943135.8326509286,2021.6136965296464,507.3121964244833,60.876746802214356,9478.764516666599,31.02891333301136
2023-11-08,942280.6888473652,2295.5236095141154,864.9544790424097,59.30246950042296,9483.794516939137,30.34267621878889
2023-11-09,939016.6001764553,2223.5824381387793,1136.6800708616838,53.08493130261348,9485.548142582544,27.718834472042875
2023-11-10,937353.351644317,2009.197507139761,1311.1835581172993,53.50309958586715,9487.523911690989,24.725828449166237
2023-11-13,938053.0996851154,1874.1556242024526,1423.77797133433,55.29050834824272,9490.506979648822,21.433598496647214
2023-11-14,939222.8274482643,1840.3072967483895,1507.083836417142,55.226952978703494,9493.450028135574,18.170438439657186
2023-11-15,949024.00592395,2574.676180173992,1720.6023051685122,68.15298430976891,9866.609029006404,17.8032817194097
2023-11-16,946390.7087440066,2910.631784683792,1958.6082010715681,67.99631735036523,9878.544767615544,18.509764617352573
2023-11-17,950955.334346827,3504.804949869984,2267.8475508312513,68.94392483004951,9891.492359568963,20.19612809513468
2023-11-20,952709.8758218202,4070.3478613416664,2628.3476129333344,68.61874453107541,9904.08583763557,21.439847098665098
2023-11-21,956411.3074601,4762.322206302313,3055.14253160713,76.64782095530845,9922.060361592656,25.178693256709227
2023-11-22,958542.6791294239,5420.219821060193,3528.1579894977426,76.01886500357772,9939.1503481565,27.331286486712493
2023-11-24,956522.6991268827,5712.759777479107,3965.0783470940155,68.96133325253183,9860.280919747876,28.591490671190495
2023-11-27,957929.9965723392,5989.1181175875245,4369.886301192717,65.91580563460204,9837.967751560183,28.810315869904993
2023-11-28,960872.0719904907,6372.081601256155,4770.325361205405,72.96978807732883,9850.636493945578,30.53201827643534
2023-11-29,966677.25421571,7062.599361683475,5228.780161301019,78.0048219272325,9937.476608790166,33.19377879221066
2023-11-30,967338.9651934258,7575.903903127415,5698.204909666298,84.57706876716063,9957.70686951657,37.67565851191052
2023-12-01,965714.7364478115,7762.162388618453,6110.996405456729,84.65772540942481,9977.965001519071,42.10928346426548
2023-12-04,974290.4974178887,8503.739998640609,6589.545124093505,87.13425719086055,10268.442320113038,46.63905025543948
2023-12-05,966657.3040010759,8378.923665565904,6947.420832387986,74.82494072561838,10488.031724565579,49.43030087076041
2023-12-06,966107.7634204698,8141.8087866063,7186.2984232316485,68.56759124975214,10139.087376629808,49.4893120569643
2023-12-07,965735.8764285446,7833.5846765373135,7315.7556738927815,72.11238840825614,10152.905353547332,50.07495620833676
2023-12-08,974401.7422778015,8194.12107199058,7491.428753512341,74.5029417461767,10440.642583345729,50.86564264484092
2023-12-11,969249.6798038798,7972.221571112634,7587.587317032399,66.13904300874216,10474.300591540223,50.51263647030555
2023-12-12,965644.298263161,7419.908374058548,7554.05152843763,59.026193787988426,10480.895584970987,48.004278522986006
2023-12-13,967900.1605144077,7082.581822345732,7459.757587219251,59.12568374517068,10487.579500245969,45.59948457215542
2023-12-14,982427.018280952,7896.419111385243,7547.08989205245,70.3085415344006,11192.848490723134,45.79118456301989
2023-12-15,986928.1739587372,8803.119786650874,7798.295870972134,71.68225340027797,11213.561474570564,46.61185384118895
2023-12-18,983046.6672784238,9103.541494635865,8059.344995704881,66.35048749867565,11229.4004712048,45.66997022629859
2023-12-19,984310.4939076378,9335.98864373914,8314.673725311734,63.935168985358786,11172.581645688973,43.66847222504786
2023-12-20,985868.0037094789,9535.958119180868,8558.93060408556,64.43866800802047,11185.816673200436,40.80567636867314
2023-12-21,981671.5152696847,9249.194862643839,8696.983455797217,61.95498970151617,11197.214372358925,37.57757007542062
2023-12-22,988674.4032149024,9477.753801298677,8853.13752489751,61.036692075346096,11090.003408367887,33.86732760770705
2023-12-26,989827.1586217311,9640.773300774745,9010.664680072958,69.74134114528904,10906.55995475352,33.14434288999582
2023-12-27,992637.1148125645,9882.784817857668,9185.0887076299,71.76534999770985,10925.50949146217,33.59931726759912
2023-12-28,995811.1837757649,10212.972734940471,9390.665513092015,73.58988781544718,10946.991853853047,33.809422034081855
2023-12-29,995226.1353193523,10308.609286160907,9574.254267705794,68.70498094775937,10690.876624749308,32.98472976590971
2024-01-02,994881.7305600513,10238.587295222445,9707.120873209125,75.199768628504,10687.34136993926,34.27375283000176
2024-01-03,990711.4648002429,9734.376930653816,9712.572084698064,74.37368891000988,10705.24648889432,36.45889410280875
2024-01-04,984408.8883572556,8725.637619022396,9515.18519156293,64.88095684284906,10815.647866010724,37.27908528147125
2024-01-05,981165.2328027276,7577.124181126128,9127.572989475571,48.57219206190655,10127.980685302024,34.51638554456287
2024-01-08,981518.4974111958,6619.123374548275,8625.883066490112,43.244358594360016,10124.116630625213,32.31999089017536
2024-01-09,984271.0041049493,6012.694520183606,8103.245357228812,51.573324989984286,10124.991156929871,30.212797930840537
2024-01-10,983309.2656180128,5392.331583815394,7561.062602546129,48.70331159788047,10124.275993865856,28.338711535627148
2024-01-11,981989.7486722363,4739.580562965595,6996.766194630023,44.94612652561638,10121.505811696397,26.92997047744564
2024-01-12,983591.7316332732,4301.947143944213,6457.802384492861,52.68376836862585,10122.877394813238,25.607479809244346
2024-01-16,987682.4460597393,4236.371716976631,6013.516250989615,48.49074401874202,9975.060573335048,24.176793701366424
2024-01-17,979990.9548233433,3523.150965116103,5515.443193814914,37.51788533868759,10167.43017507045,23.07614352571404
2024-01-18,973935.1100074458,2441.1225734713953,4900.57906974621,28.07352255247544,10238.797976342528,23.04136834050676
2024-01-19,978262.585865814,1910.7722203037702,4302.617699857722,29.967576721815647,10226.263263549705,22.47541828232241
2024-01-22,981941.7551165184,1766.9753628034377,3795.4892324468656,35.835919281627355,10216.774420547681,21.76316469429046
2024-01-23,981849.2900857212,1626.8014080281137,3361.7516675631155,36.029486505538635,10207.465534494591,20.09943782127408
2024-01-24,983139.4797995161,1601.3605783727253,3009.6734497250377,41.34879282716675,10202.05697377979,17.791532698319333
2024-01-25,982597.8256820604,1519.9703055593418,2711.7328208918984,47.61712749798323,10102.153928926007,15.937948013171138
2024-01-26,985084.8716034509,1637.278224513866,2496.841901616292,55.26195795314433,10104.953670926525,16.556674128543712
2024-01-29,983941.2683622949,1619.3000879385509,2321.3335388807436,53.1848896474215,10106.68422160587,16.11721080988895
2024-01-30,988689.4953048592,1965.5370294824243,2250.1742370010797,55.51882050257921,10109.840286748667,16.680439416457983
2024-01-31,988531.922437367,2201.8360907838214,2240.5066077576284,56.65697482992361,10113.570755905346,17.516947356435814
2024-02-01,985514.4257272879,2121.16654552042,2216.6385953101867,54.306271004756795,10116.08838237324,17.480948398824747
2024-02-02,993153.2982884855,2643.159823537455,2301.9428409556403,60.180148583205266,10313.854220680909,18.550456956970514
2024-02-05,989110.3954469297,2699.4966685430845,2381.453606473129,51.52187944863346,10314.874184528899,18.62362320926629
2024-02-06,985611.9447463534,2433.793039159151,2391.9214930103335,56.57872450884662,10119.493715739667,17.848885100772574
2024-02-07,989311.2123092305,2492.9834138696315,2412.1338771821934,69.0466163827644,10045.750269822352,17.49685967501864
2024-02-08,990783.6169917084,2628.4043554629898,2455.3879728383527,66.69055905327465,10054.693863483702,17.081173907955566
2024-02-09,988549.5409643428,2526.333166716853,2469.577011614053,59.16113562602333,10059.413710517867,16.433846081984314
2024-02-12,989128.572071659,2463.763256268925,2468.4142605450274,59.957761502144756,10064.613197650686,15.927831571168637
2024-02-13,988324.759783657,2322.542394552962,2439.2398873466145,57.188914078343046,10068.316969067931,15.788558515250056
2024-02-14,978340.4110526809,1388.9592862410937,2229.1837671255103,45.32225357206874,10429.036435455,16.116621038462092
2024-02-15,981015.9502565003,855.1242599625839,1954.371865692925,45.54779797167973,10426.130063064313,15.930194571645318
2024-02-16,985753.7302718629,805.0750040187268,1724.5124933580855,51.838577720511886,10427.424678714015,15.737965690850332
2024-02-20,984569.3510838556,662.2075890190899,1512.0515124902865,45.49474027461866,10424.481718556157,15.522471292586488
2024-02-21,985216.9587428839,594.38891372527,1328.5189927372833,46.4136166067438,10422.113887345817,15.013214233748085
2024-02-22,984923.0850125079,511.03804246813525,1165.0228026834536,49.32017841631774,10421.691501120988,14.424005827098169
2024-02-23,989574.835474929,810.9906669189222,1094.2163755305473,45.5827144717517,10228.199308414503,13.531089539674442
2024-02-26,991304.9484410835,1174.7689350346336,1110.3268874313646,52.87302057718151,10229.766846267465,13.7240200669829
2024-02-27,989462.0665664856,1299.3821985757677,1148.1379496602453,55.26881790155269,10232.516933281831,13.537116730628773
2024-02-28,989900.092889374,1417.1481692891102,1201.9399935860183,50.88485279128597,10232.937562267636,10.947805341429513
2024-02-29,990021.9357391935,1502.9847763091093,1262.1489501306366,48.807079462605216,10232.393504230131,8.666477084060775
2024-03-01,993464.7919139374,1827.7514450214803,1375.2694491088055,57.41726670954217,10235.90439776555,8.417771669189348
2024-03-04,1000659.2483229802,2635.285939519992,1627.272747191043,64.504262427565,10400.652035618483,9.065669717439603
2024-03-05,1003624.663516776,3474.4952490793075,1996.7172475686962,68.25290604561091,10411.580538284998,10.642187417314783
2024-03-06,1003831.1969352699,4108.875633268384,2419.148924708634,89.6644289048961,10066.027765650211,15.688889689096118
2024-03-07,1008159.7430583967,4904.369634882198,2916.1930667433467,90.17010400663098,10085.416189080146,20.839505452595088
2024-03-08,1014555.9967720216,5981.972130283364,3529.3488794513505,90.63005145585262,10200.523074420593,26.35756721718979
2024-03-11,1017044.7345451893,6956.608755248599,4214.8008546108,94.18552415225753,10223.719776892976,32.06940549016726
2024-03-12,1017317.2232582142,7662.672347297543,4904.375153148149,94.12556007077089,10246.648537261071,37.90412386801662
2024-03-13,1015650.3669926671,7995.563580884365,5522.612838695393,90.70188195784074,10268.596595818319,43.66927007219331
2024-03-14,1016785.7765330807,8255.832247677492,6069.256720491814,89.74672699592381,10288.032982288427,48.76487775673484
2024-03-15,1014111.9115106353,8152.36311305908,6485.877999005268,82.42004496766738,10304.32367019525,52.97092718645063
2024-03-18,1010147.5586292155,7662.148454506183,6721.132090105451,77.73178291083539,10319.09902166863,56.16928240178055
2024-03-19,1011962.1511690693,7335.513030562783,6844.008278196919,78.52443680978091,10334.857634725564,60.106116601886235
2024-03-20,1010199.8304697687,6855.422508377233,6846.291124232982,75.0267316563745,10349.270416675967,63.57334464264891
2024-03-21,1015493.8731497066,6823.475532319513,6841.728005850288,76.12317219376483,10380.47499714362,66.2366120893979
2024-03-22,1015364.6284857495,6710.375329653034,6815.457470610838,70.94863519885128,10234.467399586458,67.15395866238542
2024-03-25,1013490.8715437822,6395.819057781249,6731.529788044921,64.506142476203,10241.514691034316,66.6204691815295
2024-03-26,1013434.8485914952,6072.0159419409465,6599.627018824127,64.18288120171184,10248.374442217339,62.99985564639557
2024-03-27,1013641.2779418268,5765.59457779699,6432.8205306187,59.21750518753608,10252.28982427693,58.59991309109911
2024-03-28,1018340.7159555764,5834.700022054021,6313.196428905765,56.74937378373989,10160.459357281981,53.7827740048542
2024-04-01,1021337.3886116659,6061.400966364425,6262.837336397498,57.51896994467398,10163.525538758042,48.57178643518576
2024-04-02,1022425.0827980608,6256.707499239128,6261.611368965824,58.698463965937954,10167.174009857932,43.537511805396605
2024-04-03,1024826.9864867867,6530.028780799941,6315.294851332648,65.24570872899658,10173.72873806802,39.9212611529835
2024-04-04,1027377.3103241285,6873.197740206262,6426.875429107371,66.8062708822917,10181.294119347343,36.662585750428704
2024-04-05,1023736.2911346256,6773.283596530673,6496.157062592032,64.81685242233526,10188.168676221636,34.15974160511294
2024-04-08,1029713.4674604962,7094.626654158696,6615.850980905366,78.36408678074753,10261.33068171314,34.24956388334909
2024-04-09,1030828.6938435561,7354.50463979051,6763.581712682395,77.91629583431344,10274.806783623486,34.1631770172551
2024-04-10,1032965.9123427911,7644.791094115819,6939.82358896908,83.31670230207965,10291.068270675647,35.34054984446999
2024-04-11,1024816.4382455959,7135.002877140185,6978.859446603302,62.59071042045282,10498.357145156844,33.41485086890235
2024-04-12,1031664.1976445486,7200.545589373098,7023.196675157262,68.63228864940227,10630.67386675098,33.08525836747937
2024-04-15,1024720.4002171793,6615.918055299786,6941.740951185767,61.50327062260606,10768.708917680795,32.65740098153347
2024-04-16,1024601.1260572592,6072.9667146469,6767.986103877994,61.42367404111017,10776.684830156339,32.26424579218726
2024-04-17,1023521.5577407482,5492.250479887822,6512.838979079959,59.93061886466176,10783.742172869854,32.365921865280484
2024-04-18,1020823.8410702635,4759.481154383975,6162.167414140763,52.60041284388675,10785.515833666066,31.773781757423624
2024-04-19,1020576.6759923797,4111.418159193359,5752.017563151282,49.15467579113086,10784.972467509431,30.749816333939474
2024-04-22,1019296.8301448801,3454.726763056242,5292.559403132274,46.53858389507279,10782.738001328577,29.93150797374877
2024-04-23,1015091.4843848053,2565.385673962068,4747.124657298234,39.641079629349534,10775.784071255724,29.16683411669336
2024-04-24,1017740.1288088817,2050.6611773164477,4207.831961301877,39.76710683911043,10768.900370173405,28.161900647454623
2024-04-25,1016286.7666243141,1508.0799167618388,3667.8815523938692,41.70460659653505,10763.579281237458,27.162973816862763
2024-04-26,1016052.7656956924,1047.1278018873418,3143.7308022925636,32.55712433034334,10694.635280793449,25.5472256488201
2024-04-29,1015674.4653932877,643.8721002765233,2643.759061889356,30.278959616047743,10683.810831900404,24.321744326675194
2024-04-30,1019256.88834539,606.3707792360801,2236.2814053587012,32.80641272274214,10674.018671902262,21.967105734126818
2024-05-01,1006993.2355599233,-408.2178942572791,1707.3815454355051,29.737544683009403,10961.523148676772,22.999752051246382
2024-05-02,1009218.7426763875,-1020.938163125189,1161.7176037233664,21.48596150068046,10824.816508647371,24.356564713630203
2024-05-03,1018172.2356016865,-775.1162810106762,774.3508267765579,42.08552840903046,10966.027556851099,23.775247062954097
2024-05-06,1021953.51489039,-272.0470422949875,565.0712529622489,47.060189586152944,10964.136406017626,22.493853924990308
2024-05-07,1025642.7192061361,419.49127581587527,535.9552575329742,52.22624276981713,10965.65152135005,21.394592916330915
2024-05-08,1023711.2410518347,802.4362446386367,589.2514549541067,53.079978596183125,10967.713949908311,21.46306169564692
2024-05-09,1021252.9137334116,897.2138985756319,650.8439436784117,50.688845482842915,10968.196976866182,21.512119734024736
2024-05-10,1027229.9466663619,1438.0455833645537,808.2842716156401,57.37524538072434,11033.926574354284,22.1417050931498
2024-05-13,1028776.0058047803,1968.7184803993441,1040.371113372381,63.38398019179749,11043.701232511408,22.641184210879622
2024-05-14,1025429.7206365907,2095.112178558018,1251.3193264095084,57.419463193875444,11049.19379810263,22.308421091099724
2024-05-15,1028551.5868860325,2419.3004214747343,1484.9155454225538,61.464825473932784,11057.954384003857,22.829754952389113
2024-05-16,1038163.2088980827,3412.4627617985243,1870.424988697748,67.58522616905933,11389.519412545545,22.912755008946526
2024-05-17,1035559.0123399679,3943.9507644042606,2285.1301438390506,65.27408631763038,11403.722660364592,22.340025874671085
2024-05-20,1039738.9664250244,4648.8570665139705,2757.8755283740347,65.58996130312116,11418.35271613575,22.17467387462258
2024-05-21,1039971.8055864099,5166.729719884112,3239.64636667605,80.72968305789996,10925.57407989273,23.722057753154107
2024-05-22,1040530.7077409786,5558.175079215202,3703.35210918388,80.11197893794494,10947.93976922458,23.997195831052807
2024-05-23,1033844.9538977781,5268.185523345019,4016.318792016108,65.75945823426761,10791.555805609012,25.184870870204144
2024-05-24,1026325.089970781,4381.074241539813,4089.2698819208495,54.08838224408181,10965.266821890953,25.4200148473573
2024-05-28,1028355.2609099712,3798.0682211259846,4031.0295497618768,52.61806355821745,10967.204351679406,25.475960740431866
2024-05-29,1030624.1997465121,3479.012263646815,3920.626092538864,56.62899733102065,10972.142179318455,25.982458867193944
2024-05-30,1025365.1493946862,2769.8673997937003,3690.4743539898313,53.742306060764164,10984.524105137405,26.41846339275249
2024-05-31,1025832.9611257527,2220.022446264047,3396.383972444675,48.58699991649422,10923.463172635655,25.496111807262377
2024-06-03,1026359.5102645428,1805.936759313685,3078.2945298184773,47.50433209872316,10921.737104392636,23.871893512382034
2024-06-04,1030891.9080533634,1822.4889733830933,2827.133418531401,55.50624655412743,10925.638666833178,23.598936617484828
2024-06-05,1031512.7984713077,1864.2178471095394,2634.5503042470286,53.14360739947265,10927.753817965518,22.41195535096258
2024-06-06,1035729.4056153746,2212.034282779554,2550.047099953534,47.08204537124234,10610.243532223602,20.249786226878207
2024-06-07,1038369.0171657933,2669.8989724944113,2574.0174744617098,53.36613462718716,10612.25067852776,18.551858682859024
2024-06-10,1026156.1913364847,2023.9561535797548,2464.0052102853188,36.355062071215414,11108.409044366397,18.208706521863128
2024-06-11,1028897.5366440924,1713.4933866200736,2313.90284555227,39.408840235425075,11100.498852264735,15.27547070917377
2024-06-12,1030580.3758927566,1584.9699236634187,2168.1162611745,40.6840221589684,11093.391472373158,12.24741423787904
2024-06-13,1034124.1954213466,1748.9104216485284,2084.2750932693057,50.27778193649552,10985.267425339154,10.039342787990677
2024-06-14,1032599.6382608805,1735.8061332332436,2014.5813012620933,57.08709588518316,10819.160782893272,10.467241402118228
2024-06-17,1035608.0912223076,1945.7485237541841,2000.8147457605116,58.0149393135128,10824.341375973509,11.237385295118079
2024-06-18,1035366.1792751417,2068.7617111548316,2014.4041388393757,55.48603128807682,10827.72850420825,11.074306144229668
2024-06-20,1037277.8977672528,2294.065692549804,2070.3364495814617,64.93898737350239,10826.792995556332,12.670808625808531
2024-06-21,1037945.8228082124,2497.724476767122,2155.8140550185935,65.11407899140971,10835.445039615226,14.696198291886978
2024-06-24,1032692.3021462937,2209.7378363652388,2166.5988112879227,57.06809687309411,10846.401258901285,15.420012486553858
2024-06-25,1032772.8423307281,1965.349938097992,2126.349036649937,52.33097198635932,10847.744783385117,14.966768461171364
2024-06-26,1032517.4613681796,1731.1085172225721,2047.300932764464,51.25642366271816,10848.46239974003,14.69729611131631
2024-06-27,1028334.3253723708,1194.160845734761,1876.6729153585236,40.744020862832244,10843.180199566455,15.603808850558462
2024-06-28,1031887.852401893,1043.3389191948809,1710.0061161257952,42.06935047868867,10838.550796163676,16.185498515646465
2024-07-01,1030838.6319711403,829.5851940202992,1533.921931704696,57.88345544730908,10336.035048572263,15.430328278077189
2024-07-02,1030698.7034872697,641.4979782154551,1355.4371410068477,53.32361798949086,10337.321596317392,14.461800692787309
2024-07-03,1032732.6106419059,649.0746849694988,1214.164649799378,53.92063236995148,10338.858906852498,13.761024455953915
2024-07-05,1037175.9293212804,1002.0667608669028,1171.745072012883,55.38280776711972,10341.03871678102,14.489883001509664
2024-07-08,1043776.7472387265,1793.768913336331,1296.1498402775726,66.72053177092904,10447.731950426083,15.862783475604974
2024-07-09,1040809.6648031017,2156.916229798575,1468.303118181773,57.79100060548584,10451.447360126642,15.830843524614123
2024-07-10,1040626.3955732657,2402.2333485237323,1655.089164250165,57.89270187922713,10455.20465748244,16.174185494750958
2024-07-11,1043477.6450971427,2794.507596170064,1882.9728506341448,59.04733856531379,10459.633048432364,15.334557540343724
2024-07-12,1051158.9487290834,3682.752295350656,2242.9287395774472,66.00574323423089,10642.32163039693,15.461539488475813
2024-07-15,1054797.060298497,4626.921546167927,2719.7273008955435,77.8672668301455,10651.677946849402,18.42242529013503
2024-07-16,1056238.348606184,5428.901404872537,3261.562121690942,78.60144390225128,10668.439022760456,22.163680789306557
2024-07-17,1062306.2013234554,6479.410611732514,3905.131819699257,81.80246361461629,10743.73967348953,26.5129117396148
2024-07-18,1061247.1675328477,7144.138370429282,4552.933129845262,87.64917553180835,10767.248846461298,30.619011699839486
2024-07-19,1055236.4408366848,7104.0336201938335,5063.153227914976,75.28703675330509,10836.393873341838,33.15985139643489
2024-07-22,1048354.367998149,6442.657608015579,5339.054103935097,66.84206586358263,10966.069470400074,34.436462691096686
2024-07-23,1052019.3230882904,6143.426008992363,5499.928484946551,69.19912075743935,10981.298484400813,36.699237078698204
2024-07-24,1055116.1631457265,6086.016116801067,5617.146011317454,69.77767650828102,10997.286736189262,38.95911513874678
2024-07-25,1051093.4150929544,5650.777568945312,5623.872322843026,62.38930206881847,11007.227797454738,39.95824153983627
2024-07-26,1045689.0143380852,4814.262092955178,5461.9502768654565,51.73934380953119,10922.452381234749,37.82206940177408
2024-07-29,1052026.1012224443,4609.531689801253,5291.466559452616,59.61283498666581,11007.389577123346,38.081872611016486
2024-07-30,1051362.2344526937,4343.642068207031,5101.901661203499,59.12577219543952,11015.058033465806,38.257721730474714
2024-07-31,1053933.0996078334,4290.907054340118,4939.702739830823,58.930004020280904,11022.526215259151,38.24099018624755
2024-08-01,1069518.1286373034,5443.941401332733,5040.5504721312045,63.81534629904027,11593.634879335603,37.929015229088684
2024-08-02,1065490.628697249,5963.994624968385,5225.239302698641,58.000064207535964,11601.273142477572,35.101063913417455
2024-08-05,1067426.0534904695,6457.8708420912735,5471.7656105771675,58.30831005732588,11609.26436025206,32.212784818864556
2024-08-06,1061404.448310049,6290.860959722893,5635.584680406313,49.32987207903423,11605.638910115056,27.708399826842005
2024-08-07,1059633.2593910252,5947.030614358606,5697.873867196771,48.813203532771624,11604.486118585179,22.4483834671969
2024-08-08,1053583.6469598513,5127.2852710380685,5583.75614796503,48.7853033691441,11606.673387558523,18.947267839064896
2024-08-09,1063007.6510221339,5178.376448378898,5502.680208047805,60.38133661385127,11793.473218906147,18.02683696352498
2024-08-12,1065912.2299817502,5391.096616026713,5480.363489643586,59.949836314342555,11803.396723830041,16.709386437591
2024-08-13,1069894.6076263394,5814.003264709376,5547.091444656744,60.451473945945494,11813.952755601893,15.381123108468858
2024-08-14,1074900.8965046713,6478.446010926506,5733.362357910696,66.60589397233886,11830.958099467414,15.981735591745196
2024-08-15,1072542.7938979035,6737.081618266879,5934.106209981933,69.56202318842514,11837.571107497355,18.5223561995049
2024-08-16,1074382.2356863304,7009.676591547439,6149.220286295034,67.42763809146884,11776.614319382501,19.635716261938175
2024-08-19,1083628.7966514144,7880.983196414541,6495.572868318936,72.18469287106562,12073.120219654937,21.495403149107567
2024-08-20,1087700.8618412593,8798.656156153651,6956.189525885879,72.74726648034343,12097.240049821674,23.463011555412457
2024-08-21,1091240.208536041,9699.702158311615,7504.892052371027,67.4676297431983,11381.51022215768,23.98312494891464
2024-08-22,1092754.0194201856,10415.871807076037,8087.088003312029,72.84728130298214,11400.984072674066,26.097576490801806
2024-08-23,1084448.4982287472,10195.725290898234,8508.81546082927,62.88905295512954,11619.091440365317,26.750567089719933
2024-08-26,1095074.4165998243,10754.706833000062,8957.993735263428,73.83248259489605,11959.995942658561,30.122719644804395
2024-08-27,1094436.9169844075,11019.239902841393,9370.24296877902,75.03675480674681,11984.855698082412,33.592247479955745
2024-08-28,1096873.5522107005,11295.295233129757,9755.253421649168,82.8490600819518,11959.941759234827,38.167372355840264
2024-08-29,1091784.6522498438,10976.904452482471,9999.583627815828,73.3742537805067,11686.999202456625,40.017208203507025
2024-08-30,1092676.6924176067,10673.519957352662,10134.370893723195,72.47433290010349,11706.11667562509,41.80059075872038
2024-09-03,1091323.8102380845,10206.267772119492,10148.750269402455,68.82561490476228,11721.423248919193,42.993372195948496
2024-09-04,1085725.9061429973,9277.319804341998,9974.464176390364,59.411966792800875,11741.246438973167,41.968362479908585
2024-09-05,1089475.3031559337,8742.884322877508,9728.148205687794,64.37445354356171,11753.341088443196,41.22980810909802
2024-09-06,1091689.1315690882,8401.134752718266,9462.745515093888,64.5994781477865,11765.703156930877,40.82708619332287
2024-09-09,1087475.6458762079,7701.524296293035,9110.501271333718,53.546186857549955,11494.992550532366,38.171344647361636
2024-09-10,1090774.0343162988,7328.749092932558,8754.150835653487,52.87397400600907,11497.187673728813,35.33963095569353
2024-09-11,1094822.1968843478,7276.100587546127,8458.540786032016,53.318230573955404,11499.746236834742,33.322532681783464
2024-09-12,1096795.7625546106,7309.368671409087,8228.70636310743,53.71250834542295,11502.633196216475,30.59630521286175
2024-09-13,1104884.4754516473,7897.389211277477,8162.44293274144,68.84635491563574,11494.445452767375,31.44463277652982
2024-09-16,1111380.799225796,8786.31558533688,8287.21746326053,66.27782295331615,11205.29811821033,30.369738277917577
2024-09-17,1112443.1636106437,9467.385936620878,8523.2511579326,67.8235232583464,11218.159722943341,29.3437045840414
2024-09-18,1107686.5502781605,9513.652687467402,8721.33146383956,60.23326932252064,11225.883292991519,26.126828045712593
2024-09-19,1104118.8018112292,9156.877156580798,8808.440602387807,62.01891339163646,11234.693399821075,24.510402734391956
2024-09-20,1113053.332985049,9485.726425090339,8943.897766928314,67.16537395707981,11489.909893718865,23.754996333690833
2024-09-23,1113632.5890966246,9681.480881682597,9091.414389879172,69.04120130887819,11505.844735760691,23.78567733510017
2024-09-24,1115735.9923673854,9892.31234497996,9251.59398089933,77.23941239077598,11515.189471322943,26.323085078369868
2024-09-25,1121088.6753674254,10371.755441925721,9475.626273104608,77.88312965368122,11537.770451474003,28.244719585049044
2024-09-26,1117152.7890229656,10315.217015280621,9643.544421539811,71.79692430024639,11555.95877822678,29.26916855916184
2024-09-27,1119630.9047917735,10351.052645303775,9785.046066292605,78.36773749217306,11578.926820309334,32.803731880879
2024-09-30,1122302.8751184437,10474.316909753485,9922.900234984781,78.12597118818555,11601.447420882294,36.39991869402518
2024-10-01,1117671.496707737,10082.071353015257,9954.734458590876,70.1732913670715,11617.76834932758,38.80207960696813
2024-10-02,1118582.695646957,9732.54929256835,9910.297425386372,69.60307728081261,11633.33044439353,41.066822037394545
2024-10-03,1113129.3477378483,8912.770075336797,9710.791955376459,57.78775869756383,11456.056030328069,39.49126079887743
2024-10-04,1111176.7205373945,8013.157748690806,9371.265114039328,49.78913624149036,11388.808847120663,37.13957145652072
2024-10-07,1108673.438434312,7017.323219606187,8900.4767351527,46.217569060043246,11386.116186280435,35.06705728857998
2024-10-08,1106153.9301723158,5956.155072276713,8311.612402577504,48.38993368498154,11385.021457633402,33.76530487688089
2024-10-09,1106610.9115733083,5093.333472342463,7667.956616530497,52.80111975749937,11386.801536034893,32.45045922187542
2024-10-10,1104709.3715547337,4207.600154988235,6975.885324222045,38.860215301218226,11140.179812949335,31.52423039132764
2024-10-11,1107783.7234358613,3710.9471344163176,6322.8976862609,42.6790849900576,11136.002051763071,29.78445285654285
2024-10-14,1111763.6053638142,3597.0249828144442,5777.723145571609,45.25092602497138,11133.164632474804,26.511092285959446
2024-10-15,1112282.0114568835,3508.132330347551,5323.804982526798,38.09539521043408,11126.874158252995,24.170176882532438
2024-10-16,1112122.7390927076,3385.802886055084,4936.204563232455,42.42732937032191,11123.281265445668,22.07435502664728
2024-10-17,1114081.1553573846,3407.6030190642923,4630.484254398823,41.51211038390722,11119.31715870682,19.17551261485658
2024-10-18,1114543.3943815073,3422.7235808214173,4388.9321196833425,37.272208483831164,11113.774672466165,16.917985264844628
2024-10-21,1120351.594732401,3858.89699958195,4282.925095663064,54.23272457197022,11130.434912286033,14.646364480657237
2024-10-22,1116936.2406905536,3884.202381317271,4203.180552793906,47.5903239574036,11129.258873031475,12.124359020481402
2024-10-23,1119310.4025400646,4049.1559489474166,4172.375632024608,59.942430997021376,11133.673912175915,12.431616604085235
2024-10-24,1110374.569274742,3419.4188431738876,4021.7842742544644,48.94640735276698,11374.81240548468,12.540836635942615
2024-10-25,1114621.096026356,3225.8216055238154,3862.5917405083346,57.469928375690635,11379.060732336133,13.138036377437999
2024-10-28,1114217.811445828,3005.2105085705407,3691.115494120776,60.69637746832118,11384.820647531506,14.505807173744632
2024-10-29,1113301.7207610295,2725.041184152011,3497.9006321270235,58.76826349344976,11389.5997969513,15.357249653912428
2024-10-30,1116470.4362442298,2727.2557271090336,3343.7716511234257,64.91735861840367,11398.00055744381,15.963369261923132
2024-10-31,1117111.0866184079,2749.0169432964176,3224.820709558024,62.60896375285337,11404.662959717049,16.787179935312857
2024-11-01,1109879.8338935566,2157.886431565741,3011.433853959568,47.65923683609666,11523.449805479979,16.442900096293034
2024-11-04,1107858.6687208829,1508.9261429987382,2710.932311767402,44.70146202782507,11520.290274954252,15.497574239365152
2024-11-05,1109419.7080905016,1107.8130900680553,2390.308467427533,46.86735346196851,11518.359538524095,14.86262138779136
2024-11-06,1114701.9295308827,1202.2998661778402,2152.7067471775945,50.667976964576155,11518.802948648026,13.815911134243729
2024-11-07,1107158.9103176317,660.9042137402575,1854.346240490127,43.104736959188635,11656.901507292609,12.981076204731341
2024-11-08,1117417.3875707127,1047.5422245978843,1692.9854373116787,47.47041477775209,11973.730497748242,12.666695376485979
2024-11-11,1116994.5183762296,1304.7927848312538,1615.346906815594,50.05297460233904,11973.772124666571,12.401377734581926
2024-11-12,1108288.3177664538,796.9612060596701,1451.6697666644093,41.015192642627376,12191.953422752824,12.19571422451305
2024-11-13,1103105.2802170988,-23.45640182774514,1156.6445329659784,43.68816027309195,11945.049614929561,12.9474271980538
2024-11-14,1099154.1852094985,-981.1534866553266,729.0849290417175,36.501004746423874,11934.001821488957,13.740675514248327
2024-11-15,1094832.8185989154,-2065.0291261919774,170.2621179949785,34.16445072714568,11920.155398026875,14.408616615159518
2024-11-18,1094852.035068914,-2889.153408835409,-441.62098737109903,34.70437255851576,11906.977051103937,15.274089888889117
2024-11-19,1100922.4553086308,-3017.6599540759344,-956.8287807120662,37.70172336407125,11936.28620494804,14.83385358188012
2024-11-20,1104164.0879509195,-2825.3606553317513,-1330.5351556360033,40.16380045570398,11927.03834875698,14.369977576886443
2024-11-21,1104382.5498339657,-2625.073810598813,-1589.4428866285652,45.32545642576436,11802.979320472721,14.703600447810107
2024-11-22,1109633.783498263,-2019.3367161708884,-1675.42165253703,51.430845111753385,11804.247259599422,14.222084793020931
2024-11-25,1113525.347324011,-1211.3058473579586,-1582.598491501216,53.18954879223071,11807.17985905193,14.30135654279448
2024-11-26,1108212.7189257564,-988.2285904863384,-1463.7245112982405,44.961106229245324,11802.544708619693,14.854698302638068
2024-11-27,1112045.8803464985,-496.4118389696814,-1270.2619768325287,54.02674696545861,11662.66221137867,14.51543792014593
2024-11-29,1115677.6725134174,184.287405180512,-979.3521004299206,48.39078219730106,11327.748820964363,14.383905717720404
2024-12-02,1122802.0348213208,1283.8238357841037,-526.7169131871158,54.77936329578327,11439.779342267779,15.05876109029973
2024-12-03,1121058.1011636492,1991.536316291429,-23.066267291406803,61.86917290798483,11222.846400341235,15.539067222330937
2024-12-04,1121741.0348418811,2577.795375735499,497.1060613139744,68.90273612389376,11236.157653644648,17.40348605179262
2024-12-05,1122642.1295132309,3079.6207621798385,1013.6090014871472,75.39577572820706,11252.934756718741,19.162615559000482
2024-12-06,1120928.2122361336,3300.9706609398127,1471.0813333776805,79.9009796417674,11271.57432360247,21.227019041417826
2024-12-09,1122064.0002271745,3527.379217248643,1882.3409101518732,80.40244394432231,11291.011441572653,23.439998884570894
2024-12-10,1121111.426493327,3588.57799664489,2223.5883274504768,75.46856541049858,11265.017280763614,25.381444231600028
2024-12-11,1122610.0886254332,3715.1816776888445,2521.9069974981503,74.34016240883031,11278.192995531135,27.51498938902005
2024-12-12,1126047.8087248558,4046.2684251535684,2826.779283029234,76.34947645001489,11293.668180453209,30.67255491884861
2024-12-13,1120285.7337480183,3799.9028482327703,3021.4039960699415,62.79599423858775,11312.751452638584,32.29380018057942
2024-12-16,1114761.9189056181,3122.9314504167996,3041.709486939313,51.42941520626647,11313.634718054023,32.04247491315845
2024-12-17,1115916.4463564348,2649.0508476300165,2963.177759077454,59.852231945353374,11319.137380504515,32.799757833545996
2024-12-18,1114848.1377606145,2162.367058912292,2803.0156190444222,53.85651175684576,11321.13899294317,32.7754582766021
2024-12-19,1098597.664094669,460.08565498236567,2334.429626232011,32.5536835145129,12077.330797320648,35.042162995776444
2024-12-20,1094512.1850438535,-1204.7609037740622,1626.5915202307963,19.190756247466652,11949.241466494112,38.70312352757997
2024-12-23,1102459.8674675133,-1861.3952404705342,928.9941680905301,32.15656179376167,12109.912948591318,39.491706575905035
2024-12-24,1101290.192231211,-2447.947286755778,253.60587712126858,30.560697862404723,12095.305203869424,39.50743185121792
2024-12-26,1104658.6315233954,-2610.892367668217,-319.2937718366286,33.67189042248744,12082.459848162402,38.15365958360204
2024-12-27,1105338.1697406634,-2654.5939565477893,-786.3538087788608,35.574060885418504,12071.32410352278,35.887277497226535
2024-12-30,1100882.150206366,-3014.047255909769,-1231.8924982050426,31.53443118274859,12056.194210650781,34.128667808267934
