date,SPY_weight,SHY_weight,GLD_weight,FXY_weight
2022-02-02,0.004513536978620024,0.9397301576979742,0.008820406691077745,0.046935898632328034
2022-02-03,0.003967468671645696,0.9369278005073595,0.008710520275370027,0.05039421054562484
2022-02-04,0.0034648145302211136,0.948882984696978,0.008882955308354326,0.038769245464446614
2022-02-07,0.004274013840412358,0.9355030481482716,0.01284526049159597,0.04737767751972006
2022-02-08,0.0044044446765893665,0.932790728312912,0.012836290941625231,0.04996853606887344
2022-02-09,0.0044514711312957644,0.9314355483782494,0.013402144086887752,0.050710836403567154
2022-02-10,0.004244146084361437,0.9314858759598963,0.015237713949220773,0.04903226400652153
2022-02-11,0.010182538057910789,0.8293421744910139,0.03890614008554829,0.12156914736552708
2022-02-14,0.015585429377906902,0.799850924526508,0.0459506952938243,0.13861295080176078
2022-02-15,0.016272058285419312,0.7949071658160206,0.04789661849700757,0.1409241574015525
2022-02-16,0.01739859988497398,0.7922683435569408,0.048075802203605154,0.14225725435448006
2022-02-17,0.017276920186754897,0.781149028190902,0.051814587343381256,0.14975946427896178
2022-02-18,0.01821695677253952,0.7897098729191743,0.05324462287339339,0.13882854743489276
2022-02-22,0.011759884694081034,0.8574556733441941,0.021398147899560342,0.10938629406216444
2022-02-23,0.011374986657003622,0.8590711609143371,0.02111604780996448,0.10843780461869476
2022-02-24,0.010939681787614022,0.8598013174997627,0.021038473401928773,0.10822052731069443
2022-02-25,0.010055966244871947,0.8487586906121498,0.025700497412653716,0.11548484573032454
2022-02-28,0.01746009612432061,0.7141530429224227,0.09180604456693213,0.17658081638632456
2022-03-01,0.021498717258998223,0.7144003490027131,0.09598809726778999,0.16811283647049866
2022-03-02,0.028667691426824987,0.6914941962367019,0.09903708986290308,0.18080102247357002
2022-03-03,0.013484349618305764,0.8153282993905491,0.027362927895961592,0.14382442309518353
2022-03-04,0.013821818092363979,0.8120917063295052,0.026901911406693072,0.14718456417143777
2022-03-07,0.01596122115658118,0.821494020664238,0.02480952923640961,0.13773522894277118
2022-03-08,0.0430846402583872,0.6667682236412299,0.12185446318305272,0.16829267291733016
2022-03-09,0.043265952899067026,0.6934433752533232,0.09334291560517567,0.16994775624243408
2022-03-10,0.04939406683074464,0.6970589758276993,0.07784911278600616,0.17569784455554996
2022-03-11,0.05640510180197784,0.6886041545439817,0.08339833833828496,0.17159240531575548
2022-03-14,0.03947199226093398,0.8011151984045604,0.05571328671591505,0.10369952261859061
2022-03-15,0.03038482317645178,0.8330955802070172,0.039330202916026374,0.09718939370050461
2022-03-16,0.0278070964588831,0.8449040997744761,0.03629984049739157,0.09098896326924921
2022-03-17,0.021505669867918114,0.8555612301322341,0.030321498029274325,0.09261160197057348
2022-03-18,0.018778930719094547,0.8645610900885836,0.02783341316961495,0.08882656602270687
2022-03-21,0.019134437564069445,0.8560491121574987,0.026865129909149094,0.09795132036928277
2022-03-22,0.023901382892377098,0.8258584610910732,0.03276692319021078,0.1174732328263389
2022-03-23,0.024606029191061952,0.8479533798771065,0.03268106331968198,0.09475952761214956
2022-03-24,0.028745554842378045,0.8353365608839995,0.03533436095480537,0.10058352331881706
2022-03-25,0.025022731765491437,0.8567123682921506,0.03098890341795044,0.08727599652440758
2022-03-28,0.02916202321518512,0.8435685971947362,0.03308534709500411,0.09418403249507457
2022-03-29,0.008416925046668279,0.9185858983023212,0.007115551062266883,0.06588162558874369
2022-03-30,0.01832781039725889,0.9090108886958821,0.019865750205067038,0.05279555070179195
2022-03-31,0.016453098790407492,0.9289467526270723,0.017380003281100422,0.03722014530141983
2022-04-01,0.014611241073165453,0.9313763058365901,0.016618235944502308,0.03739421714574214
2022-04-04,0.013385604870839778,0.9313918275659603,0.015849149852861073,0.0393734177103389
2022-04-05,0.016661431953856904,0.9263061861673211,0.015538182813155815,0.04149419906566617
2022-04-06,0.01405108691188725,0.9251769987525468,0.01892214201329226,0.04184977232227376
2022-04-07,0.010278439014448588,0.9438360664122306,0.012776609225099227,0.03310888534822158
2022-04-08,0.011049904356529803,0.9407779299775901,0.013428441106147116,0.034743724559733
2022-04-11,0.012055129138897466,0.9356301573888108,0.01370116472831099,0.03861354874398067
2022-04-12,0.009621078647014163,0.9406891172010852,0.014153997329860361,0.035535806822040356
2022-04-13,0.013980673319022469,0.9264229320513292,0.02045554346397103,0.03914085116567736
2022-04-14,0.016279235070430248,0.9229080003823079,0.021025962334215196,0.03978680221304661
2022-04-18,0.01691899423643014,0.9171512050519406,0.022614210580893915,0.043315590130735326
2022-04-19,0.022803502716789433,0.8683710947209037,0.033744369190013085,0.07508103337229377
2022-04-20,0.02131371023354284,0.8886009481080018,0.024757158226974087,0.06532818343148122
2022-04-21,0.021921708609416134,0.8960387795700084,0.026380878390821764,0.055658633429753614
2022-04-22,0.021174293387886543,0.8931576799774309,0.030760782180830018,0.05490724445385256
2022-04-25,0.016497285827709374,0.8997512431698352,0.030085124528791342,0.053666346473664084
2022-04-26,0.01609520696048035,0.9164466640091675,0.031220814711972064,0.03623731431838011
2022-04-27,0.013689365172686273,0.9019025884474444,0.04104142884936045,0.04336661753050881
2022-04-28,0.01547676158744731,0.8966700976663093,0.041043524097523605,0.046809616648719764
2022-04-29,0.010385603750346058,0.9145516765848047,0.03721428027801485,0.037848439386834395
2022-05-02,0.008508342457918644,0.9175835337631849,0.03837414791242578,0.0355339758664707
2022-05-03,0.008026779335385205,0.929902825260423,0.029060451662957676,0.033009943741234164
2022-05-04,0.008157138017467034,0.9301866681689875,0.02952580697418278,0.032130386839362673
2022-05-05,0.006967674443486693,0.9308501423937718,0.02873913334565923,0.033443049817082245
2022-05-06,0.006158480683898584,0.9293540598990421,0.029983044990583227,0.0345044144264761
2022-05-09,0.006182618573717815,0.9297472251844447,0.03013474615267287,0.03393541008916459
2022-05-10,0.005989906781737187,0.9261333517934318,0.030331693616033474,0.03754504780879756
2022-05-11,0.0060619759020200436,0.9241160334653008,0.030891726397573673,0.03893026423510554
2022-05-12,0.005250927524656539,0.9348827029149679,0.026986200756863605,0.032880168803512015
2022-05-13,0.006009172208572769,0.9356764938103383,0.028382304695948497,0.029932029285140434
2022-05-16,0.005166132252960753,0.9408890939790931,0.02680032087957479,0.02714445288837127
2022-05-17,0.005301425975957173,0.9411059215809434,0.025210499498182996,0.028382152944916448
2022-05-18,0.0048345625589099805,0.9364020414419862,0.025454819222503623,0.03330857677660013
2022-05-19,0.0043408174675898074,0.9351637240198991,0.027281962850523023,0.033213495661988106
2022-05-20,0.004228167652523882,0.9416984548629294,0.021631043436540424,0.03244233404800632
2022-05-23,0.004567400110372692,0.9402148446679527,0.02266983919456102,0.032547916027113634
2022-05-24,0.003935913341708845,0.9408865325228304,0.02342263951412937,0.031754914621331384
2022-05-25,0.004453329331372154,0.9396455231193253,0.023609412445280312,0.032291735104022314
2022-05-26,0.004376325654273391,0.9384726194982794,0.023738258544380258,0.033412796303066976
2022-05-27,0.004659930910011393,0.9129546926295831,0.025133361215482028,0.05725201524492347
2022-05-31,0.004576035994929211,0.9183271407666406,0.022749938505522944,0.054346884732907254
2022-06-01,0.004907741479217136,0.9213419166454361,0.028652421529763213,0.04509792034558358
2022-06-02,0.005581831642730728,0.9197901119883074,0.03182854983426954,0.04279950653469236
2022-06-03,0.005070658186716773,0.9302803555446144,0.02565392492140299,0.038995061347265825
2022-06-06,0.005153463712991325,0.9387345784238942,0.021332232047594244,0.03477972581552024
2022-06-07,0.005577058727790014,0.936167332153663,0.022891261848868364,0.03536434726967867
2022-06-08,0.005954107205293992,0.9435808924715683,0.02254358863108641,0.027921411692051364
2022-06-09,0.005714040051029233,0.9460873920270251,0.023613190576811806,0.024585377345133892
2022-06-10,0.005124249464290638,0.9456296950443733,0.02348959312580106,0.025756462365535013
2022-06-13,0.005559997596616824,0.9392326987845008,0.021623329803023023,0.03358397381585935
2022-06-14,0.009025011581837238,0.8713488771418129,0.028975717480561547,0.0906503937957883
2022-06-15,0.009052933025560261,0.8708108982265179,0.029526996054737024,0.09060917269318475
2022-06-16,0.01159995240090839,0.8630241167732295,0.035021683735159334,0.09035424709070272
2022-06-17,0.013031966438252177,0.8667111255411366,0.0341908315109738,0.08606607650963742
2022-06-21,0.010911508719153572,0.9222098383935552,0.027817063683432224,0.039061589203859
2022-06-22,0.012075397037191524,0.8918576070139946,0.03512335993187803,0.06094363601693586
2022-06-23,0.014961982004573476,0.8760705815454105,0.03970772330920583,0.06925971314081021
2022-06-24,0.010750626354109574,0.9184129382058378,0.03155956202037088,0.0392768734196817
2022-06-27,0.00928782688925453,0.921454546638692,0.031104584730065447,0.038153041741988025
2022-06-28,0.009811508829209689,0.9206841975661442,0.030981826579739514,0.03852246702490665
2022-06-29,0.012910333984628092,0.8876445681666814,0.038110402163646334,0.06133469568504419
2022-06-30,0.01048086654452387,0.91324397943781,0.033540193952599724,0.042734960065066434
2022-07-01,0.013712216282178257,0.8749217552932649,0.04201827465643815,0.06934775376811872
2022-07-05,0.012417126312273279,0.8953811524270355,0.043811035352861384,0.048390685907829765
2022-07-06,0.012690561006385083,0.8979411365195752,0.037868960331274536,0.05149934214276517
2022-07-07,0.017449830825196036,0.8542238617592799,0.04165924497494412,0.08666706244057996
2022-07-08,0.016778484426730512,0.8530094450398393,0.04339483967327458,0.08681723086015554
2022-07-11,0.017302814320048425,0.8414707430412717,0.04296923363291783,0.09825720900576207
2022-07-12,0.01813109234696931,0.8474558205499406,0.04314933006003636,0.0912637570430538
2022-07-13,0.018907621360123177,0.8562361335343471,0.042222513951137956,0.08263373115439172
2022-07-14,0.015955484615401385,0.8898064895037333,0.055708710980707656,0.038529314900157624
2022-07-15,0.014526148293048468,0.9049831976002705,0.046663936702831164,0.03382671740384988
2022-07-18,0.011063280378544265,0.9141527935836639,0.04627161452699329,0.028512311510798635
2022-07-19,0.011789400559443386,0.9097139367026553,0.04555431227568535,0.03294235046221593
2022-07-20,0.009994997607945076,0.8884843933735059,0.04467074200396083,0.05684986701458821
2022-07-21,0.01147167630702374,0.8748258097049653,0.04305665760865328,0.07064585637935777
2022-07-22,0.01077395104629098,0.8901548254748427,0.031557731253330494,0.0675134922255358
2022-07-25,0.0126137644474548,0.8807457559407731,0.03729491219395872,0.06934556741781338
2022-07-26,0.017608436378240146,0.8763986575062602,0.038123943489362676,0.06786896262613695
2022-07-27,0.016487068720253403,0.8796546858260592,0.03764102862997077,0.06621721682371658
2022-07-28,0.014559765868821907,0.8839620084107296,0.03036043632553675,0.07111778939491172
2022-07-29,0.014758733873511731,0.9037924497538151,0.027423966939084724,0.054024849433588575
2022-08-01,0.01483706851130102,0.932660585982901,0.01814254421895307,0.03435980128684484
2022-08-02,0.012235183912442707,0.9499236285897483,0.014185790895079237,0.023655396602729722
2022-08-03,0.015474110810324078,0.9325694862383109,0.024896521610743984,0.02705988134062096
2022-08-04,0.012565291230653966,0.9388296494879674,0.026830014346026266,0.021775044935352327
2022-08-05,0.01338705635373051,0.9434796777316297,0.021708327491081172,0.02142493842355867
2022-08-08,0.017328487804655894,0.9074321049386913,0.03919098155830126,0.03604842569835153
2022-08-09,0.019803941954562157,0.899738990544224,0.04149691592646208,0.038960151574751696
2022-08-10,0.021269839911333622,0.8952640646858044,0.04391490825770645,0.039551187145155514
2022-08-11,0.020019168009922594,0.9025905246575224,0.04372871642838966,0.0336615909041653
2022-08-12,0.02094020013291968,0.8869337614816647,0.05532343752006104,0.03680260086535459
2022-08-15,0.019973123498297427,0.8932707711440192,0.050486033048754944,0.03627007230892839
2022-08-16,0.02171858840035183,0.8996084477931611,0.042015589596638946,0.03665737420984818
2022-08-17,0.025569590004392455,0.899846974727146,0.03995438366797061,0.03462905160049094
2022-08-18,0.02333076116031795,0.9020465383196682,0.0404521756437284,0.03417052487628547
2022-08-19,0.0215541327975441,0.9066591912727777,0.04125835221595779,0.03052832371372033
2022-08-22,0.016973425770024527,0.9219040911502623,0.032470080595892466,0.028652402483820755
2022-08-23,0.01372083685826235,0.9252794692289895,0.031605591356128795,0.029394102556619305
2022-08-24,0.014895187732829182,0.9248530805825177,0.031176846791340453,0.029074884893312617
2022-08-25,0.01871851432690364,0.920623210761397,0.033014683636955026,0.027643591274744406
2022-08-26,0.016751933637828252,0.920060378531084,0.03393318229793627,0.029254505533151447
2022-08-29,0.010775371032010579,0.9303463537244626,0.028396113736968893,0.03048216150655787
2022-08-30,0.010867263190675366,0.92368485661501,0.029926056875762067,0.0355218233185526
2022-08-31,0.0077944912698522896,0.9417165840026608,0.021375351623386694,0.029113573104100267
2022-09-01,0.008414995454013759,0.9416264312471841,0.02065982770892954,0.02929874558987256
2022-09-02,0.007548518564224554,0.9388469100344837,0.025233220746452407,0.02837135065483929
2022-09-06,0.00434222259240281,0.9590967079440263,0.01816261258739122,0.01839845687617957
2022-09-07,0.005682281109607099,0.9526400410378333,0.020731590431444027,0.020946087421115582
2022-09-08,0.005116096637150735,0.9540254861311035,0.01831535453406774,0.02254306269767807
2022-09-09,0.005816946316043704,0.9359791371129323,0.017790573639428018,0.04041334293159589
2022-09-12,0.00505594949771791,0.9467987393620394,0.016115561449910238,0.03202974969033242
2022-09-13,0.005414214636921702,0.9455909198328787,0.017546109304555146,0.031448756225644456
2022-09-14,0.0047693549997436645,0.9319309282213449,0.023367097396333542,0.039932619382577896
2022-09-15,0.004630474710912153,0.9393027981815099,0.02275826435371975,0.033308462753858264
2022-09-16,0.0046021583160823715,0.9432655483317863,0.018171500819793775,0.033960792532337525
2022-09-19,0.005214629051584612,0.9463724922451805,0.02117559822172865,0.027237280481506237
2022-09-20,0.005253352846440459,0.9445429667096078,0.021635744053514303,0.028567936390437424
2022-09-21,0.00537940589167975,0.9453703141330022,0.021254030434782526,0.02799624954053546
2022-09-22,0.005004625787119709,0.9447866365921085,0.02121722257204079,0.028991515048730966
2022-09-23,0.005437015190685549,0.946054902856903,0.022772185083627713,0.02573589686878382
2022-09-26,0.0055094756587740195,0.9502542337295622,0.01912735728155012,0.025108933330113662
2022-09-27,0.007341067052339899,0.9451645484230491,0.020563680605254785,0.026930703919356192
2022-09-28,0.007494065154646801,0.9431191555134932,0.02071181272527236,0.028674966606587627
2022-09-29,0.011779970828897042,0.9125114322208979,0.02645811772015452,0.04925047923005054
2022-09-30,0.01125562652001164,0.9112961462603054,0.027193806770241583,0.050254420449441305
2022-10-03,0.0109535859829355,0.9082216015875982,0.027989165782555774,0.05283564664691054
2022-10-04,0.009226235873509493,0.915794429867905,0.021721340998811785,0.05325799325977373
2022-10-05,0.0071248967093274695,0.9066065535156232,0.01934313281010445,0.06692541696494482
2022-10-06,0.0067627583940501595,0.9119301776621496,0.018580271160177634,0.06272679278362271
2022-10-07,0.0067471653139141805,0.9137865371552808,0.018909810057827006,0.06055648747297803
2022-10-10,0.0067794381084476454,0.9027608097390553,0.018148560059927113,0.07231119209256995
2022-10-11,0.006916901973076249,0.9055581732252936,0.01701719974745586,0.07050772505417426
2022-10-12,0.008017333257804399,0.9002776480078759,0.015107515625480657,0.07659750310883906
2022-10-13,0.00849317101463949,0.8815198956648698,0.015160283454034598,0.0948266498664561
2022-10-14,0.008477210284645077,0.8598749582625467,0.01917987780263173,0.11246795365017649
2022-10-17,0.007533149939607379,0.8760276451234351,0.01831234313298901,0.09812686180396848
2022-10-18,0.007055637851171537,0.8706379747677212,0.018762313042744058,0.10354407433836325
2022-10-19,0.00703291388557194,0.8689657832208957,0.01910849297443429,0.10489280991909809
2022-10-20,0.007532100473842415,0.8662761027955818,0.01878761254026863,0.10740418419030721
2022-10-21,0.0066723152198178105,0.816190213257574,0.017139577388187693,0.15999789413442045
2022-10-24,0.007483886848457117,0.8957926461052066,0.020867189924010952,0.07585627712232536
2022-10-25,0.0071810483395265655,0.901672632515967,0.020441093026516942,0.07070522611798949
2022-10-26,0.007064742225606623,0.9087095423022414,0.020957596925653445,0.06326811854649847
2022-10-27,0.005067297403953604,0.9385083684973515,0.01714612352334103,0.03927821057535387
2022-10-28,0.005852289812665916,0.9337883899170497,0.018385450537861586,0.041973869732422814
2022-10-31,0.006313607498020263,0.9331776979573777,0.01814782776621463,0.042360866778387435
2022-11-01,0.006334043008391794,0.9560413952888498,0.014693460176106416,0.02293110152665199
2022-11-02,0.007425763362990679,0.9532940785018097,0.016000746443458537,0.023279411691741046
2022-11-03,0.006474378113515724,0.9544758449489545,0.015873837908356978,0.02317593902917278
2022-11-04,0.006747199931007395,0.9523822018972945,0.016485002098792733,0.024385596072905403
2022-11-07,0.007827199357728678,0.9592627600776553,0.010147783220855256,0.022762257343760736
2022-11-08,0.007995456504118327,0.95836849632908,0.011070955414232515,0.02256509175256906
2022-11-09,0.008333383921959186,0.9600710839779815,0.009314295531141228,0.02228123656891816
2022-11-10,0.00783542006929882,0.9604960893306909,0.00931881395636287,0.022349676643647443
2022-11-11,0.008084936286543757,0.9660326507403066,0.010858238305772245,0.015024174667377392
2022-11-14,0.008919723358591373,0.9645206519467671,0.01183246649351082,0.01472715820113075
2022-11-15,0.009382166032720917,0.9640364212491166,0.012026369997797482,0.014555042720365018
2022-11-16,0.009511996552633982,0.9635790948476123,0.01213431528455539,0.014774593315198311
2022-11-17,0.008801507118359697,0.965296350844438,0.012178058208485068,0.013724083828717246
2022-11-18,0.009004197404376097,0.9656287731040724,0.011814830415084753,0.01355219907646681
2022-11-21,0.009076574020226458,0.9654855350367694,0.011516725874981723,0.01392116506802247
2022-11-22,0.009166497085944997,0.9658193359708613,0.011387563917356127,0.013626603025837567
2022-11-23,0.009209824649516194,0.9658710948843567,0.011293491502842925,0.013625588963284195
2022-11-25,0.009347079267080014,0.9658734095764289,0.011374882645568497,0.013404628510922632
2022-11-28,0.008772206412493733,0.9680209560228986,0.01068029062394617,0.01252654694066145
2022-11-29,0.005756971474732285,0.9645619696229156,0.016314064193936023,0.013366994708416093
2022-11-30,0.005515089341337986,0.9648937401357304,0.016209357585322545,0.01338181293760915
2022-12-01,0.005626827244996928,0.9608240570159459,0.01781549163140961,0.0157336241076476
2022-12-02,0.009540103674716569,0.9654696946227417,0.011750183951128727,0.01324001775141301
2022-12-05,0.008929943307157916,0.968095593050203,0.010708164632247942,0.012266299010391167
2022-12-06,0.010173060415524944,0.9637799208732598,0.01402045019585265,0.012026568515362636
2022-12-07,0.009536324732864162,0.9648976240803269,0.013890993307995004,0.011675057878813988
2022-12-08,0.009875041871747387,0.9615649039138735,0.016663757192507515,0.011896297021871612
2022-12-09,0.0083233329793657,0.9483299729471226,0.0280100082528564,0.015336685820655298
2022-12-12,0.01128685695478567,0.944964075227639,0.026488976535533983,0.01726009128204135
2022-12-13,0.012029167672919172,0.9399978583375126,0.025681059292352957,0.022291914697215254
2022-12-14,0.014449350394874565,0.9369089983031803,0.0250394605150143,0.023602190786930863
2022-12-15,0.014453088385813358,0.9373702798788001,0.024689533617391166,0.02348709811799546
2022-12-16,0.012647146184152082,0.9628973043958733,0.012585993785001791,0.01186955563497284
2022-12-19,0.01161868326794368,0.9652759366455713,0.011849541920039553,0.011255838166445441
2022-12-20,0.011670221630828237,0.9645413115774925,0.012370285688099978,0.011418181103579363
2022-12-21,0.011637897037918931,0.9695924038160182,0.01161502226945492,0.007154676876607938
2022-12-22,0.011540724257603488,0.9698004349457819,0.011620247862745677,0.007038592933868941
2022-12-23,0.011457206887716568,0.9700975992220117,0.010997161494140035,0.007448032396131737
2022-12-27,0.011423818181883028,0.969940223766509,0.011169280209482518,0.007466677842125485
2022-12-28,0.012861593536783884,0.966813279235498,0.012358870676004248,0.007966256551713928
2022-12-29,0.01235005205814142,0.9679058328412887,0.012037840700885288,0.0077062743996845475
2022-12-30,0.01312376646521314,0.9707362704000918,0.010131478628340034,0.006008484506354979
2023-01-03,0.012058793015473593,0.9708083059491766,0.011082782548513947,0.006050118486835865
2023-01-04,0.012337394136498056,0.9704509002800885,0.011012139975265968,0.006199565608147483
2023-01-05,0.009974912257502282,0.9739009148444819,0.010787230238645529,0.005336942659370292
2023-01-06,0.01078333117327183,0.973574832185932,0.010032789116203356,0.0056090475245928586
2023-01-09,0.011867249882581072,0.9678244542212304,0.012504593108078653,0.00780370278810989
2023-01-10,0.011882211367189323,0.9680470636458921,0.012337254930629612,0.007733470056288919
2023-01-11,0.012085291407920466,0.9676376262907952,0.01249868189796957,0.007778400403314763
2023-01-12,0.012119721540430051,0.9664712551585143,0.013365841222959583,0.008043182078096069
2023-01-13,0.01115846099223339,0.969125012356514,0.01318104066994433,0.006535485981308232
2023-01-17,0.012551461880246358,0.9663793257577746,0.01400127905733216,0.007067933304646847
2023-01-18,0.01620691616367083,0.9572029390894957,0.018004697512241742,0.008585447234591669
2023-01-19,0.016723503505537873,0.9554054188739213,0.01893702963906081,0.008934047981480052
2023-01-20,0.016062016456728487,0.9584865308090896,0.016816839028334724,0.008634613705847201
2023-01-23,0.014558199296116557,0.9506365802245279,0.01865987285062037,0.016145347628735155
2023-01-24,0.01529147601795313,0.9494980887076245,0.019289183369134467,0.01592125190528789
2023-01-25,0.016780360956837766,0.9456919488286797,0.022409953862173423,0.015117736352309123
2023-01-26,0.016651645263270468,0.9460024398807244,0.02219470402355558,0.015151210832449557
2023-01-27,0.015741563063599227,0.9525549984780645,0.018018850363072065,0.013684588095264277
2023-01-30,0.017695762927557326,0.9490296763890661,0.018846694217521543,0.014427866465854986
2023-01-31,0.018166976684522863,0.9471007800341238,0.019184769647588137,0.015547473633765244
2023-02-01,0.01711587758975899,0.9465665360467361,0.019105860532524135,0.01721172583098077
2023-02-02,0.017895840196521053,0.9465308962108182,0.018820140545153227,0.016753123047507548
2023-02-03,0.01705896013732433,0.9507617935328202,0.013438205958761086,0.018741040371094385
2023-02-06,0.022917839271817952,0.9438047413118432,0.013711714641486366,0.01956570477485252
2023-02-07,0.023818777511730928,0.9446400424196604,0.014421208695203202,0.01711997137340553
2023-02-08,0.025220053984014876,0.926058507706737,0.02492634114957533,0.0237950971596728
2023-02-09,0.020397474577469866,0.9496251404905002,0.01431473750493123,0.01566264742709872
2023-02-10,0.022434323019999956,0.9303533296879659,0.023611588700093913,0.023600758591940222
2023-02-13,0.01770304172141029,0.9465417199526287,0.013218036763863709,0.022537201562097348
2023-02-14,0.019405166685553803,0.9205363801204342,0.02513421401883765,0.03492423917517434
2023-02-15,0.02128523517297002,0.9142225156903538,0.02778326956356144,0.036708979573114725
2023-02-16,0.021830604680652146,0.924196688950257,0.023298797104314903,0.03067390926477595
2023-02-17,0.018538792799890375,0.9236506433811884,0.02644303322801042,0.03136753059091079
2023-02-21,0.02182823079713895,0.917601224679202,0.026710588849742166,0.033859955673916885
2023-02-22,0.020356223997178614,0.9128987575757637,0.029422649253200383,0.037322369173857305
2023-02-23,0.020362458398133804,0.9106252201462521,0.030117597122466394,0.038894724333147675
2023-02-24,0.019977600876515726,0.909248334614283,0.031114381546721144,0.03965968296248007
2023-02-27,0.020614757399673795,0.9090367151947979,0.03214250905940417,0.03820601834612416
2023-02-28,0.021090546112279396,0.9069091909937101,0.03193439713536944,0.04006586575864104
2023-03-01,0.022369504123405045,0.907662644548634,0.030598491170573953,0.03936936015738707
2023-03-02,0.024717893173711522,0.9084861693591926,0.029132288997133618,0.03766364846996233
2023-03-03,0.0248611189864392,0.9013915056912422,0.033530170989604174,0.040217204332714515
2023-03-06,0.018055970405436713,0.9147215782914171,0.02906863099617663,0.03815382030696959
2023-03-07,0.014078144947708328,0.9034288602975531,0.044836407433693756,0.0376565873210448
2023-03-08,0.011559056092966334,0.9428451595840777,0.019073545336795127,0.02652223898616084
2023-03-09,0.012477266064768193,0.932353728086398,0.017867089334988897,0.03730191651384488
2023-03-10,0.017252305235979936,0.9213357087202914,0.021645021240109787,0.039766964803618875
2023-03-13,0.03001103535901784,0.8925744165501235,0.02422034017024946,0.05319420792060922
2023-03-14,0.06667532759556061,0.8006484052140622,0.038899718376944795,0.09377654881343238
2023-03-15,0.06814208022702693,0.7963448662431938,0.03986197370207765,0.09565107982770162
2023-03-16,0.07487977423674469,0.7844430341400623,0.04220727969633408,0.09846991192685896
2023-03-17,0.06955095325018167,0.7739166109273442,0.047272534682194264,0.10925990114027985
2023-03-20,0.07805970804265337,0.786505135388259,0.036033646856876794,0.09940150971221087
2023-03-21,0.07535505918030584,0.7872248800956249,0.036321299478524506,0.10109876124554482
2023-03-22,0.08653029598995543,0.7931025202214582,0.028863838227784884,0.09150334556080147
2023-03-23,0.08257933170852504,0.8011700357542426,0.02882121087442205,0.08742942166281029
2023-03-24,0.08436187879142731,0.7987128260538352,0.028839861110947607,0.08808543404378988
2023-03-27,0.08236218998629384,0.788111693493949,0.025839778942395846,0.10368633757736125
2023-03-28,0.0902426316369683,0.7807437835098621,0.026365691582831002,0.1026478932703386
2023-03-29,0.09137720574638393,0.7809809102872122,0.026398727053727856,0.101243156912676
2023-03-30,0.08686092668510102,0.8096116792628694,0.026136131964037003,0.0773912620879926
2023-03-31,0.08746221882846913,0.8075811134165958,0.0260112063288638,0.07894546142607127
2023-04-03,0.08905134406007084,0.8049521761881397,0.025821389496430477,0.0801750902553589
2023-04-04,0.08827887733032255,0.8057121271186827,0.026104983439697894,0.07990401211129684
2023-04-05,0.09410840807306582,0.8070349191816347,0.024684956276757288,0.07417171646854212
2023-04-06,0.09259152869035644,0.8081044411071276,0.02461412265065276,0.07468990755186312
2023-04-10,0.10992528552155381,0.7999490736974696,0.02160062015167314,0.06852502062930349
2023-04-11,0.126653739202915,0.7893630846977755,0.023085336410849807,0.060897839688459694
2023-04-12,0.08957556430346134,0.8398518390845575,0.019750454860897264,0.050822141751083856
2023-04-13,0.08950590508389966,0.8414970042071966,0.019269550564815833,0.04972754014408786
2023-04-14,0.07246062674414726,0.8623066265504538,0.017089896472046107,0.048142850233352914
2023-04-17,0.07570163387157804,0.8644247366706697,0.014665128675771829,0.04520850078198049
2023-04-18,0.07229393218408094,0.8646548550688837,0.017123125611305263,0.04592808713573003
2023-04-19,0.07395239383302617,0.8632722371400108,0.01685756409705567,0.04591780492990734
2023-04-20,0.07103319430705053,0.8675711260522769,0.018261167480968805,0.04313451215970381
2023-04-21,0.08217758474159871,0.8528678068393475,0.019440552900301625,0.045514055518752136
2023-04-24,0.07189308098981849,0.8669964303704736,0.01822581248119046,0.04288467615851746
2023-04-25,0.07497351029017177,0.863430368631425,0.019337056804522443,0.04225906427388085
2023-04-26,0.05073399272882746,0.8964974501503096,0.017621657115404504,0.03514690000545842
2023-04-27,0.0699159199657042,0.8140395388839285,0.04888973325593596,0.06715480789443128
2023-04-28,0.0637866410859327,0.7829230798788335,0.05335559210591511,0.09993468692931873
2023-05-01,0.07292241374990582,0.7721113928664268,0.03551323324806172,0.11945296013560572
2023-05-02,0.08973227203211578,0.7560658687450117,0.037232486821804474,0.11696937240106806
2023-05-03,0.10100440161573834,0.7262319322146121,0.03308271214994501,0.13968095401970457
2023-05-04,0.10514828277417408,0.7238707780369084,0.03963833712636561,0.13134260206255188
2023-05-05,0.10727886709334783,0.7226294288885363,0.03876084612117148,0.13133085789694438
2023-05-08,0.08993094716343124,0.7335097965394494,0.03717079577336171,0.1393884605237577
2023-05-09,0.08074724492417631,0.7380883391803429,0.03402602592681388,0.14713838996866688
2023-05-10,0.07906086463395191,0.7407650168346034,0.03398516303658108,0.14618895549486363
2023-05-11,0.07750663701122693,0.7467672842377568,0.036666062681592324,0.1390600160694239
2023-05-12,0.09502140547160647,0.712355654663411,0.037754786454558396,0.15486815341042412
2023-05-15,0.09312878239083099,0.7118747002143632,0.046174495198038006,0.14882202219676788
2023-05-16,0.08911643472723929,0.7205503415000197,0.04562985066422759,0.14470337310851344
2023-05-17,0.08730478193520627,0.7239992511541213,0.04171719771773985,0.14697876919293254
2023-05-18,0.08708584175284419,0.7191538657592353,0.04211692334645928,0.15164336914146126
2023-05-19,0.08521319588424857,0.7275802484046322,0.03779226775925834,0.14941428795186087
2023-05-22,0.0849086292342344,0.7357372864085363,0.03762107126905949,0.14173301308816985
2023-05-23,0.08351070301262763,0.7408649888213401,0.03746580681787204,0.1381585013481602
2023-05-24,0.06586628542671698,0.7956711867496932,0.031441344718711406,0.10702118310487845
2023-05-25,0.060862078704239625,0.8079738411777413,0.031200563970367436,0.09996351614765167
2023-05-26,0.08838682388844951,0.7682187602388544,0.02866449812263375,0.11472991775006239
2023-05-30,0.0867313028428008,0.7787988902932752,0.07741497430442483,0.05705483255949914
2023-05-31,0.08852479201206524,0.7749136713828175,0.077093846889657,0.05946768971546026
2023-06-01,0.06685744227896043,0.8076743254304394,0.07299196491006474,0.052476267380535416
2023-06-02,0.05122165419009844,0.8291955901015465,0.05653288280624352,0.06304987290211156
2023-06-05,0.05428035278410083,0.8171958559278861,0.05858903663800395,0.06993475465000903
2023-06-06,0.05243992569564828,0.8335693585735424,0.051055588319108926,0.06293512741170036
2023-06-07,0.050450532541324776,0.8396133998487976,0.04904507634739245,0.06089099126248515
2023-06-08,0.045856124829392435,0.8494640246495765,0.04323880162749456,0.061441048893536486
2023-06-09,0.03807692690445473,0.8824776625090986,0.029881919794960146,0.04956349079148652
2023-06-12,0.04055295504895534,0.8768904805713598,0.032591185233132924,0.04996537914655192
2023-06-13,0.029070346052276874,0.9266038155172456,0.013018469065402466,0.03130736936507508
2023-06-14,0.03009784181989373,0.9248587286954636,0.013221539475890599,0.03182189000875208
2023-06-15,0.03238299558227954,0.9249833813269038,0.01366427043408942,0.02896935265672722
2023-06-16,0.036690420778426915,0.906140208896916,0.01605239517181444,0.041116975152842634
2023-06-20,0.03578305689999429,0.9072464273020516,0.018986629104862,0.03798388669309209
2023-06-21,0.04429397197047015,0.8337286104742465,0.030408234049173512,0.09156918350610986
2023-06-22,0.04213576466495692,0.8340854041954682,0.030476147113183697,0.09330268402639122
2023-06-23,0.05170503909978612,0.8347311163119453,0.029224728369331047,0.08433911621893748
2023-06-26,0.052230153954529436,0.8305255690004436,0.029892063875246806,0.08735221316978017
2023-06-27,0.04699068700716834,0.8441918868601991,0.029290232856811895,0.07952719327582071
2023-06-28,0.05252967419521899,0.832564342571787,0.030761930257093752,0.08414405297590026
2023-06-29,0.047440663275580566,0.8381823614839742,0.030227792190591997,0.08414918304985324
2023-06-30,0.052372193340225776,0.8237180209493115,0.03329688883611278,0.09061289687434995
2023-07-03,0.045150530434279884,0.842379667502865,0.032138074592699066,0.08033172747015613
2023-07-05,0.03913098861379327,0.897262459866783,0.023143182766935264,0.040463368752488474
2023-07-06,0.03882095600000937,0.8934497574318686,0.024871193251964508,0.04285809331615754
2023-07-07,0.03799728420723581,0.8592118108985245,0.036165608688871295,0.06662529620536838
2023-07-10,0.046598836186611294,0.859130036708786,0.0411195973925952,0.05315152971200756
2023-07-11,0.049504965564414485,0.8331585713097974,0.055680130999822594,0.06165633212596548
2023-07-12,0.04166314762100601,0.8571586116513727,0.050002075136407254,0.051176165591213935
2023-07-13,0.05025330724151018,0.856757389257805,0.04619781252387736,0.04679149097680751
2023-07-14,0.04559666364970177,0.8851102968721928,0.038975425534074556,0.030317613944030947
2023-07-17,0.05240819639534915,0.8701073930328027,0.04447254504502849,0.03301186552681969
2023-07-18,0.054413702548795934,0.8410000344955091,0.06186326179548743,0.04272300116020753
2023-07-19,0.049659278965330886,0.8534847613524426,0.04755979916138246,0.04929616052084385
2023-07-20,0.05720848521789285,0.8737510751252198,0.039113948087774165,0.029926491569113287
2023-07-21,0.05730020743674191,0.871401870893,0.03960461822333062,0.03169330344692744
2023-07-24,0.05508879494360861,0.8676570264545219,0.048010871353426125,0.02924330724844332
2023-07-25,0.06450745034498225,0.8569665146740855,0.0473168478742716,0.031209187106660763
2023-07-26,0.06889856952572622,0.8543160748485069,0.04570794581016464,0.031077409815602423
2023-07-27,0.07568478074318154,0.8445603979300633,0.04829802458844366,0.0314567967383115
2023-07-28,0.05177560539885455,0.8708062187770554,0.033626627438924264,0.043791548385165774
2023-07-31,0.038561586322707404,0.9030546317263649,0.026404859255105547,0.031978922695822164
2023-08-01,0.04615269899335363,0.8974317535399566,0.027095134590759504,0.029320412875930266
2023-08-02,0.04378837101783748,0.905093638298061,0.023162258256992495,0.02795573242710906
2023-08-03,0.030900637817244836,0.9176253348067829,0.0232205265477754,0.028253500828196887
2023-08-04,0.033353201369883345,0.9161839825808581,0.023178125916264617,0.027284690132993963
2023-08-07,0.03412712138162019,0.9067142012713602,0.025415133581041995,0.03374354376597763
2023-08-08,0.055612641283284865,0.8689835760442207,0.034159126133005376,0.04124465653948899
2023-08-09,0.030939545491874765,0.9113376307411559,0.02404060190891628,0.033682221858053064
2023-08-10,0.024085323745717684,0.9172088453877268,0.022993875049925578,0.03571195581662988
2023-08-11,0.019153482358490372,0.9375051543953796,0.016690468113383237,0.026650895132746752
2023-08-14,0.013756686761287206,0.9537633460620167,0.012034946863919439,0.02044502031277658
2023-08-15,0.03825868230139399,0.9051987906081925,0.01927585564154845,0.03726667144886505
2023-08-16,0.038467950379494936,0.8966482239850126,0.02492668907467994,0.03995713656081243
2023-08-17,0.034322843442597534,0.9044188332391295,0.024793256304701094,0.036465067013571856
2023-08-18,0.03551347348327856,0.9034782496591993,0.024825949160493632,0.03618232769702849
2023-08-21,0.034472347587043574,0.9008446610910508,0.024761244099906057,0.03992174722199956
2023-08-22,0.03555796879861404,0.8990650788599451,0.023709422159707068,0.04166753018173377
2023-08-23,0.04025305305991799,0.8871468826231648,0.025551928871728566,0.04704813544518872
2023-08-24,0.029626672383235457,0.9044770111268974,0.0254672982981458,0.04042901819172141
2023-08-25,0.010915578984876925,0.9383073302559362,0.026213560811386497,0.02456352994780039
2023-08-28,0.012320153374258376,0.9249367520274957,0.03420195768263992,0.028541136915606006
2023-08-29,0.012084959562831043,0.9204039856779758,0.03516401848195585,0.03234703627723735
2023-08-30,0.0112524880725057,0.9109042960612886,0.03874861255585091,0.039094603310354796
2023-08-31,0.012880532792119202,0.9080075404958591,0.04051989334289163,0.038592033369130085
2023-09-01,0.013477223250780079,0.9049949314562012,0.041788020644952316,0.03973982464806632
2023-09-05,0.01137058678781757,0.9163346034649054,0.0358124657169415,0.03648234403033562
2023-09-06,0.01259996253482788,0.9212392535681718,0.03228653699836336,0.03387424689863697
2023-09-07,0.012917244977162751,0.9149920550929924,0.035524685541023046,0.03656601438882175
2023-09-08,0.015724063470736963,0.8993966304737708,0.04421201854103828,0.040667287514453934
2023-09-11,0.015779857611387373,0.8960071758363123,0.04462593812709955,0.043587028425200736
2023-09-12,0.014249530250959094,0.9083537264007665,0.04156139407416415,0.03583534927411023
2023-09-13,0.013413631147416597,0.9142027593246186,0.03733737102252751,0.035046238505437255
2023-09-14,0.015435914831674105,0.9113115471825013,0.037700186501449635,0.03555235148437494
2023-09-15,0.01577578526832811,0.9043819728380538,0.042323112010706834,0.03751912988291131
2023-09-18,0.01570601582222901,0.9037450593690578,0.042772904886152666,0.03777601992256056
2023-09-19,0.01582032324164474,0.904602747670876,0.04061999954413752,0.038956929543341685
2023-09-20,0.015501526599941341,0.9052054122727523,0.03874824425007869,0.04054481687722763
2023-09-21,0.014780205258957466,0.9038402614202107,0.04000455501736316,0.04137497830346865
2023-09-22,0.011052161563286535,0.9129735774754799,0.03636613288671093,0.03960812807452271
2023-09-25,0.012513994983007055,0.9106432459114605,0.03465592086873396,0.04218683823679852
2023-09-26,0.012894453035326135,0.9130799964994881,0.03230770027637194,0.04171785018881381
2023-09-27,0.01095753349335435,0.9202527243872776,0.02741448409289962,0.041375258026468416
2023-09-28,0.01196678423475628,0.9326235413928685,0.022413886776644576,0.03299578759573067
2023-09-29,0.015816606893834573,0.913388901578201,0.03101644481695387,0.03977804671101062
2023-10-02,0.01478488441273967,0.9166317232386458,0.025379319098507717,0.04320407325010677
2023-10-03,0.016334028367273646,0.9119374376749809,0.02515340229151859,0.04657513166622682
2023-10-04,0.012651750145625766,0.9133504613116991,0.023062407152984504,0.05093538138969071
2023-10-05,0.014294107124961153,0.896771369981077,0.027826196041297428,0.06110832685266444
2023-10-06,0.012535711297073048,0.9091898573232636,0.025652474628719456,0.05262195675094382
2023-10-09,0.010039512754398017,0.9177123045961814,0.021517542656376676,0.05073063999304395
2023-10-10,0.021511786722480476,0.846082877820794,0.02012146291967891,0.11228387253704661
2023-10-11,0.02161171691774528,0.83833665728296,0.020373058053908686,0.11967856774538603
2023-10-12,0.014777388143265938,0.8791794506117093,0.018432278756772964,0.0876108824882518
2023-10-13,0.01699746909000939,0.873839179907433,0.019928428040909593,0.08923492296164802
2023-10-16,0.020193439466469943,0.8786795424370071,0.011047549797518163,0.09007946829900479
2023-10-17,0.0190587992560667,0.8776297760185201,0.011720232421981485,0.09159119230343175
2023-10-18,0.0224048916493271,0.8587008262786904,0.013737898749321327,0.10515638332266121
2023-10-19,0.022716986947200805,0.8591017404501737,0.013529599832188604,0.10465167277043683
2023-10-20,0.0310533516218711,0.8364975938892705,0.015536576410460206,0.11691247807839818
2023-10-23,0.03016656941671475,0.8185091591003878,0.01679611463511227,0.1345281568477852
2023-10-24,0.03002024800301065,0.8170637807023281,0.016484300307085222,0.13643167098757605
2023-10-25,0.03702090509072559,0.8091880377045412,0.019086557750551958,0.13470449945418128
2023-10-26,0.0324877892878126,0.8016778290542261,0.021607192872425733,0.1442271887855356
2023-10-27,0.028679588456981805,0.8014515710178011,0.020557564677890952,0.1493112758473262
2023-10-30,0.025732631531213513,0.7964199295484051,0.015204081578795832,0.16264335734158553
2023-10-31,0.020611338830343155,0.8195752090346403,0.01620479746882969,0.14360865466618677
2023-11-01,0.034038783230574715,0.8730008904372547,0.028969999975205024,0.0639903263569656
2023-11-02,0.034961126515527116,0.87431872844994,0.030400442572248235,0.06031970246228463
2023-11-03,0.027082695089475726,0.8821239822636073,0.02963782559656788,0.06115549705034901
2023-11-06,0.032668466776683884,0.867034042320803,0.03473287839650208,0.06556461250601114
2023-11-07,0.033892052480812666,0.8656238082275755,0.03727646411122249,0.06320767518038935
2023-11-08,0.03345150023375377,0.8686393074026777,0.03580848538312675,0.062100706980441824
2023-11-09,0.03384756738154725,0.8715026967505735,0.033322840905699494,0.06132689496217985
2023-11-10,0.035278591254157846,0.8653581921827563,0.03568541948434227,0.06367779707874358
2023-11-13,0.03663238977080801,0.8276593217442317,0.07515899801772259,0.06054929046723769
2023-11-14,0.037011873577526326,0.8304830898105253,0.07264137962731376,0.05986365698463457
2023-11-15,0.029948696649570603,0.845669190699035,0.06498065526663506,0.05940145738475936
2023-11-16,0.033088154726108814,0.8302250421632223,0.07798903043131622,0.05869777267935256
2023-11-17,0.03284679188473466,0.835147604943901,0.07455167717727545,0.057453925994088904
2023-11-20,0.03580152739509281,0.8390244586421022,0.07173557240187631,0.05343844156092873
2023-11-21,0.03633341701097466,0.8425692150125724,0.07302431003483005,0.04807305794162286
2023-11-22,0.03747637788571575,0.8469264161738623,0.06726645957769953,0.04833074636272238
2023-11-24,0.042903193087251656,0.8536592156505534,0.060923441556616886,0.04251414970557807
2023-11-27,0.0534296118377324,0.8460296145971111,0.059454186584081775,0.04108658698107473
2023-11-28,0.053286546432701344,0.8427057402939057,0.062496117611400746,0.04151159566199229
2023-11-29,0.057857496663635634,0.843861894893981,0.05739692490511846,0.04088368353726492
2023-11-30,0.05889073448481821,0.8154126595697408,0.06267322167878418,0.06302338426665681
2023-12-01,0.05730836215550369,0.8272937951747379,0.05766474638376332,0.057733096285995114
2023-12-04,0.08491091713314691,0.8063001962872711,0.051223972760073296,0.057564913819508706
2023-12-05,0.06881811097439633,0.8418418072717475,0.02974610851883758,0.05959397323501853
2023-12-06,0.06117930931876538,0.8547794611606225,0.02756075089879848,0.05648047862181363
2023-12-07,0.059837130070070514,0.853321200345282,0.028741074066445445,0.058100595518201965
2023-12-08,0.042559901645245125,0.9022880631892949,0.025744570380465383,0.029407464784994584
2023-12-11,0.05607189175691055,0.889773914524872,0.02391112151331463,0.030243072204902823
2023-12-12,0.06956702503291888,0.8798261751700128,0.023599689061998254,0.027007110735070023
2023-12-13,0.07082960991531406,0.8783367158434443,0.023866411524523554,0.026967262716718125
2023-12-14,0.11185494990383545,0.8401792276578357,0.021988324402521565,0.025977498035807327
2023-12-15,0.10158647078183093,0.852522997184328,0.020439452667913003,0.025451079365928043
2023-12-18,0.10015263701872253,0.8535390327435793,0.020985766131085316,0.025322564106612867
2023-12-19,0.09767010125432547,0.8571845661431908,0.020480259615169912,0.024665072987313835
2023-12-20,0.10523008742589376,0.849474295898052,0.020040022165185543,0.025255594510868704
2023-12-21,0.07001955938874165,0.8812797518309193,0.02150117727097604,0.027199511509363013
2023-12-22,0.06147317098524653,0.8906456726745289,0.021587496762827358,0.026293659577397252
2023-12-26,0.05999103002651225,0.8938375404094796,0.020897524563955806,0.025273905000052374
2023-12-27,0.06122287312729936,0.8921524874434843,0.021195715447857432,0.025428923981358865
2023-12-28,0.05973061723245367,0.8929513306368678,0.02217285193150123,0.025145200199177306
2023-12-29,0.05875839926821897,0.8956064158976396,0.021079241398524753,0.024555943435616668
2024-01-02,0.0544338612621134,0.9000519104917023,0.020797127067835045,0.024717101178349205
2024-01-03,0.0469850434292416,0.9082378240088066,0.022731260458486245,0.02204587210346553
2024-01-04,0.039997483166758226,0.913698303691372,0.027430785377502213,0.018873427764367616
2024-01-05,0.03920410129968647,0.9151935890048101,0.02805188680229885,0.017550422893204597
2024-01-08,0.0409178274382719,0.9132449700662588,0.028206986199255837,0.017630216296213398
2024-01-09,0.03714404591654388,0.9063078350067748,0.02421055244794632,0.032337566628735014
2024-01-10,0.02910322732884231,0.9191964695694641,0.022142000691814365,0.02955830240987917
2024-01-11,0.028049399624143025,0.9182752716199419,0.024367843017598277,0.029307485738316746
2024-01-12,0.03086588912014388,0.9099908168479653,0.026747572881987362,0.03239572114990344
2024-01-16,0.020492667296347817,0.9309443709913188,0.023567084199380344,0.024995877512953017
2024-01-17,0.0218348965674469,0.9323254579407757,0.02330430688769365,0.022535338604083795
2024-01-18,0.023398011563489682,0.9265671959556124,0.024739711828150338,0.025295080652747572
2024-01-19,0.021645126266838222,0.9301862518754364,0.022702006778829286,0.025466615078896127
2024-01-22,0.020083404908943114,0.9276288545849453,0.025146341181338627,0.02714139932477298
2024-01-23,0.02562127324065069,0.9240446407690145,0.024756312988904104,0.02557777300143073
2024-01-24,0.028425003923863195,0.9144709781951502,0.02635897687164664,0.0307450410093399
2024-01-25,0.028397536165820813,0.9176571049810988,0.02519014784002187,0.028755211013058533
2024-01-26,0.03109368926868345,0.9068956877350713,0.03004842279876912,0.03196220019747614
2024-01-29,0.02974617591533485,0.9062069483213224,0.030549568446684272,0.03349730731665848
2024-01-30,0.02821114026451485,0.9084570194376603,0.02881084170975315,0.03452099858807165
2024-01-31,0.029266779928570148,0.9055904772879937,0.029107526111673814,0.03603521667176236
2024-02-01,0.023263964293680786,0.9066895069215917,0.03222132201578247,0.03782520676894504
2024-02-02,0.023662733028997643,0.904008600808974,0.03199400709033377,0.04033465907169453
2024-02-05,0.035097260154402246,0.8737106974425761,0.04357041642128172,0.04762162598173991
2024-02-06,0.03656975892784029,0.8655895532729816,0.04562723422154193,0.05221345357763621
2024-02-07,0.05116186041359688,0.8386124922350182,0.045305896144494116,0.06491975120689081
2024-02-08,0.05068530233687649,0.8377304790349767,0.04543833499762042,0.06614588363052645
2024-02-09,0.049193656359649576,0.8405576071242407,0.045970311594351304,0.06427842492175849
2024-02-12,0.04293840167297858,0.8590819034986643,0.040780705765559574,0.05719898906279752
2024-02-13,0.037157655775403184,0.8697069715195386,0.04119393558635114,0.05194143711870715
2024-02-14,0.028217722654792582,0.8623031677357796,0.03997367599944249,0.06950543360998526
2024-02-15,0.028916554521297586,0.8534371319602719,0.0464765241650016,0.07116978935342884
2024-02-16,0.030201931343904163,0.8520690229642451,0.049313490740669354,0.06841555495118133
2024-02-20,0.03369888656702183,0.8451931132893592,0.05199644820382174,0.0691115519397972
2024-02-21,0.03380420923503812,0.8445607575047618,0.052643529490082115,0.06899150377011795
2024-02-22,0.03433492399714265,0.8414306249692481,0.0545242869761038,0.06971016405750537
2024-02-23,0.027350153332802062,0.8345452372666616,0.06374392710442527,0.07436068229611105
2024-02-26,0.02613215705711197,0.8456064980710574,0.0591426505150065,0.06911869435682415
2024-02-27,0.02569755820081205,0.8462373303214313,0.05849512525712424,0.06956998622063237
2024-02-28,0.02594198586201103,0.8429365613976408,0.061972665818527554,0.06914878692182057
2024-02-29,0.026592130999850614,0.8390080638451322,0.06350417414730089,0.0708956310077163
2024-03-01,0.030735890781794426,0.851322053747069,0.05413215637485743,0.06380989909627906
2024-03-04,0.036682423328351886,0.8376691993219241,0.03642687689712714,0.08922150045259696
2024-03-05,0.02712513622469667,0.8491686861717306,0.027333141510942936,0.09637303609262977
2024-03-06,0.023397366546371385,0.8668091699250557,0.0274380465660433,0.08235541696252952
2024-03-07,0.020593248046922197,0.8754463371047918,0.02375496436550606,0.08020545048277998
2024-03-08,0.020516875170445734,0.8888038457229003,0.024211801025401016,0.06646747808125296
2024-03-11,0.02065780956691058,0.8805406521553442,0.025295341420152294,0.07350619685759298
2024-03-12,0.02070676698536355,0.8775366348173598,0.02643410396815061,0.0753224942291261
2024-03-13,0.02295841772616538,0.8801743740660033,0.026500830567348622,0.07036637764048266
2024-03-14,0.02151832603231932,0.8868848049839757,0.027948503816697525,0.06364836516700745
2024-03-15,0.019864845675575667,0.900317976410131,0.023459749134358113,0.05635742877993527
2024-03-18,0.01755659386537565,0.909689984782271,0.020426561579485768,0.0523268597728675
2024-03-19,0.016098862487248317,0.9170451643331679,0.018345108168469154,0.04851086501111471
2024-03-20,0.016976774318572942,0.9280916722100776,0.01429132382563704,0.040640229645712435
2024-03-21,0.017928207797773564,0.9226951434758266,0.01450013453343998,0.04487651419295983
2024-03-22,0.02658853632668366,0.9158543144617481,0.014156139342694177,0.04340100986887398
2024-03-25,0.026258122506529053,0.917888719962153,0.012727545366539571,0.04312561216477838
2024-03-26,0.025976049855550812,0.9191199102284638,0.01274733601342004,0.042156703902565304
2024-03-27,0.025399892671331692,0.9196339176625726,0.01295886505024773,0.042007324615847996
2024-03-28,0.023850088290660643,0.921804713478173,0.013046740202745943,0.04129845802842032
2024-04-01,0.020087587535603024,0.9365012913754815,0.01114435629987212,0.032266764789043306
2024-04-02,0.02313880839569252,0.9307503216434596,0.013527625689570982,0.03258324427127692
2024-04-03,0.020704763339620284,0.9370863667812204,0.012636845245225006,0.029572024633934386
2024-04-04,0.024848720506371345,0.9296723584938872,0.01290423177923144,0.03257468922051005
2024-04-05,0.02068458398999095,0.930846670861307,0.012931885605316775,0.03553685954338526
2024-04-08,0.021470874528264346,0.9182076369587673,0.011428664210218412,0.04889282430274996
2024-04-09,0.022846188478668605,0.8964355588722343,0.012201200057535095,0.06851705259156206
2024-04-10,0.023598988213675228,0.8940819304912954,0.012370696108073205,0.0699483851869562
2024-04-11,0.03314423460839832,0.8267037425453411,0.020979131193042188,0.11917289165321847
2024-04-12,0.031601868607665506,0.8243693165931185,0.01786531400897567,0.12616350079024027
2024-04-15,0.024055570612325775,0.8334952474061326,0.014449691149401417,0.12799949083214024
2024-04-16,0.0246867386565395,0.8379321921661699,0.01513708841947956,0.1222439807578111
2024-04-17,0.02550491494740312,0.8363586029725476,0.014977467725776152,0.12315901435427311
2024-04-18,0.02824732586282098,0.7598396781493765,0.015199888385156835,0.19671310760264574
2024-04-19,0.0311184280422101,0.7703832060350536,0.015127197895079771,0.18337116802765652
2024-04-22,0.030443337304691686,0.7690297470444871,0.015198183080936055,0.18532873256988516
2024-04-23,0.03246252362274572,0.7613142677138047,0.0134338335279902,0.19278937513545938
2024-04-24,0.029818432564702516,0.7593899267014727,0.01436835071569764,0.19642329001812722
2024-04-25,0.02985351287378271,0.7637097490060992,0.014235878785623796,0.1922008593344942
2024-04-26,0.03142867329442011,0.758356894569257,0.013843276380622776,0.19637115575570008
2024-04-29,0.02556123733361457,0.8643384743749609,0.013030363910827372,0.09706992438059718
2024-04-30,0.02242405596654418,0.9119145150624848,0.01185900795071759,0.05380242102025341
2024-05-01,0.017689418480317493,0.9247153737326427,0.009672704113683121,0.047922503673356695
2024-05-02,0.020398246228169742,0.9155787534364203,0.01108856335951483,0.0529344369758952
2024-05-03,0.021599323184792612,0.9436254344624828,0.011808536863236147,0.022966705489488443
2024-05-06,0.02157131787957171,0.936622207942274,0.015772352130053246,0.02603412204810106
2024-05-07,0.019386645257610153,0.9403871812608664,0.015085843703968985,0.02514032977755448
2024-05-08,0.018980794585482682,0.9418188085129012,0.014832415308720025,0.024367981592896115
2024-05-09,0.009151581179716681,0.9753612317998831,0.0059236086275731535,0.009563578392827047
2024-05-10,0.009151225214195117,0.9755012566794441,0.006192063153166645,0.009155454953194184
2024-05-13,0.012733358072563348,0.969678401786298,0.007769587197236774,0.009818652943901883
2024-05-14,0.012265666883514208,0.9707534609887486,0.007191677347150156,0.009789194780587004
2024-05-15,0.011852043265197341,0.9719126136434094,0.006611281272015437,0.009624061819377774
2024-05-16,0.014181054772410972,0.967578868685408,0.007806086945238591,0.010433989596942481
2024-05-17,0.014596978803458336,0.9668317972579663,0.007956350714762183,0.010614873223813171
2024-05-20,0.017587759903722036,0.9631963421867399,0.007677164478587863,0.011538733430950174
2024-05-21,0.018402144038909423,0.9588444448234853,0.011118282053679006,0.011635129083926311
2024-05-22,0.019883347447593954,0.9576541378784421,0.01100801195173294,0.011454502722230819
2024-05-23,0.020119556690282318,0.9592104913766945,0.009005198661888385,0.011664753271134849
2024-05-24,0.013468621263963814,0.9703254420103182,0.005129600288059361,0.011076336437658547
2024-05-28,0.01920095453753993,0.9608255303590996,0.007135301905828592,0.012838213197531947
2024-05-29,0.015526419638543574,0.9637314182117654,0.005475225933751872,0.015266936215939142
2024-05-30,0.02044436551839309,0.9584070355395777,0.006014897299502144,0.01513370164252698
2024-05-31,0.016063502145795307,0.9659575229377213,0.00525863638602999,0.012720338530453453
2024-06-03,0.01718828043055301,0.9321340794943487,0.005522070819646146,0.04515556925545214
2024-06-04,0.018563735965428967,0.9414124074859125,0.0048471266676367196,0.03517672988102182
2024-06-05,0.02313484336339046,0.9410050925864573,0.0051997857601591025,0.03066027828999322
2024-06-06,0.022150370769650665,0.9417611879817499,0.0061312450441695365,0.02995719620442991
2024-06-07,0.021723786716080253,0.9406976507084919,0.005975681255850489,0.03160288131957742
2024-06-10,0.030816211896993736,0.9237010205183391,0.005415385090048189,0.040067382494618976
2024-06-11,0.0290205405151518,0.9273298323624165,0.005093817818344387,0.03855580930408726
2024-06-12,0.030226235225152536,0.9239736827250148,0.005454348513093583,0.04034573353673913
2024-06-13,0.02975473534882956,0.9227806973394994,0.005816011074426857,0.04164855623724414
2024-06-14,0.035995140196180664,0.9061486950384929,0.0059613192957051996,0.05189484546962115
2024-06-17,0.035652785295580046,0.9084494628977767,0.005423336220848983,0.05047441558579427
2024-06-18,0.04600443577060118,0.8801575900405086,0.006244391655963795,0.06759358253292638
2024-06-20,0.04821171850553914,0.8720578370095357,0.006458765079295651,0.07327167940562955
2024-06-21,0.03613310186778694,0.9059402713081279,0.006390138682887863,0.0515364881411973
2024-06-24,0.03517625509892367,0.9093626010647466,0.006278102531819894,0.04918304130450982
2024-06-25,0.04106270530385231,0.9040900595230701,0.007443103219653413,0.0474041319534242
2024-06-26,0.04317131975457104,0.9019779834856928,0.007441705587707921,0.047408991172028236
2024-06-27,0.044141957510287155,0.9042751472938582,0.007755760818310978,0.043827134377543694
2024-06-28,0.053962680890919816,0.895237119627918,0.007659991584223151,0.043140207896939016
2024-07-01,0.05762974873131955,0.8885509724573959,0.007336070513332065,0.04648320829795248
2024-07-02,0.06674945843911151,0.8804156440581516,0.007321168297159678,0.04551372920557714
2024-07-03,0.06069416577791595,0.8783556045682309,0.007361606821033954,0.05358862283281913
2024-07-05,0.06380522798362762,0.8412521472688468,0.007716236154137213,0.08722638859338834
2024-07-08,0.1023248478332202,0.795731001552925,0.009050202479184827,0.09289394813466995
2024-07-09,0.1044731376847432,0.7862147777821267,0.008742462808992818,0.10056962172413726
2024-07-10,0.07435494970150065,0.8300510394115329,0.011423656468776347,0.08417035441819005
2024-07-11,0.05905535866180633,0.8451998094976141,0.011825487853582294,0.08391934398699727
2024-07-12,0.057547640808949745,0.8975770209663234,0.013866680723903466,0.031008657500823333
2024-07-15,0.06227461570151735,0.8949210828996189,0.014175589745638623,0.028628711653225163
2024-07-16,0.05896843017437823,0.8997495117384421,0.014381891681641635,0.02690016640553807
2024-07-17,0.05158009594426389,0.9100236726175359,0.011583193917086,0.02681303752111423
2024-07-18,0.024961829117363263,0.94828986685725,0.008587045391622096,0.01816125863376456
2024-07-19,0.021384847635022016,0.9541482931880076,0.007851669363674322,0.016615189813296002
2024-07-22,0.01870867125703132,0.9569874198091369,0.006355306831552085,0.01794860210227966
2024-07-23,0.016881402803423384,0.9573335302728321,0.007471600386135301,0.018313466537609215
2024-07-24,0.030915079187438643,0.9324333834549827,0.007613138270602186,0.029038399086976464
2024-07-25,0.021407482897880328,0.940241244317692,0.007725973472019154,0.030625299312408514
2024-07-26,0.01789723211063107,0.9473554521364749,0.006174557255134158,0.028572758497759896
2024-07-29,0.016768869771984274,0.9471364490905175,0.006570499234322261,0.029524181903175906
2024-07-30,0.017290061486082572,0.9463870331158949,0.006545640925277704,0.029777264472744883
2024-07-31,0.01480470552038078,0.9525191065753762,0.0054923284382243556,0.027183859466018687
2024-08-01,0.009941461764290655,0.9698841023725961,0.005909426134155757,0.014265009728957405
2024-08-02,0.008837710276559642,0.9708429424664333,0.006278378739048661,0.01404096851795835
2024-08-05,0.01444600986989239,0.947390284426239,0.01453670879509375,0.023626996908774914
2024-08-06,0.009863495900069592,0.9556284264517495,0.013115121280856939,0.021392956367324013
2024-08-07,0.010641009397791041,0.9530388763856491,0.014326874796566651,0.021993239419993236
2024-08-08,0.011684115124681909,0.9542216520856026,0.014887662045481437,0.019206570744234056
2024-08-09,0.008301688354540848,0.9583475940800473,0.013525146279237255,0.019825571286174595
2024-08-12,0.008136044082978744,0.9592289721575261,0.013117679829103501,0.019517303930391635
2024-08-13,0.008176906400645584,0.961050092230911,0.011646452384555334,0.019126548983888065
2024-08-14,0.008024222995925714,0.9572387513231692,0.014712200437942899,0.02002482524296225
2024-08-15,0.008641136343623713,0.9554703653583964,0.014926979663168048,0.020961518634811886
2024-08-16,0.009784326352290543,0.9479802536577807,0.01844278148291611,0.023792638507012586
2024-08-19,0.009996718479075682,0.9487586608435282,0.017950626780546042,0.023293993896850027
2024-08-20,0.010121097137819248,0.9485641728729746,0.01800578596950689,0.02330894401969933
2024-08-21,0.010332331126566193,0.9476308892472418,0.01837908384750629,0.023657695778685754
2024-08-22,0.012315780153713197,0.9445951317312202,0.018755756667538436,0.02433333144752812
2024-08-23,0.012921754015367751,0.9417204039914905,0.02117739162158851,0.024180450371553263
2024-08-26,0.013610528380267856,0.940663685739966,0.022035463934699268,0.023690321945066966
2024-08-27,0.01380503723367814,0.9395948888063314,0.022645421007516278,0.023954652952474217
2024-08-28,0.013727172688300761,0.9394945385595541,0.022833748968317743,0.023944539783827355
2024-08-29,0.014442548764812433,0.9331552742720084,0.02520672087290765,0.027195456090271516
2024-08-30,0.015379441068621519,0.9334684775100676,0.024876338836897688,0.026275742584413175
2024-09-03,0.00781513804885309,0.9664313040596337,0.01050832623660797,0.015245231654905296
2024-09-04,0.011538120713337572,0.9538034504067476,0.013689142222324893,0.020969286657589865
2024-09-05,0.011994981549780848,0.9529047860101268,0.015062397210250045,0.02003783522984223
2024-09-06,0.012497629360855857,0.9485107926079829,0.014911640998176543,0.02407993703298476
2024-09-09,0.014337908197909055,0.943701694686632,0.017296879546665343,0.024663517568793623
2024-09-10,0.01358953700672192,0.9449129902840354,0.017187329496789715,0.024310143212452912
2024-09-11,0.01365273095456904,0.9400740814607802,0.020902360876725198,0.025370826707925617
2024-09-12,0.014826653386194549,0.9387379033867006,0.020827585112421713,0.025607858114683125
2024-09-13,0.013714228227189776,0.9426158216279021,0.017442837460212066,0.026227112684696005
2024-09-16,0.011019905859134309,0.9546699461489407,0.01156521020650187,0.02274493778542307
2024-09-17,0.010525044451707675,0.9504642714290005,0.015624922764702155,0.023385761354589685
2024-09-18,0.011544859831861189,0.9521525290096291,0.015589323525985486,0.020713287632524228
2024-09-19,0.011359139809769308,0.9522311762647644,0.014459032606653616,0.02195065131881268
2024-09-20,0.008959755050002405,0.9578469910512868,0.011437418273633482,0.02175583562507731
2024-09-23,0.007999269897047167,0.9633163369303156,0.010472563716032746,0.018211829456604444
2024-09-24,0.006940470717949547,0.9648009366396954,0.009191296316088744,0.01906729632626632
2024-09-25,0.006667327016469884,0.9670213196707785,0.00787508526675484,0.018436268045996723
2024-09-26,0.007508593360255926,0.9650404509733534,0.008813042332474893,0.01863791333391578
2024-09-27,0.008633639299813168,0.9593059290064484,0.01064036186809395,0.02142006982564447
2024-09-30,0.009002055914318663,0.9643371449278278,0.01017817726694894,0.01648262189090451
2024-10-01,0.011027669508832353,0.9589862903516364,0.011781902018947384,0.01820413812058391
2024-10-02,0.015925903333130143,0.9538244195191256,0.01240291709776543,0.017846760049978844
2024-10-03,0.013042994882448223,0.9644135713184009,0.010016436036724174,0.012526997762426715
2024-10-04,0.014562467884739708,0.9599272113159147,0.011255417352899241,0.014254903446446292
2024-10-07,0.03457983674492452,0.9269480523203393,0.019243185388480213,0.01922892554625603
2024-10-08,0.03173751306733842,0.9299451552638877,0.01869050966071338,0.019626822008060506
2024-10-09,0.030091286366742312,0.9331183235481662,0.017591165446132137,0.019199224638959383
2024-10-10,0.03221810948101606,0.9315493141657966,0.01728393794066479,0.018948638412522544
2024-10-11,0.037596650784878095,0.9201896248580258,0.023057488818552928,0.01915623553854322
2024-10-14,0.03465217877467256,0.92478286010664,0.021113571363530165,0.019451389755157204
2024-10-15,0.032746241826899954,0.9269617519247044,0.020918311947362767,0.01937369430103301
2024-10-16,0.030527235797948218,0.9266387480615298,0.0226996058839796,0.020134410256542393
2024-10-17,0.03273883802613327,0.9209489025422444,0.025863974236735185,0.020448285194887134
2024-10-18,0.05794993441419383,0.8840880448204478,0.038779896682442305,0.019182124082916065
2024-10-21,0.056031936494600074,0.8852358003034774,0.039112963272567906,0.019619299929354406
2024-10-22,0.057727952609315555,0.881405646698549,0.04061069866023077,0.02025570203190468
2024-10-23,0.058181160266676094,0.8780909021226522,0.044439370862546776,0.019288566748124937
2024-10-24,0.04193305763750143,0.9080994774617189,0.030278989709351396,0.019688475191428294
2024-10-25,0.04307252045489103,0.9079723304883321,0.029864413921879145,0.019090735134897657
2024-10-28,0.038697115832259536,0.9074647752638443,0.029284009010648766,0.024554099893247434
2024-10-29,0.03549061860820099,0.9098821446986697,0.029758407907129164,0.024868828786000184
2024-10-30,0.03593964459447687,0.9134842401666035,0.02562587426028404,0.02495024097863567
2024-10-31,0.037994920581155764,0.8960970733378348,0.027634277848031366,0.03827372823297807
2024-11-01,0.017527814017220256,0.9355012269015673,0.015603954678103047,0.031367004403109355
2024-11-04,0.009223783376776488,0.9634825134536449,0.007545339773188439,0.019748363396390235
2024-11-05,0.009709908921435572,0.9652400940176336,0.0074493386965624585,0.01760065836436839
2024-11-06,0.007817467556080362,0.969923871158105,0.006932501916049892,0.015326159369764777
2024-11-07,0.008889622000566583,0.9741848512107157,0.006452824683632456,0.010472702105085274
2024-11-08,0.010029453933837433,0.9719092455042188,0.006803081162105303,0.011258219399838515
2024-11-11,0.010161786537278176,0.9720468327495633,0.006959533331591381,0.010831847381567178
2024-11-12,0.01040938006806544,0.9733881884643883,0.005503679432336455,0.010698752035209785
2024-11-13,0.010703193244648797,0.9730346179461211,0.005323478083846425,0.010938710725383667
2024-11-14,0.012472252161411436,0.9688786950740252,0.006098581414102599,0.012550471350460682
2024-11-15,0.01069831539932403,0.977164203445015,0.0035247381093710044,0.008612743046289817
2024-11-18,0.01233888569641686,0.967930112640132,0.007698004697323043,0.012032996966128131
2024-11-19,0.010837258728617034,0.9715993482625459,0.00576728152737697,0.011796111481460082
2024-11-20,0.010553361961295846,0.9719158222940721,0.005730229481763729,0.01180058626286823
2024-11-21,0.011767342983455008,0.9697477627324395,0.006105785309020218,0.012379108975085339
2024-11-22,0.011176317212788353,0.9709003113987186,0.005839057262124618,0.012084314126368435
2024-11-25,0.01094640289183993,0.9716128912936823,0.005383077691090671,0.012057628123387041
2024-11-26,0.013991406467237762,0.9655578411250381,0.005482435153955381,0.014968317253768753
2024-11-27,0.013681721958630398,0.966325502505962,0.0056367405926369485,0.014356034942770653
2024-11-29,0.013167840863733321,0.9690421776249395,0.00548813348043456,0.012301848030892654
2024-12-02,0.022827810753825423,0.9575319704298578,0.0067490948930021555,0.012891123923314587
2024-12-03,0.022472591022250566,0.9575816727746397,0.006558272415991007,0.013387463787118737
2024-12-04,0.02237604166935003,0.9578760055553701,0.006403726986769611,0.013344225788510276
2024-12-05,0.02501605351839197,0.9549468170478057,0.006634520320755406,0.013402609113046953
2024-12-06,0.03257423154356097,0.944480344823536,0.00527413751952978,0.01767128611337326
2024-12-09,0.03326503195220057,0.9431782289236483,0.005436575760156519,0.018120163363994555
2024-12-10,0.031549406099148684,0.9471084416576715,0.005267632494197601,0.016074519748982184
2024-12-11,0.028988410809847258,0.9490817205382701,0.005895522589167819,0.016034346062714765
2024-12-12,0.02390160002716959,0.9558476064628872,0.005375835078890032,0.014874958431053121
2024-12-13,0.020258413472925948,0.9603861094580146,0.004598451951952246,0.014757025117107213
2024-12-16,0.01804083885055535,0.9670561643259923,0.0034390542269479604,0.011463942596504397
2024-12-17,0.027941242896634473,0.9557193064237112,0.0031820379434876946,0.013157412736166645
2024-12-18,0.024819133838186645,0.9591383121929465,0.003500047829687304,0.012542506139179538
2024-12-19,0.009555484378956442,0.9651585612272158,0.005500270165355661,0.019785684228472086
2024-12-20,0.01005072442058214,0.9689524094274621,0.005897008525825332,0.015099857626130397
2024-12-23,0.009056012497069442,0.9709357503139949,0.005599652939111914,0.014408584249823714
2024-12-24,0.009253732064565942,0.9702059546889631,0.006160742033834986,0.014379571212636
2024-12-26,0.006510336475005827,0.9773359072772871,0.0062921767597557575,0.009861579487951229
2024-12-27,0.006617297097711401,0.9763069021649057,0.006304989274017921,0.010770811463364985
2024-12-30,0.006005918771946493,0.9734149081305015,0.006174019762187523,0.01440515333536456
