date,SPY_weight,SHY_weight,GLD_weight,FXY_weight,CASH_weight
2022-01-03,0.00396999999999603,0.12717999999987278,0.0,0.00357999999999642,0.8652799999991347
2022-01-04,0.00370999999999629,0.11050999999988947,0.0,0.00563999999999436,0.8801399999991198
2022-01-05,0.004219999999995779,0.11424999999988575,0.0,0.01381999999998618,0.8677099999991322
2022-01-06,0.00101999999999898,0.09267999999990731,0.0,0.008649999999991349,0.8976499999991022
2022-01-07,0.00126999999999873,0.09075999999990922,0.0,0.0104999999999895,0.8974699999991025
2022-01-10,0.00117999999999882,0.09121999999990876,0.0,0.00931999999999068,0.8982899999991016
2022-01-11,0.00175999999999824,0.09636999999990362,0.0,0.01101999999998898,0.8908499999991091
2022-01-12,0.0007699999999992299,0.09750999999990248,0.0,0.00815999999999184,0.8935599999991064
2022-01-13,0.0007599999999992399,0.10076999999989922,0.0,0.006779999999993219,0.8916999999991083
2022-01-14,0.00167999999999832,0.09873999999990124,0.0,0.00554999999999445,0.8940299999991059
2022-01-18,0.0013699999999986297,0.09764999999990234,0.0,0.00722999999999277,0.8937499999991062
2022-01-19,0.0,0.08052999999991947,0.0,0.0032999999999966997,0.9161699999990838
2022-01-20,0.0,0.07770999999992229,0.0,0.0022599999999977395,0.9200299999990799
2022-01-21,0.0,0.07827999999992172,0.0,0.0029099999999970894,0.9188099999990811
2022-01-24,0.00050999999999949,0.06969999999993029,0.0,0.0011199999999988797,0.9286699999990713
2022-01-25,0.00042999999999957,0.0650999999999349,0.0,0.00202999999999797,0.9324299999990676
2022-01-26,0.0001999999999998,0.06490999999993508,0.0,0.0022299999999977702,0.9326599999990673
2022-01-27,0.00025999999999973993,0.05554999999994445,0.0,0.0,0.9441899999990557
2022-01-28,0.00031999999999968,0.05469999999994529,0.0,0.0,0.944979999999055
2022-01-31,0.0,0.05638999999994361,0.0,0.0,0.9436099999990563
2022-02-01,0.0,0.05609999999994389,0.0,0.0,0.9438999999990559
2022-02-02,0.0,0.05902999999994096,0.0,0.0,0.940969999999059
2022-02-03,0.0,0.06140999999993858,0.0,0.0,0.9385899999990613
2022-02-04,0.0,0.06512999999993485,0.0,0.0,0.9348699999990651
2022-02-07,0.0,0.053209999999946786,0.0,0.0,0.9467899999990531
2022-02-08,0.0,0.05204999999994794,0.0,0.0,0.9479499999990519
2022-02-09,0.0,0.050419999999949575,0.0,0.0,0.9495799999990503
2022-02-10,0.0,0.05196999999994803,0.0,0.0,0.9480299999990519
2022-02-11,0.0,0.02117999999997882,0.0,0.0,0.9788199999990211
2022-02-14,0.0,0.01576999999998423,0.0,0.0,0.9841999999990158
2022-02-15,0.0,0.015119999999984878,0.0,0.0,0.9848499999990151
2022-02-16,0.0,0.015249999999984748,0.0,0.0,0.9847199999990154
2022-02-17,0.0,0.01463999999998536,0.0,0.0,0.9853599999990146
2022-02-18,0.0,0.014349999999985649,0.0,0.0,0.9855899999990144
2022-02-22,0.0,0.01471999999998528,0.0,0.0,0.9852799999990147
2022-02-23,0.0,0.01492999999998507,0.0,0.0,0.9850699999990148
2022-02-24,0.0,0.014919999999985077,0.0,0.0,0.9850799999990147
2022-02-25,0.0,0.015029999999984969,0.0,0.0,0.9849699999990149
2022-02-28,0.0,0.015089999999984907,0.0,0.0,0.984909999999015
2022-03-01,0.0,0.01402999999998597,0.0,0.0,0.9859699999990139
2022-03-02,0.00012999999999986997,0.012569999999987428,0.0,0.0,0.9872999999990125
2022-03-03,0.0002999999999997,0.01102999999998897,0.0,0.0,0.9886799999990112
2022-03-04,0.00032999999999966997,0.0110999999999889,0.0,0.0,0.9885699999990113
2022-03-07,0.00042999999999956994,0.0110999999999889,0.0,0.0,0.9884699999990114
2022-03-08,0.00024999999999975,0.011089999999988907,0.0,0.0,0.9886599999990112
2022-03-09,0.00022999999999977,0.010899999999989099,0.0,0.0,0.988869999999011
2022-03-10,0.0001999999999998,0.010989999999989009,0.0,0.0,0.9888099999990111
2022-03-11,0.00021999999999978,0.01092999999998907,0.0,0.0,0.988849999999011
2022-03-14,0.0005299999999994699,0.01794999999998205,0.0,0.0,0.9815199999990183
2022-03-15,0.0002999999999997,0.01881999999998118,0.0,0.0,0.9808699999990192
2022-03-16,0.00022999999999977,0.020379999999979616,0.0,0.0,0.9793899999990205
2022-03-17,0.00032999999999966997,0.02050999999997949,0.0,0.0,0.9791599999990208
2022-03-18,0.00034999999999964996,0.022009999999977985,0.0,0.0,0.9776399999990222
2022-03-21,0.0002799999999997199,0.02227999999997772,0.0,0.0,0.9774399999990224
2022-03-22,0.00022999999999977,0.017909999999982086,0.0,0.0,0.981859999999018
2022-03-23,0.00025999999999973993,0.01803999999998196,0.0,0.0,0.9817099999990182
2022-03-24,0.00034999999999964996,0.017579999999982415,0.0,0.0,0.9820699999990179
2022-03-25,0.00040999999999958995,0.01844999999998155,0.0,0.0,0.9811399999990188
2022-03-28,0.0004899999999995099,0.016959999999983037,0.0,0.0,0.9825499999990174
2022-03-29,0.0004899999999995099,0.019349999999980647,0.0,0.0,0.9801599999990198
2022-03-30,0.00018999999999981,0.023049999999976954,0.0,0.0,0.9767399999990233
2022-03-31,0.0,0.026559999999973438,0.0,0.0,0.9734099999990266
2022-04-01,0.0,0.026509999999973485,0.0,0.0,0.9733899999990265
2022-04-04,0.0,0.027879999999972118,0.00014999999999985,0.0,0.971949999999028
2022-04-05,0.0,0.02635999999997364,0.0,0.0,0.9735699999990265
2022-04-06,0.0,0.02567999999997432,0.0,0.0,0.9743199999990255
2022-04-07,0.00014999999999985,0.023949999999976046,0.0,0.0,0.9759099999990241
2022-04-08,0.00013999999999985996,0.02263999999997736,0.0,0.0,0.9772199999990226
2022-04-11,0.0,0.02245999999997754,0.0,0.0,0.9774499999990226
2022-04-12,0.0003999999999996,0.02531999999997468,0.0,0.0,0.9742499999990257
2022-04-13,0.00070999999999929,0.02064999999997935,0.0,0.0,0.9786399999990212
2022-04-14,0.0006099999999993899,0.020009999999979988,0.0,0.0,0.9793799999990206
2022-04-18,0.00041999999999958,0.01865999999998134,0.0,0.0,0.9809099999990191
2022-04-19,0.00045999999999954,0.01862999999998137,0.0,0.0,0.980909999999019
2022-04-20,0.0007299999999992699,0.022079999999977916,0.0,0.0,0.9771899999990227
2022-04-21,0.0007299999999992699,0.0215999999999784,0.0,0.0,0.9776799999990222
2022-04-22,0.00036999999999962996,0.0205999999999794,0.0,0.0,0.9790299999990209
2022-04-25,0.00035999999999964007,0.02065999999997934,0.0,0.0,0.9789699999990211
2022-04-26,0.0,0.02216999999997783,0.0,0.0,0.9777599999990222
2022-04-27,0.00032999999999966997,0.0205999999999794,0.0,0.0,0.9790699999990209
2022-04-28,0.00044999999999954994,0.02084999999997915,0.0,0.0,0.9786999999990212
2022-04-29,0.00043999999999956,0.021229999999978766,0.0,0.0,0.9783299999990216
2022-05-02,0.0,0.019129999999980867,0.0,0.0,0.9807799999990191
2022-05-03,0.0,0.02106999999997893,0.0,0.0,0.978919999999021
2022-05-04,0.0,0.02133999999997866,0.0,0.0,0.9785799999990213
2022-05-05,0.0,0.018909999999981088,0.0,0.0,0.9810899999990188
2022-05-06,0.0,0.01794999999998205,0.0,0.0,0.9820499999990179
2022-05-09,0.0,0.018259999999981735,0.0,0.0,0.9817399999990181
2022-05-10,0.0,0.01616999999998383,0.0,0.0,0.9838299999990161
2022-05-11,0.0,0.016049999999983945,0.0,0.0,0.983949999999016
2022-05-12,0.0,0.018569999999981428,0.00020999999999979,0.0,0.9812199999990187
2022-05-13,0.0,0.01778999999998221,0.00047999999999952,0.0,0.9817299999990182
2022-05-16,0.0,0.01911999999998088,0.00043999999999956,0.0,0.9804399999990194
2022-05-17,0.0,0.0188999999999811,0.00031999999999968,0.0,0.9807799999990191
2022-05-18,0.0,0.0193999999999806,0.0005999999999993998,0.0,0.9799999999990199
2022-05-19,0.0,0.01950999999998049,0.00065999999999934,0.0,0.9798099999990202
2022-05-20,0.0,0.019969999999980028,0.00027999999999972,0.0,0.9796799999990202
2022-05-23,0.0,0.019969999999980028,0.00030999999999968997,0.0,0.9796299999990202
2022-05-24,0.00014999999999984996,0.02091999999997908,0.0,0.0,0.9788599999990211
2022-05-25,0.0,0.019859999999980137,0.0,0.0,0.9800599999990199
2022-05-26,0.0,0.01990999999998009,0.0,0.0,0.98000999999902
2022-05-27,0.0,0.020459999999979536,0.0,0.0,0.9795399999990203
2022-05-31,0.00022999999999977002,0.024019999999975977,0.0,0.0,0.9757399999990243
2022-06-01,0.00017999999999982,0.021549999999978448,0.0,0.0,0.9782699999990216
2022-06-02,0.00011999999999988,0.019259999999980737,0.0,0.0,0.9806199999990194
2022-06-03,0.00038999999999960995,0.02371999999997628,0.00021999999999978,0.0,0.9756699999990243
2022-06-06,0.0007799999999992199,0.028819999999971174,0.00010999999999989,0.0,0.9702899999990297
2022-06-07,0.00076999999999923,0.02708999999997291,0.0,0.0,0.9721199999990279
2022-06-08,0.0005299999999994699,0.03044999999996955,0.0,0.0,0.9690199999990309
2022-06-09,0.00045999999999954,0.029909999999970086,0.0,0.0,0.9696299999990303
2022-06-10,0.00031999999999967997,0.028859999999971138,0.0,0.0,0.9708299999990291
2022-06-13,0.0,0.018659999999981337,0.00021999999999978,0.0,0.9811199999990188
2022-06-14,0.0,0.01224999999998775,0.0,0.0,0.9877499999990121
2022-06-15,0.0,0.01220999999998779,0.0,0.0,0.9877899999990121
2022-06-16,0.0,0.009549999999990448,0.0,0.0,0.9904499999990095
2022-06-17,0.0,0.009289999999990708,0.0,0.0,0.9907099999990092
2022-06-21,0.0,0.00968999999999031,0.0,0.0,0.9903099999990096
2022-06-22,0.0,0.00986999999999013,0.0,0.0,0.9901299999990097
2022-06-23,0.0,0.00862999999999137,0.0,0.0,0.9913699999990085
2022-06-24,0.0,0.009209999999990788,0.0,0.0,0.9907899999990091
2022-06-27,0.0,0.00934999999999065,0.0,0.0,0.9906499999990093
2022-06-28,0.0,0.009369999999990629,0.0,0.0,0.9906299999990092
2022-06-29,0.0,0.009429999999990567,0.0,0.0,0.9905699999990093
2022-06-30,0.0,0.009239999999990759,0.0,0.0,0.9907599999990091
2022-07-01,0.0,0.008959999999991038,0.0,0.0,0.9910399999990089
2022-07-05,0.0,0.00802999999999197,0.0,0.0,0.9919699999990079
2022-07-06,0.0,0.00803999999999196,0.0,0.0,0.9919599999990079
2022-07-07,0.0,0.007579999999992419,0.0,0.0,0.9924199999990074
2022-07-08,0.0,0.007559999999992439,0.0,0.0,0.9924399999990074
2022-07-11,0.0,0.007499999999992499,0.0,0.0,0.9924999999990075
2022-07-12,0.0,0.007499999999992499,0.0,0.0,0.9924999999990075
2022-07-13,0.0,0.009079999999990918,0.0,0.0,0.990919999999009
2022-07-14,0.00017999999999982,0.01326999999998673,0.0,0.0,0.9865499999990134
2022-07-15,0.0001999999999998,0.01450999999998549,0.0,0.0,0.9852899999990147
2022-07-18,0.00038999999999960995,0.019669999999980328,0.0,0.0,0.97993999999902
2022-07-19,0.00021999999999978,0.01957999999998042,0.0,0.0,0.9801999999990196
2022-07-20,0.00033999999999966,0.019179999999980817,0.0,0.0,0.9804799999990195
2022-07-21,0.00032999999999966997,0.019179999999980817,0.0,0.0,0.9804899999990194
2022-07-22,0.00013999999999985996,0.01930999999998069,0.0,0.0,0.9805499999990194
2022-07-25,0.00030999999999969,0.017169999999982834,0.0,0.0,0.9825099999990176
2022-07-26,0.00033999999999966,0.016769999999983232,0.0,0.0,0.9828799999990171
2022-07-27,0.00030999999999969,0.017179999999982824,0.0,0.0,0.9824999999990175
2022-07-28,0.00015999999999984,0.01647999999998352,0.0,0.0,0.9833599999990166
2022-07-29,0.0,0.01557999999998442,0.0,0.0,0.9843799999990156
2022-08-01,0.0,0.016539999999983457,0.0,0.0,0.9834599999990165
2022-08-02,0.0,0.020199999999979797,0.0,0.0,0.9797999999990201
2022-08-03,0.0,0.015289999999984708,0.0,0.0,0.9847099999990152
2022-08-04,0.0,0.01795999999998204,0.0,0.0,0.9820399999990179
2022-08-05,0.0,0.0175999999999824,0.0,0.0,0.9823999999990176
2022-08-08,0.0,0.01284999999998715,0.0,0.0,0.9871499999990128
2022-08-09,0.0,0.01267999999998732,0.0,0.0,0.9873199999990125
2022-08-10,0.0,0.01253999999998746,0.0,0.0,0.9874599999990125
2022-08-11,0.0,0.012599999999987399,0.0,0.0,0.9873999999990126
2022-08-12,0.0,0.012599999999987399,0.0,0.0,0.9873999999990126
2022-08-15,0.0,0.012689999999987309,0.0,0.0,0.9873099999990126
2022-08-16,0.0,0.012659999999987338,0.0,0.0,0.9873399999990126
2022-08-17,0.0,0.012769999999987229,0.0,0.0,0.9872299999990127
2022-08-18,0.0,0.01258999999998741,0.0,0.0,0.9874099999990125
2022-08-19,0.0,0.01386999999998613,0.0,0.0,0.9861299999990137
2022-08-22,0.0,0.015699999999984296,0.0,0.0,0.9842999999990155
2022-08-23,0.0,0.015409999999984589,0.0,0.0,0.9845899999990153
2022-08-24,0.0,0.01531999999998468,0.0,0.0,0.9846799999990152
2022-08-25,0.0,0.01605999999998394,0.0,0.0,0.983939999999016
2022-08-26,0.0,0.0180999999999819,0.0,0.0,0.981899999999018
2022-08-29,0.0,0.01810999999998189,0.0,0.0,0.981889999999018
2022-08-30,0.0,0.0180999999999819,0.0,0.0,0.981899999999018
2022-08-31,0.0,0.023959999999976035,0.0,0.0,0.9760399999990239
2022-09-01,0.0,0.024219999999975775,0.0,0.0,0.9757799999990241
2022-09-02,0.0,0.026309999999973688,0.0,0.0,0.9736899999990263
2022-09-06,0.0,0.0395999999999604,0.0,0.0,0.9603999999990396
2022-09-07,0.0,0.03402999999996596,0.0,0.0,0.965969999999034
2022-09-08,0.0,0.03141999999996857,0.0,0.0,0.9685799999990313
2022-09-09,0.0,0.03143999999996856,0.0,0.0,0.9685599999990313
2022-09-12,0.0,0.030919999999969076,0.0,0.0,0.9690799999990309
2022-09-13,0.0,0.031169999999968827,0.0,0.0,0.9688299999990311
2022-09-14,0.0,0.023349999999976646,0.0,0.0,0.9766499999990232
2022-09-15,0.0,0.023339999999976657,0.0,0.0,0.9766599999990232
2022-09-16,0.0,0.02314999999997685,0.0,0.0,0.9768499999990231
2022-09-19,0.0,0.025319999999974675,0.0,0.0,0.9746799999990252
2022-09-20,0.0,0.025059999999974936,0.0,0.0,0.974939999999025
2022-09-21,0.0,0.025659999999974335,0.0,0.0,0.9743399999990255
2022-09-22,0.0,0.02643999999997356,0.0,0.0,0.9735599999990263
2022-09-23,0.0,0.025239999999974755,0.0,0.0,0.9747599999990251
2022-09-26,0.0,0.026249999999973746,0.0,0.0,0.9737499999990261
2022-09-27,0.0,0.024539999999975456,0.0,0.0,0.9754599999990244
2022-09-28,0.0,0.024099999999975898,0.0,0.0,0.975899999999024
2022-09-29,0.0,0.013559999999986437,0.0,0.0,0.9864399999990134
2022-09-30,0.0,0.013429999999986567,0.0,0.0,0.9865699999990133
2022-10-03,0.0,0.013419999999986578,0.0,0.0,0.9865799999990134
2022-10-04,0.0,0.013409999999986589,0.0,0.0,0.9865899999990133
2022-10-05,0.0,0.013929999999986068,0.0,0.0,0.9860699999990138
2022-10-06,0.0,0.014919999999985077,0.0,0.0,0.9850799999990147
2022-10-07,0.0,0.014919999999985077,0.0,0.0,0.9850799999990147
2022-10-10,0.0,0.01480999999998519,0.0,0.0,0.9851899999990147
2022-10-11,0.0,0.014859999999985139,0.0,0.0,0.9851399999990148
2022-10-12,0.0,0.017459999999982538,0.0,0.0,0.9825399999990173
2022-10-13,0.0,0.01683999999998316,0.0,0.0,0.9831299999990168
2022-10-14,0.0,0.01466999999998533,0.0,0.00013999999999985996,0.9851899999990147
2022-10-17,0.0,0.014819999999985178,0.0,0.00025999999999973993,0.984919999999015
2022-10-18,0.0,0.014249999999985748,0.0,0.00035999999999964,0.9853999999990145
2022-10-19,0.0,0.014089999999985909,0.0,0.00034999999999964996,0.9855699999990143
2022-10-20,0.0,0.01356999999998643,0.0,0.00028999999999971,0.9861399999990138
2022-10-21,0.0,0.014259999999985739,0.0,0.0,0.9857399999990141
2022-10-24,0.0,0.01263999999998736,0.0,0.0,0.9873599999990126
2022-10-25,0.0,0.0136999999999863,0.0,0.0,0.9862999999990135
2022-10-26,0.0,0.013469999999986527,0.0,0.0,0.9865299999990134
2022-10-27,0.0,0.01996999999998003,0.0,0.0,0.9800299999990199
2022-10-28,0.0,0.01855999999998144,0.0,0.0,0.9814399999990184
2022-10-31,0.0,0.017909999999982086,0.0,0.0,0.9820899999990178
2022-11-01,0.0,0.01938999999998061,0.0,0.0,0.9806099999990193
2022-11-02,0.0,0.019259999999980737,0.0,0.0,0.9807399999990191
2022-11-03,0.0,0.019509999999980487,0.0,0.0,0.9804899999990194
2022-11-04,0.0,0.01870999999998129,0.0,0.0,0.9812899999990187
2022-11-07,0.0,0.018429999999981565,0.0,0.0,0.9815699999990184
2022-11-08,0.0,0.01821999999998178,0.0,0.0,0.9817799999990181
2022-11-09,0.0,0.017839999999982162,0.0,0.0,0.9821599999990178
2022-11-10,0.0,0.017129999999982867,0.0,0.0,0.982869999999017
2022-11-11,0.0,0.01195999999998804,0.0,0.0,0.9880399999990119
2022-11-14,0.0,0.01202999999998797,0.0,0.0,0.9879699999990119
2022-11-15,0.0,0.01190999999998809,0.0,0.0,0.9880899999990118
2022-11-16,0.0,0.01181999999998818,0.0,0.0,0.9881799999990116
2022-11-17,0.0,0.012749999999987247,0.0,0.0,0.9872499999990126
2022-11-18,0.0,0.01266999999998733,0.0,0.0,0.9873299999990126
2022-11-21,0.0,0.01348999999998651,0.0,0.0,0.9865099999990135
2022-11-22,0.0,0.01348999999998651,0.0,0.0,0.9865099999990135
2022-11-23,0.0,0.01356999999998643,0.0,0.0,0.9864299999990135
2022-11-25,0.0,0.01356999999998643,0.0,0.0,0.9864299999990135
2022-11-28,0.0,0.014609999999985388,0.0,0.0,0.9853899999990146
2022-11-29,0.0,0.01534999999998465,0.0,0.0,0.9846499999990153
2022-11-30,0.0,0.01614999999998385,0.0,0.0,0.983849999999016
2022-12-01,0.0,0.01445999999998554,0.0,0.0,0.9855399999990143
2022-12-02,0.0,0.013939999999986057,0.0,0.0,0.986059999999014
2022-12-05,0.0,0.015429999999984567,0.0,0.0,0.9845699999990153
2022-12-06,0.0,0.012649999999987348,0.0,0.0,0.9873499999990125
2022-12-07,0.0,0.012939999999987059,0.0,0.0,0.987059999999013
2022-12-08,0.0,0.01246999999998753,0.0,0.0,0.9875299999990124
2022-12-09,0.0,0.012269999999987728,0.0,0.0,0.9877299999990122
2022-12-12,0.0,0.02126999999997873,0.0,0.0,0.9787299999990212
2022-12-13,0.0,0.02101999999997898,0.0,0.0,0.9789799999990209
2022-12-14,0.0,0.01786999999998213,0.0,0.0,0.9821299999990177
2022-12-15,0.0,0.018059999999981938,0.0,0.0,0.981939999999018
2022-12-16,0.0,0.018069999999981927,0.0,0.0,0.981929999999018
2022-12-19,0.0,0.01896999999998103,0.0,0.0,0.9810299999990189
2022-12-20,0.0,0.01878999999998121,0.0,0.0,0.9812099999990187
2022-12-21,0.0,0.018909999999981088,0.0,0.0,0.9810899999990188
2022-12-22,0.0,0.0187999999999812,0.0,0.0,0.9811999999990186
2022-12-23,0.0,0.018479999999981518,0.0,0.0,0.9815199999990183
2022-12-27,0.0,0.01820999999998179,0.0,0.0,0.9817899999990182
2022-12-28,0.0,0.017139999999982856,0.0,0.0,0.982859999999017
2022-12-29,0.0,0.01725999999998274,0.0,0.0,0.9827399999990171
2022-12-30,0.0,0.020779999999979218,0.0,0.0,0.9792199999990207
2023-01-03,0.0,0.022569999999977428,0.0,0.0,0.9774299999990225
2023-01-04,0.0,0.022089999999977905,0.0,0.0,0.977909999999022
2023-01-05,0.0,0.028629999999971366,0.0,0.0,0.9713699999990285
2023-01-06,0.0,0.02730999999997269,0.0,0.0,0.9726899999990273
2023-01-09,0.0,0.02015999999997984,0.0,0.0,0.9798399999990202
2023-01-10,0.0,0.020619999999979377,0.0,0.0,0.9793799999990206
2023-01-11,0.0,0.02023999999997976,0.0,0.0,0.9797599999990201
2023-01-12,0.0,0.02048999999997951,0.0,0.0,0.9795099999990204
2023-01-13,0.0,0.022589999999977406,0.0,0.0,0.9774099999990224
2023-01-17,0.0,0.020299999999979695,0.0,0.0,0.9796999999990202
2023-01-18,0.0,0.020209999999979786,0.0,0.0,0.9797899999990202
2023-01-19,0.0,0.018569999999981428,0.0,0.0,0.9814299999990185
2023-01-20,0.0,0.019499999999980498,0.0,0.0,0.9804699999990194
2023-01-23,0.0,0.018929999999981066,0.0,0.0,0.9810699999990189
2023-01-24,0.0,0.018519999999981475,0.0,0.0,0.9814799999990185
2023-01-25,0.0,0.018819999999981178,0.0,0.0,0.9811799999990188
2023-01-26,0.0,0.019019999999980976,0.0,0.0,0.9809799999990189
2023-01-27,0.0,0.01997999999998002,0.0,0.0,0.9800199999990199
2023-01-30,0.0,0.01991999999998008,0.0,0.0,0.9800399999990199
2023-01-31,0.0,0.01928999999998071,0.0,0.0,0.9807099999990192
2023-02-01,0.0,0.01930999999998069,0.0,0.0,0.9806899999990192
2023-02-02,0.0,0.018569999999981428,0.0,0.0,0.9814299999990185
2023-02-03,0.0,0.018679999999981316,0.0,0.0,0.9813199999990185
2023-02-06,0.0,0.014089999999985909,0.0,0.0,0.985909999999014
2023-02-07,0.0,0.01560999999998439,0.0,0.0,0.9843899999990156
2023-02-08,0.0,0.015869999999984126,0.0,0.0,0.9841299999990157
2023-02-09,0.0,0.016019999999983978,0.0,0.0,0.9839799999990159
2023-02-10,0.0,0.01615999999998384,0.0,0.0,0.9838399999990162
2023-02-13,0.0,0.018329999999981667,0.0,0.0,0.9816699999990183
2023-02-14,0.0,0.019339999999980657,0.0,0.0,0.9806599999990192
2023-02-15,0.0,0.017999999999981996,0.0,0.0,0.9819999999990179
2023-02-16,0.0,0.021129999999978867,0.0,0.0,0.978869999999021
2023-02-17,0.0,0.020999999999979,0.0,0.0,0.9789999999990209
2023-02-21,0.0,0.020369999999979627,0.0,0.0,0.9796299999990202
2023-02-22,0.0,0.019159999999980838,0.0,0.0,0.9808399999990192
2023-02-23,0.0,0.01906999999998093,0.0,0.0,0.980929999999019
2023-02-24,0.0,0.01906999999998093,0.0,0.0,0.980929999999019
2023-02-27,0.0,0.017739999999982256,0.0,0.0,0.9822599999990177
2023-02-28,0.0,0.01717999999998282,0.0,0.0,0.9828199999990171
2023-03-01,0.0,0.01733999999998266,0.0,0.0,0.9826599999990172
2023-03-02,0.0,0.01861999999998138,0.0,0.0,0.9813799999990186
2023-03-03,0.0,0.02084999999997915,0.0,0.0,0.9791499999990207
2023-03-06,0.0,0.02032999999997967,0.0,0.0,0.9796699999990203
2023-03-07,0.0,0.027779999999972216,0.0006199999999993799,0.0,0.9715999999990284
2023-03-08,0.0,0.031699999999968295,0.0,0.0,0.9682999999990317
2023-03-09,0.0,0.0326899999999673,0.0,0.0,0.9673099999990326
2023-03-10,0.0,0.02141999999997858,0.0,0.0,0.9785799999990213
2023-03-13,0.0004899999999995099,0.011629999999988368,0.0,0.0,0.987879999999012
2023-03-14,0.0003999999999996,0.0047699999999952294,0.0,0.0,0.9948299999990051
2023-03-15,0.00053999999999946,0.004519999999995479,0.0,0.0,0.9949399999990051
2023-03-16,0.00054999999999945,0.00407999999999592,0.0,0.0,0.9953699999990046
2023-03-17,0.0006099999999993899,0.00394999999999605,0.0,0.0,0.9954399999990045
2023-03-20,0.0006899999999993099,0.00384999999999615,0.0,0.0,0.9954599999990045
2023-03-21,0.0006899999999993099,0.00384999999999615,0.0,0.0,0.9954599999990045
2023-03-22,0.00102999999999897,0.00443999999999556,0.0,0.0,0.9945299999990054
2023-03-23,0.00102999999999897,0.0044499999999955495,0.0,0.0,0.9945199999990053
2023-03-24,0.000999999999999,0.004309999999995689,0.0,0.0,0.9946899999990052
2023-03-27,0.0011999999999987997,0.00494999999999505,0.0,0.0,0.993849999999006
2023-03-28,0.0011199999999988797,0.0043999999999956,0.0,0.0,0.9944799999990055
2023-03-29,0.0011199999999988797,0.00434999999999565,0.0,0.0,0.9945399999990054
2023-03-30,0.0011299999999988698,0.00456999999999543,0.0,0.0,0.9943099999990056
2023-03-31,0.0011399999999988598,0.00458999999999541,0.0,0.0,0.9942699999990057
2023-04-03,0.0011499999999988499,0.004559999999995439,0.0,0.0,0.9942899999990056
2023-04-04,0.0011499999999988499,0.00458999999999541,0.0,0.0,0.9942599999990057
2023-04-05,0.0021799999999978204,0.004999999999995,0.0,0.00135999999999864,0.9914499999990086
2023-04-06,0.00218999999999781,0.00507999999999492,0.0,0.0013799999999986197,0.9913499999990085
2023-04-10,0.0025899999999974095,0.00554999999999445,0.0,0.0013899999999986098,0.9904699999990094
2023-04-11,0.00193999999999806,0.005459999999994539,0.0,0.00021999999999978,0.9923799999990076
2023-04-12,0.0026399999999973597,0.009749999999990249,0.0,0.0,0.9876099999990123
2023-04-13,0.0025699999999974294,0.009709999999990289,0.0,0.0,0.9877199999990123
2023-04-14,0.0022999999999976997,0.010429999999989571,0.0,0.0,0.9872599999990127
2023-04-17,0.0018999999999980998,0.009329999999990669,0.0,0.0,0.9887699999990112
2023-04-18,0.00172999999999827,0.0098999999999901,0.0,0.0,0.9883599999990117
2023-04-19,0.0017199999999982798,0.009879999999990119,0.0,0.0,0.9883999999990114
2023-04-20,0.0015299999999984697,0.01040999999998959,0.0,0.0,0.988059999999012
2023-04-21,0.00116999999999883,0.011169999999988828,0.0,0.0,0.9876599999990122
2023-04-24,0.00117999999999882,0.01287999999998712,0.0,0.0,0.985939999999014
2023-04-25,0.0012899999999987097,0.012729999999987269,0.0,0.0,0.9859799999990139
2023-04-26,0.00200999999999799,0.015889999999984108,0.0,0.0,0.9821099999990178
2023-04-27,0.0018899999999981098,0.015539999999984459,0.0,0.0,0.9825699999990174
2023-04-28,0.0020699999999979294,0.01576999999998423,0.0,0.0,0.9821699999990178
2023-05-01,0.00185999999999814,0.014999999999984998,0.0,0.0,0.9831399999990168
2023-05-02,0.0022999999999976997,0.015089999999984907,0.0,0.0,0.9826099999990173
2023-05-03,0.0025999999999973995,0.015129999999984867,0.0,0.0,0.9822699999990177
2023-05-04,0.0026199999999973796,0.01518999999998481,0.0,0.0,0.9821999999990176
2023-05-05,0.0026399999999973597,0.01533999999998466,0.0,0.0,0.9820299999990179
2023-05-08,0.00252999999999747,0.01534999999998465,0.0,0.0,0.9821199999990178
2023-05-09,0.0029199999999970794,0.018519999999981475,0.0,0.0,0.9785599999990213
2023-05-10,0.0028099999999971897,0.01811999999998188,0.0,0.0,0.9790699999990209
2023-05-11,0.00232999999999767,0.01543999999998456,0.0,0.0,0.9822399999990177
2023-05-12,0.0028999999999970993,0.017049999999982947,0.0,0.0,0.9800499999990199
2023-05-15,0.0031499999999968498,0.018489999999981507,0.0,0.0,0.9783599999990216
2023-05-16,0.0031399999999968597,0.01897999999998102,0.0,0.0,0.977879999999022
2023-05-17,0.00264999999999735,0.016819999999983182,0.0,0.0,0.9805299999990194
2023-05-18,0.0026199999999973796,0.0171999999999828,0.0,0.0,0.9801799999990198
2023-05-19,0.00265999999999734,0.01780999999998219,0.0,0.0,0.9795199999990204
2023-05-22,0.0025999999999974,0.01753999999998246,0.0,0.0,0.9798499999990202
2023-05-23,0.00265999999999734,0.017969999999982028,0.0,0.0,0.9793699999990205
2023-05-24,0.00216999999999783,0.01888999999998111,0.0,0.0,0.978939999999021
2023-05-25,0.00203999999999796,0.01846999999998153,0.0,0.0,0.9794899999990204
2023-05-26,0.0022499999999977495,0.017969999999982028,0.0,0.0,0.9797799999990201
2023-05-30,0.0023699999999976296,0.019329999999980668,0.0,0.0,0.9783099999990216
2023-05-31,0.00240999999999759,0.019219999999980784,0.0,0.0,0.9783599999990217
2023-06-01,0.00225999999999774,0.02171999999997828,0.0,0.0,0.976009999999024
2023-06-02,0.0015699999999984299,0.020819999999979178,0.0,0.0,0.9776199999990224
2023-06-05,0.0016499999999983498,0.0203999999999796,0.0,0.0,0.977949999999022
2023-06-06,0.0014799999999985198,0.020819999999979178,0.0,0.0,0.9777099999990222
2023-06-07,0.0015599999999984398,0.021809999999978187,0.0,0.0,0.9766299999990233
2023-06-08,0.00150999999999849,0.021559999999978437,0.0,0.0,0.976929999999023
2023-06-09,0.00157999999999842,0.024189999999975807,0.0,0.0,0.9742399999990257
2023-06-12,0.0014699999999985298,0.0232999999999767,0.0,0.0,0.9752299999990247
2023-06-13,0.00132999999999867,0.022929999999977066,0.0,0.0,0.9757499999990242
2023-06-14,0.00140999999999859,0.022149999999977847,0.0,0.0,0.9764499999990235
2023-06-15,0.0017399999999982599,0.02313999999997686,0.0,0.0,0.9751199999990248
2023-06-16,0.00098999999999901,0.018589999999981406,0.0,0.0,0.9804199999990194
2023-06-20,0.00066999999999933,0.01878999999998121,0.0,0.0,0.9805499999990195
2023-06-21,0.00075999999999924,0.018839999999981157,0.0,0.0,0.9803999999990196
2023-06-22,0.00075999999999924,0.01886999999998113,0.0,0.0,0.9803699999990195
2023-06-23,0.0009099999999990899,0.018509999999981486,0.0,0.0,0.9805799999990193
2023-06-26,0.0013699999999986297,0.01923999999998076,0.0,0.0,0.9793899999990205
2023-06-27,0.0012199999999987798,0.02093999999997906,0.0,0.0,0.9778399999990222
2023-06-28,0.00150999999999849,0.020349999999979648,0.0,0.0,0.9781399999990218
2023-06-29,0.00151999999999848,0.021829999999978165,0.0,0.0,0.9766499999990232
2023-06-30,0.00141999999999858,0.01947999999998052,0.0,0.0,0.9790999999990208
2023-07-03,0.0015699999999984299,0.021409999999978585,0.0,0.0,0.9770199999990229
2023-07-05,0.0008999999999990999,0.023789999999976205,0.0,0.0,0.9753099999990246
2023-07-06,0.0008299999999991699,0.023939999999976057,0.0,0.0,0.9752299999990247
2023-07-07,0.00062999999999937,0.023859999999976136,0.0,0.0,0.9755099999990244
2023-07-10,0.0008899999999991098,0.02287999999997712,0.0,0.0,0.9762299999990237
2023-07-11,0.00110999999999889,0.023349999999976646,0.0,0.0,0.9755399999990243
2023-07-12,0.0010699999999989299,0.02560999999997439,0.0,0.0,0.9733299999990267
2023-07-13,0.0007399999999992599,0.01973999999998026,0.0,0.0,0.9795199999990203
2023-07-14,0.00011999999999987998,0.018149999999981847,0.0,0.0,0.9817399999990181
2023-07-17,0.00011999999999988,0.01548999999998451,0.0,0.0,0.9843899999990156
2023-07-18,0.0006099999999993899,0.01667999999998332,0.0,0.0,0.9827099999990172
2023-07-19,0.00075999999999924,0.017559999999982437,0.0,0.0,0.9816799999990182
2023-07-20,0.0007699999999992299,0.01751999999998248,0.0,0.0,0.9817099999990182
2023-07-21,0.00047999999999952,0.016809999999983186,0.0,0.0,0.9827099999990172
2023-07-24,0.00040999999999959,0.017409999999982585,0.0,0.0,0.9821899999990177
2023-07-25,0.00034999999999964996,0.016979999999983016,0.0,0.0,0.9826699999990173
2023-07-26,0.0001999999999998,0.01727999999998272,0.0,0.0,0.9825199999990173
2023-07-27,0.0,0.01802999999998197,0.0,0.0,0.9819699999990179
2023-07-28,0.0,0.017559999999982437,0.0,0.0,0.9824399999990174
2023-07-31,0.0,0.01971999999998028,0.0,0.0,0.9802799999990197
2023-08-01,0.0,0.01973999999998026,0.0,0.0,0.9802599999990197
2023-08-02,0.0,0.020129999999979865,0.0,0.0,0.97986999999902
2023-08-03,0.0,0.020179999999979818,0.0,0.0,0.9798199999990201
2023-08-04,0.0,0.02056999999997943,0.0,0.0,0.9794299999990205
2023-08-07,0.0,0.01940999999998059,0.0,0.0,0.9805899999990193
2023-08-08,0.0,0.02016999999997983,0.0,0.0,0.9798299999990201
2023-08-09,0.0,0.020219999999979775,0.0,0.0,0.9797799999990201
2023-08-10,0.0,0.024729999999975265,0.0,0.00038999999999960995,0.974879999999025
2023-08-11,0.00036999999999962996,0.03294999999996705,0.0,0.0007999999999992,0.965879999999034
2023-08-14,0.00026999999999973,0.044959999999955036,0.0,0.0015599999999984398,0.9532099999990467
2023-08-15,0.0008999999999990999,0.043349999999956645,0.0,0.00187999999999812,0.953879999999046
2023-08-16,0.0012299999999987698,0.04292999999995707,0.0,0.0019599999999980397,0.9538799999990459
2023-08-17,0.00091999999999908,0.04253999999995746,0.0,0.0015499999999984498,0.9549899999990449
2023-08-18,0.0016499999999983498,0.04322999999995676,0.0,0.00140999999999859,0.9537099999990462
2023-08-21,0.0015299999999984697,0.04273999999995726,0.0,0.0013199999999986799,0.9544099999990455
2023-08-22,0.0014499999999985497,0.043369999999956624,0.0,0.0007399999999992599,0.9544399999990454
2023-08-23,0.00151999999999848,0.042489999999957506,0.0,0.00095999999999904,0.9550299999990449
2023-08-24,0.0,0.0378999999999621,0.0,0.0,0.9620499999990378
2023-08-25,0.0,0.04215999999995784,0.0,0.0,0.9578399999990421
2023-08-28,0.0008199999999991799,0.04516999999995483,0.0,0.0,0.9540099999990459
2023-08-29,0.0006099999999993899,0.04422999999995576,0.0,0.0,0.9551599999990448
2023-08-30,0.0,0.03676999999996322,0.0,0.0,0.9632299999990367
2023-08-31,0.0,0.03687999999996312,0.0,0.0,0.9631199999990367
2023-09-01,0.0,0.03582999999996417,0.0,0.0,0.9641699999990357
2023-09-05,0.0,0.04156999999995843,0.0,0.0,0.9584299999990414
2023-09-06,0.0,0.03836999999996163,0.0,0.0,0.9616299999990383
2023-09-07,0.0,0.03676999999996322,0.0,0.0,0.9632299999990367
2023-09-08,0.0,0.031849999999968154,0.0,0.0,0.9681499999990317
2023-09-11,0.0,0.031849999999968154,0.0,0.0,0.9681499999990317
2023-09-12,0.0,0.03337999999996662,0.0,0.0,0.9666199999990334
2023-09-13,0.0,0.03426999999996573,0.0,0.0,0.9657299999990342
2023-09-14,0.0,0.03353999999996646,0.0,0.0,0.9664599999990334
2023-09-15,0.0,0.03392999999996607,0.0,0.0,0.9660699999990339
2023-09-18,0.0,0.0348899999999651,0.0,0.0,0.9651099999990348
2023-09-19,0.0,0.03498999999996501,0.0,0.0,0.9650099999990349
2023-09-20,0.0,0.03621999999996378,0.0,0.0,0.9637799999990361
2023-09-21,0.0,0.03594999999996405,0.0,0.0,0.9640499999990358
2023-09-22,0.0,0.0421999999999578,0.0,0.0,0.9577999999990421
2023-09-25,0.0,0.04110999999995889,0.0,0.0,0.958889999999041
2023-09-26,0.0,0.04174999999995825,0.0,0.0,0.9582499999990417
2023-09-27,0.0,0.04242999999995757,0.0,0.0,0.9575699999990424
2023-09-28,0.00066999999999933,0.056429999999943574,0.0,0.0,0.9428899999990571
2023-09-29,0.0,0.04558999999995441,0.00023999999999976002,0.0,0.9541599999990459
2023-10-02,0.0,0.0484899999999515,0.00028999999999971,0.0,0.9512199999990486
2023-10-03,0.0,0.04671999999995327,0.0,0.0,0.9532799999990467
2023-10-04,0.0,0.0491999999999508,0.0,0.0003999999999996,0.9503999999990496
2023-10-05,0.0,0.03964999999996034,0.0,0.00150999999999849,0.9588399999990411
2023-10-06,0.0,0.04510999999995488,0.0002799999999997199,0.0014599999999985397,0.9531499999990468
2023-10-09,0.0,0.04355999999995644,0.0007699999999992299,0.00095999999999904,0.9547099999990452
2023-10-10,0.0,0.03020999999996979,0.0,0.0,0.9697899999990302
2023-10-11,0.0,0.029989999999970006,0.0,0.0,0.9700099999990299
2023-10-12,0.0,0.03035999999996964,0.0,0.0,0.9696399999990302
2023-10-13,0.0,0.02841999999997158,0.0,0.0,0.9715799999990283
2023-10-16,0.0,0.028559999999971435,0.0,0.0,0.9714399999990284
2023-10-17,0.0,0.028029999999971966,0.0,0.0,0.9719699999990279
2023-10-18,0.0,0.02388999999997611,0.0,0.0,0.9761099999990238
2023-10-19,0.0,0.024179999999975818,0.0,0.0,0.9757399999990243
2023-10-20,0.0001999999999998,0.02303999999997696,0.0,0.0,0.9767599999990231
2023-10-23,0.00045999999999954,0.0220999999999779,0.0,0.0,0.9774399999990224
2023-10-24,0.00041999999999958005,0.02213999999997786,0.0,0.0,0.9774299999990226
2023-10-25,0.0005599999999994399,0.022059999999977938,0.0,0.0,0.9773799999990226
2023-10-26,0.00017999999999982,0.021499999999978495,0.0,0.0,0.9783199999990215
2023-10-27,0.00074999999999925,0.02011999999997988,0.0,0.0014199999999985802,0.9776999999990224
2023-10-30,0.0007399999999992599,0.02032999999997967,0.0,0.0009799999999990198,0.977949999999022
2023-10-31,0.00071999999999928,0.021149999999978845,0.0,0.00115999999999884,0.9769699999990229
2023-11-01,0.000999999999999,0.022999999999976997,0.0,0.0,0.9759999999990239
2023-11-02,0.00084999999999915,0.022709999999977293,0.0,0.0,0.9764299999990237
2023-11-03,0.00070999999999929,0.023029999999976965,0.0,0.0,0.9762599999990237
2023-11-06,0.00032999999999966997,0.019769999999980227,0.0,0.0,0.97989999999902
2023-11-07,0.0005599999999994399,0.02160999999997839,0.0,0.0,0.9778299999990221
2023-11-08,0.00050999999999949,0.021719999999978278,0.0,0.0,0.9777799999990221
2023-11-09,0.0004899999999995099,0.02168999999997831,0.0,0.0,0.9778199999990221
2023-11-10,0.00043999999999956005,0.021119999999978878,0.0,0.0,0.9784099999990216
2023-11-13,0.0005299999999994699,0.020779999999979218,0.00043999999999956,0.0,0.9782599999990216
2023-11-14,0.00044999999999954994,0.021139999999978856,0.00041999999999958,0.0,0.9779899999990219
2023-11-15,0.0,0.01854999999998145,0.0,0.0,0.9814499999990185
2023-11-16,0.0,0.016439999999983558,0.0,0.0,0.9835599999990163
2023-11-17,0.0,0.01615999999998384,0.0,0.0,0.9838399999990162
2023-11-20,0.0,0.016199999999983797,0.0,0.0,0.9837999999990161
2023-11-21,0.0,0.016209999999983786,0.0,0.0,0.9837899999990162
2023-11-22,0.0,0.01630999999998369,0.0,0.0,0.9836899999990162
2023-11-24,0.0,0.017129999999982867,0.0,0.0,0.982869999999017
2023-11-27,0.0,0.01768999999998231,0.0,0.0,0.9823099999990176
2023-11-28,0.0,0.017379999999982618,0.0,0.0,0.9826199999990174
2023-11-29,0.0,0.016779999999983218,0.0,0.0,0.9832199999990167
2023-11-30,0.0,0.016269999999983728,0.0,0.0,0.9837299999990162
2023-12-01,0.0,0.016949999999983048,0.0,0.0,0.9830499999990169
2023-12-04,0.0,0.014999999999984998,0.0,0.0,0.9849999999990149
2023-12-05,0.0,0.015449999999984549,0.0,0.0,0.9845499999990154
2023-12-06,0.0,0.01701999999998298,0.0,0.0,0.9829799999990169
2023-12-07,0.0,0.01684999999998315,0.0,0.0,0.9831499999990168
2023-12-08,0.0,0.01701999999998298,0.0,0.0,0.9829799999990169
2023-12-11,0.0,0.01581999999998418,0.0,0.0,0.9841799999990158
2023-12-12,0.0,0.01581999999998418,0.0,0.0,0.9841799999990158
2023-12-13,0.0,0.015779999999984216,0.0,0.0,0.9842199999990157
2023-12-14,0.0,0.01335999999998664,0.0,0.0,0.9866399999990132
2023-12-15,0.0,0.014559999999985439,0.0,0.0,0.9854399999990144
2023-12-18,0.0,0.014099999999985898,0.0,0.0,0.985899999999014
2023-12-19,0.0,0.014429999999985569,0.0,0.0,0.9855699999990143
2023-12-20,0.0,0.01446999999998553,0.0,0.0,0.9855299999990144
2023-12-21,0.0,0.014319999999985678,0.0,0.0,0.9856799999990142
2023-12-22,0.0,0.014359999999985638,0.0,0.0,0.9856399999990142
2023-12-26,0.0,0.014909999999985088,0.0,0.0,0.9850899999990148
2023-12-27,0.0,0.014609999999985388,0.0,0.0,0.9853899999990146
2023-12-28,0.0,0.014939999999985059,0.0,0.0,0.985059999999015
2023-12-29,0.0,0.015419999999984578,0.0,0.0,0.9845799999990154
2024-01-02,0.0,0.01582999999998417,0.0,0.0,0.9841699999990158
2024-01-03,0.0,0.01700999999998299,0.0,0.0,0.9829899999990169
2024-01-04,0.0,0.01843999999998156,0.0,0.0,0.9815599999990183
2024-01-05,0.0,0.018309999999981688,0.0,0.0,0.9816899999990182
2024-01-08,0.0,0.018309999999981688,0.0,0.0,0.9816899999990182
2024-01-09,0.0,0.01826999999998173,0.0,0.0,0.9817299999990182
2024-01-10,0.0,0.02185999999997814,0.0,0.0,0.9781399999990218
2024-01-11,0.0,0.021749999999978245,0.0,0.0,0.9782499999990216
2024-01-12,0.0,0.019949999999980046,0.0,0.0,0.9800499999990199
2024-01-16,0.00044999999999954994,0.038089999999961904,0.0,0.0,0.9614599999990384
2024-01-17,0.00025999999999973993,0.035029999999964964,0.0,0.0,0.9647099999990352
2024-01-18,0.0,0.030939999999969055,0.0,0.0,0.9690599999990309
2024-01-19,0.0,0.030999999999968997,0.0,0.0,0.9689999999990309
2024-01-22,0.00021999999999978,0.02977999999997022,0.0,0.0,0.9699999999990299
2024-01-23,0.0,0.03155999999996843,0.0,0.0,0.9684399999990314
2024-01-24,0.0,0.0324999999999675,0.0,0.0,0.9674999999990325
2024-01-25,0.0,0.03220999999996779,0.0,0.0,0.9677899999990321
2024-01-26,0.0,0.02893999999997106,0.0,0.0,0.9710599999990289
2024-01-29,0.0,0.029749999999970245,0.0,0.0,0.9702499999990296
2024-01-30,0.0,0.02891999999997108,0.0,0.0,0.9710799999990289
2024-01-31,0.0,0.028549999999971445,0.0,0.0,0.9714499999990285
2024-02-01,0.00053999999999946,0.027359999999972635,0.0,0.0,0.9720999999990277
2024-02-02,0.00015999999999984,0.02594999999997405,0.0,0.0,0.973889999999026
2024-02-05,0.0009099999999990899,0.01920999999998079,0.0,0.0,0.97987999999902
2024-02-06,0.0006499999999993499,0.017159999999982842,0.0,0.0,0.9821899999990177
2024-02-07,0.0009099999999990899,0.01666999999998333,0.0,0.0,0.9824199999990174
2024-02-08,0.00092999999999907,0.01664999999998335,0.0,0.0,0.9824199999990174
2024-02-09,0.00091999999999908,0.0165999999999834,0.0,0.0,0.9824799999990175
2024-02-12,0.0008199999999991799,0.01862999999998137,0.0,0.0,0.9805499999990194
2024-02-13,0.0007399999999992599,0.02102999999997897,0.0,0.0,0.9782299999990217
2024-02-14,0.0,0.01760999999998239,0.0,0.0,0.9823699999990176
2024-02-15,0.0,0.01782999999998217,0.0,0.0,0.9821299999990178
2024-02-16,0.0,0.017499999999982502,0.0,0.0,0.9824499999990176
2024-02-20,0.0,0.01718999999998281,0.0,0.0,0.9828099999990171
2024-02-21,0.0,0.017119999999982878,0.0,0.0,0.982879999999017
2024-02-22,0.0,0.016899999999983095,0.0,0.0,0.9830999999990168
2024-02-23,0.0,0.016959999999983037,0.0,0.0,0.9830399999990169
2024-02-26,0.0,0.01837999999998162,0.0,0.0,0.9816199999990184
2024-02-27,0.0,0.018319999999981677,0.0,0.0,0.9816799999990182
2024-02-28,0.0,0.01888999999998111,0.0,0.0,0.9810699999990189
2024-02-29,0.00010999999999989,0.018309999999981688,0.0,0.0,0.9815799999990183
2024-03-01,0.0,0.020039999999979956,0.0,0.0,0.9799599999990201
2024-03-04,0.0,0.01911999999998088,0.0,0.0,0.980879999999019
2024-03-05,0.0,0.0243999999999756,0.0,0.0,0.9755999999990244
2024-03-06,0.0,0.027329999999972668,0.0,0.0,0.9726699999990273
2024-03-07,0.0,0.029889999999970107,0.0,0.0,0.9701099999990298
2024-03-08,0.0,0.028519999999971478,0.0,0.0,0.9714799999990285
2024-03-11,0.0,0.02848999999997151,0.0,0.0,0.9715099999990284
2024-03-12,0.0,0.027749999999972248,0.0,0.0,0.9722499999990276
2024-03-13,0.0,0.026669999999973326,0.0,0.0,0.9733299999990266
2024-03-14,0.0,0.04231999999995768,0.0,0.0,0.9576799999990422
2024-03-15,0.0,0.04448999999995551,0.0,0.0,0.9555099999990444
2024-03-18,0.0,0.04587999999995411,0.0,0.0,0.9541199999990457
2024-03-19,0.0,0.05056999999994942,0.0,0.0,0.9494299999990505
2024-03-20,0.0,0.04945999999995053,0.0,0.0,0.9505399999990495
2024-03-21,0.0,0.045839999999954154,0.0,0.0,0.9541599999990458
2024-03-22,0.0,0.04600999999995399,0.0,0.0,0.9539899999990459
2024-03-25,0.0,0.04543999999995456,0.0,0.0,0.9545599999990453
2024-03-26,0.0,0.046569999999953426,0.0,0.0,0.9534299999990465
2024-03-27,0.0,0.04670999999995329,0.0,0.0,0.9532899999990466
2024-03-28,0.0,0.04614999999995384,0.0,0.0,0.9538499999990461
2024-04-01,0.0,0.044799999999955195,0.0,0.0,0.9551999999990448
2024-04-02,0.0,0.04193999999995805,0.0005199999999994799,0.0,0.9575399999990423
2024-04-03,0.0,0.04392999999995606,0.0,0.0,0.9560699999990439
2024-04-04,0.0,0.04392999999995606,0.0,0.0,0.9560699999990439
2024-04-05,0.0,0.04187999999995812,0.0,0.0,0.958059999999042
2024-04-08,0.0013799999999986197,0.038989999999961,0.0006099999999993899,0.00132999999999867,0.9576899999990423
2024-04-09,0.0012899999999987097,0.03786999999996213,0.00070999999999929,0.00235999999999764,0.9577699999990421
2024-04-10,0.00115999999999884,0.03701999999996297,0.0007699999999992299,0.0014499999999985497,0.9595999999990403
2024-04-11,0.0,0.02152999999997847,0.00015999999999984,0.0,0.9783099999990216
2024-04-12,0.0,0.02057999999997942,0.0,0.0,0.9794199999990204
2024-04-15,0.0,0.02058999999997941,0.0,0.0,0.9793199999990206
2024-04-16,0.0,0.020619999999979377,0.00018999999999981,0.0,0.9791299999990208
2024-04-17,0.0,0.02048999999997951,0.00015999999999984,0.0,0.9793299999990207
2024-04-18,0.0,0.020629999999979366,0.00018999999999981,0.0,0.9791799999990208
2024-04-19,0.00016999999999983,0.0222999999999777,0.00026999999999973,0.0,0.9772599999990227
2024-04-22,0.0002799999999997199,0.022179999999977815,0.00022999999999977,0.0,0.9773099999990226
2024-04-23,0.00012999999999986997,0.02252999999997747,0.0002999999999996999,0.0,0.9770399999990229
2024-04-24,0.0,0.02210999999997789,0.00035999999999964,0.0,0.9775299999990223
2024-04-25,0.0,0.022139999999977858,0.00034999999999964996,0.0,0.9775099999990224
2024-04-26,0.0,0.02305999999997694,0.00040999999999958995,0.0,0.9764399999990234
2024-04-29,0.0,0.02304999999997695,0.00038999999999960995,0.0,0.9765599999990233
2024-04-30,0.0,0.025639999999974357,0.00026999999999973,0.0,0.9740899999990258
2024-05-01,0.0,0.024829999999975167,0.0,0.0,0.9750799999990247
2024-05-02,0.0,0.02213999999997786,0.0,0.0,0.9778499999990221
2024-05-03,0.0,0.021329999999978668,0.0,0.0,0.9786599999990213
2024-05-06,0.0,0.02143999999997856,0.0,0.0,0.9785599999990213
2024-05-07,0.0,0.022179999999977815,0.0,0.0,0.9778199999990221
2024-05-08,0.0,0.022659999999977337,0.0,0.0,0.9773399999990225
2024-05-09,0.0,0.04911999999995087,0.0,0.0,0.9508799999990489
2024-05-10,0.0,0.05096999999994903,0.0,0.0,0.948989999999051
2024-05-13,0.0,0.047449999999952544,0.00015999999999984,0.0,0.9523899999990475
2024-05-14,0.0,0.04860999999995139,0.0,0.0,0.9513899999990485
2024-05-15,0.0,0.04953999999995046,0.0,0.0,0.9504599999990494
2024-05-16,0.0,0.04355999999995644,0.0,0.0,0.9564399999990434
2024-05-17,0.0,0.0423899999999576,0.0,0.0,0.9576099999990423
2024-05-20,0.0,0.040359999999959636,0.0,0.0,0.9596399999990404
2024-05-21,0.0,0.03980999999996018,0.0,0.0,0.9601899999990398
2024-05-22,0.0,0.04045999999995954,0.0,0.0,0.9595399999990403
2024-05-23,0.0,0.03920999999996079,0.0,0.0,0.9607899999990391
2024-05-24,0.0,0.04009999999995989,0.0,0.0,0.95989999999904
2024-05-28,0.0,0.04006999999995993,0.0,0.0,0.9599299999990399
2024-05-29,0.0,0.037839999999962154,0.0,0.0,0.9621599999990378
2024-05-30,0.0,0.04147999999995852,0.0,0.0,0.9585199999990415
2024-05-31,0.0,0.047789999999952204,0.0,0.0,0.9522099999990477
2024-06-03,0.0,0.04876999999995123,0.0,0.0,0.9512299999990487
2024-06-04,0.0,0.05257999999994742,0.0,0.0,0.9474199999990526
2024-06-05,0.0,0.0506899999999493,0.0,0.0,0.9493099999990506
2024-06-06,0.0,0.04890999999995109,0.0,0.0,0.9510899999990489
2024-06-07,0.0,0.0496899999999503,0.0,0.0,0.9503099999990496
2024-06-10,0.0,0.033669999999966324,0.0,0.0,0.9663299999990336
2024-06-11,0.0,0.03520999999996478,0.0,0.0,0.9647899999990351
2024-06-12,0.0,0.03384999999996614,0.0,0.0,0.9661499999990337
2024-06-13,0.0,0.032809999999967185,0.0,0.0,0.9671899999990328
2024-06-14,0.0,0.03390999999996609,0.0,0.0,0.9660899999990338
2024-06-17,0.0,0.035369999999964624,0.0,0.0,0.9646299999990353
2024-06-18,0.0,0.03414999999996585,0.0,0.0,0.9658499999990341
2024-06-20,0.0,0.032809999999967185,0.0,0.0,0.9671899999990328
2024-06-21,0.0,0.03225999999996773,0.0,0.0,0.9677399999990323
2024-06-24,0.0,0.03378999999996621,0.0,0.0,0.9662099999990337
2024-06-25,0.0,0.03478999999996521,0.0,0.0,0.9652099999990347
2024-06-26,0.0,0.03470999999996528,0.0,0.0,0.9652899999990346
2024-06-27,0.0,0.034239999999965756,0.0,0.0,0.9657599999990341
2024-06-28,0.00014999999999984996,0.03471999999996528,0.0,0.0,0.9651299999990348
2024-07-01,0.0,0.03566999999996433,0.0,0.0,0.9643299999990356
2024-07-02,0.00010999999999989,0.03528999999996471,0.0,0.0,0.9646099999990353
2024-07-03,0.0,0.0360999999999639,0.0,0.0,0.963899999999036
2024-07-05,0.0,0.03447999999996551,0.0,0.0,0.9655199999990345
2024-07-08,0.0,0.031629999999968364,0.0,0.0,0.9683699999990315
2024-07-09,0.0,0.031449999999968545,0.0,0.0,0.9685499999990314
2024-07-10,0.0,0.04754999999995245,0.0,0.0,0.9524499999990474
2024-07-11,0.0,0.04775999999995223,0.0,0.0,0.9522399999990476
2024-07-12,0.00217999999999782,0.04015999999995984,0.0,0.0,0.9576599999990422
2024-07-15,0.0024199999999975795,0.03989999999996009,0.0,0.0,0.9576799999990422
2024-07-16,0.00250999999999749,0.04261999999995737,0.0,0.0,0.9548699999990451
2024-07-17,0.0024799999999975198,0.042849999999957145,0.0,0.0,0.9546699999990452
2024-07-18,0.00058999999999941,0.04680999999995318,0.0,0.0,0.9525999999990473
2024-07-19,0.0,0.04728999999995271,0.0,0.0,0.9526099999990473
2024-07-22,0.0,0.04681999999995318,0.0,0.0,0.9531799999990468
2024-07-23,0.0,0.04666999999995333,0.0,0.0,0.9533299999990466
2024-07-24,0.0,0.04669999999995329,0.0,0.0,0.9532199999990467
2024-07-25,0.00010999999999989,0.04681999999995318,0.0,0.0,0.9530699999990468
2024-07-26,0.0,0.052979999999947014,0.0,0.0,0.9470199999990528
2024-07-29,0.0,0.05045999999994953,0.0,0.0,0.9495399999990505
2024-07-30,0.0,0.05045999999994953,0.0,0.0,0.9495399999990505
2024-07-31,0.0,0.057469999999942525,0.0,0.0,0.9425299999990574
2024-08-01,0.0,0.04922999999995077,0.0,0.0,0.9507699999990491
2024-08-02,0.0,0.04762999999995236,0.0,0.0,0.9523699999990476
2024-08-05,0.0009799999999990198,0.021139999999978856,0.0,0.0,0.977879999999022
2024-08-06,0.0004899999999995099,0.019839999999980158,0.0,0.0,0.9796599999990203
2024-08-07,0.00058999999999941,0.018839999999981157,0.0,0.0,0.9805699999990194
2024-08-08,0.00054999999999945,0.017979999999982017,0.0,0.0,0.9814699999990184
2024-08-09,0.0005699999999994299,0.018999999999980997,0.0,0.0,0.9804299999990195
2024-08-12,0.00063999999999936,0.019669999999980328,0.0,0.0,0.9796899999990202
2024-08-13,0.00062999999999937,0.01971999999998028,0.0,0.0,0.9796499999990202
2024-08-14,0.00045999999999954,0.01870999999998129,0.0,0.0,0.980839999999019
2024-08-15,0.0005199999999994799,0.018769999999981225,0.0,0.0,0.9807099999990192
2024-08-16,0.00071999999999928,0.016979999999983016,0.0,0.0,0.9822999999990175
2024-08-19,0.0007699999999992299,0.017409999999982585,0.0,0.0,0.9818199999990181
2024-08-20,0.00078999999999921,0.01733999999998266,0.0,0.0,0.981869999999018
2024-08-21,0.00078999999999921,0.01708999999998291,0.0,0.0,0.9821199999990178
2024-08-22,0.0009499999999990499,0.01744999999998255,0.0,0.0,0.9815999999990184
2024-08-23,0.0007999999999992,0.01573999999998426,0.0,0.0,0.9834599999990165
2024-08-26,0.0007299999999992699,0.014819999999985178,0.0,0.0,0.9844499999990155
2024-08-27,0.0006999999999992999,0.014479999999985518,0.0,0.0,0.9848199999990151
2024-08-28,0.00070999999999929,0.01453999999998546,0.0,0.0,0.9847499999990151
2024-08-29,0.0008999999999990999,0.01572999999998427,0.0,0.0,0.9833699999990165
2024-08-30,0.0008499999999991498,0.01573999999998426,0.0,0.0,0.9834099999990165
2024-09-03,0.0001999999999998,0.03067999999996932,0.0,0.0,0.9691299999990308
2024-09-04,0.0007999999999992,0.030569999999969427,0.0,0.0,0.9686299999990313
2024-09-05,0.00078999999999921,0.028639999999971355,0.0,0.0,0.9705699999990294
2024-09-06,0.0009899999999990101,0.03014999999996985,0.0,0.0,0.9688499999990312
2024-09-09,0.00115999999999884,0.02941999999997058,0.0,0.0,0.9694299999990306
2024-09-10,0.0011399999999988598,0.02943999999997056,0.0,0.0,0.9694199999990304
2024-09-11,0.0010599999999989398,0.028269999999971727,0.0,0.0,0.9706699999990293
2024-09-12,0.0017399999999982599,0.030569999999969427,0.0,0.0,0.9676899999990323
2024-09-13,0.0017199999999982798,0.03078999999996921,0.0,0.0,0.9674899999990324
2024-09-16,0.00102999999999897,0.037229999999962765,0.0,0.0,0.9617399999990383
2024-09-17,0.0010599999999989398,0.037749999999962244,0.0,0.0,0.9611899999990388
2024-09-18,0.0008899999999991098,0.03553999999996446,0.0,0.0,0.9635699999990364
2024-09-19,0.0007699999999992299,0.03554999999996444,0.0,0.0,0.9636799999990362
2024-09-20,0.00054999999999945,0.03575999999996424,0.0,0.0,0.9636899999990363
2024-09-23,0.00102999999999897,0.04337999999995662,0.0,0.0,0.9555799999990444
2024-09-24,0.0019499999999980496,0.056199999999943795,0.0,0.0,0.941849999999058
2024-09-25,0.00212999999999787,0.05946999999994053,0.0,0.0,0.9383899999990616
2024-09-26,0.00176999999999823,0.051869999999948124,0.0,0.0,0.9463599999990535
2024-09-27,0.00197999999999802,0.048449999999951546,0.0,0.0,0.9495699999990503
2024-09-30,0.00202999999999797,0.0462999999999537,0.0,0.0,0.9516699999990482
2024-10-01,0.0019199999999980801,0.039179999999960816,0.0,0.0,0.9588899999990411
2024-10-02,0.00214999999999785,0.03920999999996079,0.0,0.0,0.9586399999990414
2024-10-03,0.00204999999999795,0.04510999999995488,0.0,0.0,0.9528399999990471
2024-10-04,0.0016399999999983598,0.03889999999996109,0.0,0.0,0.9594599999990404
2024-10-07,0.0015499999999984498,0.02677999999997322,0.0,0.0,0.9716599999990284
2024-10-08,0.0009999999999990002,0.02496999999997503,0.0,0.0,0.9740199999990259
2024-10-09,0.0008099999999991898,0.026259999999973735,0.0,0.0,0.972929999999027
2024-10-10,0.0007999999999992,0.026049999999973948,0.0,0.0,0.9731399999990269
2024-10-11,0.00104999999999895,0.02534999999997465,0.0,0.0,0.9736099999990262
2024-10-14,0.00108999999999891,0.026829999999973167,0.0,0.0,0.9720799999990279
2024-10-15,0.00107999999999892,0.02748999999997251,0.0,0.0,0.9714299999990285
2024-10-16,0.0012099999999987897,0.02756999999997243,0.0,0.0,0.9712199999990286
2024-10-17,0.0011899999999988098,0.02696999999997303,0.0,0.0,0.9718499999990281
2024-10-18,0.0024299999999975695,0.029299999999970697,0.0,0.0,0.9682699999990316
2024-10-21,0.00216999999999783,0.027919999999972078,0.0,0.0,0.96990999999903
2024-10-22,0.0019499999999980496,0.026249999999973746,0.0,0.0,0.9717999999990281
2024-10-23,0.0021099999999978896,0.02798999999997201,0.0,0.0,0.96989999999903
2024-10-24,0.0017899999999982097,0.027879999999972115,0.0,0.0,0.9703299999990296
2024-10-25,0.0016599999999983399,0.02746999999997253,0.0,0.0,0.970869999999029
2024-10-28,0.00155999999999844,0.03098999999996901,0.0,0.0,0.9674399999990325
2024-10-29,0.00143999999999856,0.03233999999996766,0.0,0.0,0.9662299999990338
2024-10-30,0.0011299999999988698,0.03238999999996761,0.0,0.0,0.9664799999990334
2024-10-31,0.00097999999999902,0.031949999999968046,0.0,0.0,0.967059999999033
2024-11-01,0.00102999999999897,0.0335999999999664,0.0,0.0,0.9653599999990347
2024-11-04,0.0,0.060189999999939806,0.0,0.0,0.9398099999990601
2024-11-05,0.00034999999999965,0.06512999999993486,0.0,0.0,0.9345099999990655
2024-11-06,0.00110999999999889,0.07021999999992978,0.0,0.0,0.9286699999990713
2024-11-07,0.00176999999999823,0.07074999999992923,0.0,0.0,0.9274799999990724
2024-11-08,0.00095999999999904,0.0562999999999437,0.0,0.0,0.9427399999990572
2024-11-11,0.0012099999999987897,0.05885999999994114,0.0,0.0,0.93992999999906
2024-11-12,0.00111999999999888,0.057449999999942554,0.0,0.0,0.9414199999990586
2024-11-13,0.0007699999999992299,0.055499999999944497,0.0,0.0,0.9437299999990562
2024-11-14,0.00087999999999912,0.04840999999995159,0.0,0.0,0.9507099999990493
2024-11-15,0.0005299999999994699,0.04447999999995551,0.0,0.0,0.954979999999045
2024-11-18,0.0010499999999989498,0.04424999999995574,0.0,0.0,0.9546999999990452
2024-11-19,0.0010599999999989398,0.04704999999995295,0.0,0.0,0.951889999999048
2024-11-20,0.0010499999999989498,0.04702999999995297,0.0,0.0,0.951919999999048
2024-11-21,0.0012999999999986998,0.04808999999995191,0.0,0.0,0.9506099999990493
2024-11-22,0.00134999999999865,0.04909999999995089,0.0,0.0,0.9495599999990504
2024-11-25,0.0013699999999986297,0.04941999999995057,0.0,0.0,0.9492099999990508
2024-11-26,0.00107999999999892,0.03958999999996041,0.0,0.0,0.9593299999990406
2024-11-27,0.00106999999999893,0.03980999999996019,0.0,0.0,0.9591099999990409
2024-11-29,0.00127999999999872,0.04163999999995836,0.0,0.0,0.957069999999043
2024-12-02,0.00151999999999848,0.03902999999996097,0.0,0.0,0.9594499999990405
2024-12-03,0.00148999999999851,0.0392999999999607,0.0,0.0,0.9591999999990409
2024-12-04,0.00141999999999858,0.039679999999960316,0.0,0.0,0.958899999999041
2024-12-05,0.0012199999999987798,0.03771999999996227,0.0,0.0,0.9610599999990389
2024-12-06,0.0,0.04111999999995887,0.0,0.0,0.9588199999990412
2024-12-09,0.00011999999999988,0.04530999999995469,0.00044999999999954994,0.0,0.9541199999990457
2024-12-10,0.0,0.04763999999995236,0.00067999999999932,0.0,0.9516799999990482
2024-12-11,0.0,0.05436999999994563,0.0015599999999984398,0.0,0.9440699999990558
2024-12-12,0.0,0.0653099999999347,0.0023699999999976296,0.0,0.9323299999990675
2024-12-13,0.0,0.061889999999938106,0.0013999999999985998,0.0,0.9367099999990632
2024-12-16,0.0,0.07531999999992467,0.00143999999999856,0.0,0.9232399999990766
2024-12-17,0.0,0.0803999999999196,0.0014299999999985698,0.0,0.9181799999990817
2024-12-18,0.0,0.08707999999991292,0.0020899999999979095,0.0,0.9108299999990891
2024-12-19,0.0,0.05574999999994425,0.00041999999999958,0.0,0.943829999999056
2024-12-20,0.0,0.05332999999994667,0.0002799999999997199,0.0,0.9463899999990535
2024-12-23,0.0,0.05394999999994604,0.00020999999999979,0.0,0.9458399999990541
2024-12-24,0.0,0.051989999999948015,0.0,0.0,0.947939999999052
2024-12-26,0.0,0.06680999999993317,0.0,0.0,0.9331899999990667
2024-12-27,0.0,0.06672999999993326,0.0,0.0,0.9332699999990667
2024-12-30,0.0,0.0682099999999318,0.0,0.0,0.9317899999990681
