date,turnover_mean,turnover_sd
2019-01-03,0.30609200400000003,0.16894961937224964
2019-01-04,0.1378312084,0.13261601348160815
2019-01-07,0.1654450664,0.18808075118615727
2019-01-08,0.17049972963600002,0.1997945134458313
2019-01-09,0.291954328,0.15843659441798089
2019-01-10,0.42043625799999995,0.0933752385970326
2019-01-11,0.29910917800000003,0.13315907562270068
2019-01-14,0.286012238,0.1742489353560082
2019-01-15,0.37793315799999994,0.09331523710445562
2019-01-16,0.426786118,0.12986956260826524
2019-01-17,0.4020652032,0.20815665039001927
2019-01-18,0.36735532268000004,0.2151766464769322
2019-01-22,0.29891949891622005,0.19786794220130463
2019-01-23,0.2903497632,0.23657815889068176
2019-01-24,0.29672942,0.17551058029716327
2019-01-25,0.4491641700000001,0.10632550626646645
2019-01-28,0.32820940913022,0.1959212740168227
2019-01-29,0.48642671000000004,0.19878116592665138
2019-01-30,0.2953994336,0.31485839561547957
2019-01-31,0.376584666,0.07634306873619065
2019-02-01,0.2894578085368,0.30533495551535506
2019-02-04,0.466605818448,0.3216809665593565
2019-02-05,0.5638357559999999,0.1731555243598524
2019-02-06,0.36576883575200003,0.38281382091738464
2019-02-07,0.4407216419999999,0.10682808353707755
2019-02-08,0.47327959399999997,0.17026442161946365
2019-02-11,0.05630764667086,0.12590590134649995
2019-02-12,0.22254253001385998,0.20540359983517925
2019-02-13,0.12213007550305999,0.26865799642401117
2019-02-14,0.29518489000000003,0.16491208900300455
2019-02-15,0.39124877999999996,0.19363508937826274
2019-02-19,0.20829700783767996,0.15905548357999877
2019-02-20,0.30941631799999997,0.17977233085838298
2019-02-21,0.28985899600000004,0.17253375459660303
2019-02-22,0.273593166,0.15522123177962377
2019-02-25,0.21481290999999997,0.21014337534518
2019-02-26,0.255413262,0.3093285479042187
2019-02-27,0.2817665668232,0.31360428846581706
2019-02-28,0.12172025142107998,0.16598964214329676
2019-03-01,0.14920597650982,0.21210567311905953
2019-03-04,0.20553456704,0.18823596998270226
2019-03-05,0.2349816353888,0.2202341403025354
2019-03-06,0.21344704001660003,0.1957104231689108
2019-03-07,0.20750526892,0.18992127622245178
2019-03-08,0.29813937992,0.1756930793983892
2019-03-11,0.142418554156,0.14912983393227566
2019-03-12,0.20766196680000001,0.141858197841367
2019-03-13,0.271603711606,0.15372631681034415
2019-03-14,0.259996708926,0.2717575591214947
2019-03-15,0.29768987880000003,0.17180596771517787
2019-03-18,0.37720635982899997,0.35556924808944995
2019-03-19,0.5251087280000001,0.22271759762465218
2019-03-20,0.29529003724760006,0.1723802139687955
2019-03-21,0.35285373600000003,0.22199170359658205
2019-03-22,0.21328845207260003,0.31313146757777993
2019-03-25,0.15479787,0.20433386556662922
2019-03-26,0.2462566366,0.20657573721250092
2019-03-27,0.10212771059999999,0.20233176721177246
2019-03-28,0.224184999174,0.21145675001909478
2019-03-29,0.33382771,0.0848733103500429
2019-04-01,0.401580466866,0.2758665012798707
2019-04-02,0.22898599987600005,0.34087697464438016
2019-04-03,0.087130817283716,0.13595399074684383
2019-04-04,0.223122614,0.13827638245716486
2019-04-05,0.267605283358,0.1762162107866035
2019-04-08,0.22871964850172805,0.34101185067289097
2019-04-09,0.33790439758,0.3454744833208287
2019-04-10,0.07646753917848001,0.17040891398191513
2019-04-11,0.25421173882209,0.25596762607466617
2019-04-12,0.21904707694069683,0.2014846743370105
2019-04-15,0.284412092,0.19886199715218433
2019-04-16,0.099431212,0.1463144055959724
2019-04-17,0.21954366612,0.1971307083635832
2019-04-18,0.3090334868,0.12899398786626937
2019-04-22,0.17592748306262002,0.16515438232017066
2019-04-23,0.2879916348,0.1479835214682967
2019-04-24,0.2120717518,0.18190748936537174
2019-04-25,0.14121229846666,0.19436906310837737
2019-04-26,0.26921809878946,0.15275438019838836
2019-04-29,0.46845817199999995,0.17555565187312533
2019-04-30,0.38975152399999996,0.0613596550559293
2019-05-01,0.15326344930200003,0.2097668885728562
2019-05-02,0.33627638439412,0.23118138166929453
2019-05-03,0.37496673999999997,0.056267035315885894
2019-05-06,0.30989879401896797,0.3241668104168525
2019-05-07,0.5078451559999999,0.24519321315693848
2019-05-08,0.642339544,0.1538335079042498
2019-05-09,0.2607572021895244,0.2613908018640557
2019-05-10,0.41244571222905996,0.2890237122785579
2019-05-13,0.597666266,0.11558795691347877
2019-05-14,0.345377678,0.2470741171839222
2019-05-15,0.28121899199999995,0.252754609200625
2019-05-16,0.3277531938,0.19618943082320778
2019-05-17,0.40843321815,0.23496879812733545
2019-05-20,0.30911850197428,0.3120392299231569
2019-05-21,0.514312786,0.24337999249386796
2019-05-22,0.32598214740000003,0.17701100801013936
2019-05-23,0.540197696,0.1645404101166248
2019-05-24,0.443952024,0.30786092913415153
2019-05-28,0.4939630279999999,0.13344391350923995
2019-05-29,0.420245,0.19260279775740496
2019-05-30,0.3932701720906,0.2799347120568469
2019-05-31,0.37291990599999997,0.1294649904003178
2019-06-03,0.485314244,0.19057169488243234
2019-06-04,0.49119095,0.16983862209805814
2019-06-05,0.27777443882209,0.1591862711097244
2019-06-06,0.2452049098488,0.22567044262334854
2019-06-07,0.44193657599999997,0.3265930310926828
2019-06-10,0.430171784,0.2894795454872891
2019-06-11,0.29993488900000004,0.2867656845474216
2019-06-12,0.39132026999999997,0.05861099951318567
2019-06-13,0.30404819437999997,0.16842743782990224
2019-06-14,0.220762417,0.19549667851226007
2019-06-17,0.15075209823660002,0.20779191712130013
2019-06-18,0.2883139534,0.24749851961420205
2019-06-19,0.283906048,0.1642775722771259
2019-06-20,0.296985935841858,0.17372307448252783
2019-06-21,0.434993618,0.048387712607063996
2019-06-24,0.476907898,0.15907080704327656
2019-06-25,0.353671066,0.07132763032154776
2019-06-26,0.132485824,0.18483874690414853
2019-06-27,0.23352195084799998,0.21827127662935303
2019-06-28,0.29903525051999996,0.179049742068349
2019-07-01,0.24122395501399999,0.19811308709902206
2019-07-02,0.28638765476000005,0.17430265744473095
2019-07-03,0.21050409214534,0.18612608133675254
2019-07-05,0.18587926254533998,0.21474787950197535
2019-07-08,0.1832308111226966,0.2679764361248853
2019-07-09,0.2913650948,0.19612918051669054
2019-07-10,0.314972658,0.23407396623596038
2019-07-11,0.20616973169640002,0.18958317878577374
2019-07-12,0.36882462800000004,0.2707411863813077
2019-07-15,0.32613859542000007,0.19104016325614545
2019-07-16,0.28552170221999995,0.25372443229765557
2019-07-17,0.06927841915626,0.14304029490961767
2019-07-18,0.36032059800000005,0.06299863573301187
2019-07-19,0.37137556,0.05565748801077218
2019-07-22,0.4449266740000001,0.19610448587481977
2019-07-23,0.22896351142000002,0.2163977205225052
2019-07-24,0.302257382,0.08602984845136379
2019-07-25,0.258556284,0.18651168351778458
2019-07-26,0.136366000703484,0.1888980731165216
2019-07-29,0.330880305044,0.3077620103933724
2019-07-30,0.564769144,0.16624563682564253
2019-07-31,0.250141910268592,0.35600484304427743
2019-08-01,0.37493363152557396,0.23654536595663275
2019-08-02,0.37980121270348405,0.24176339179237202
2019-08-05,0.41850916,0.24740078032561458
2019-08-06,0.3563715412,0.19345913222380562
2019-08-07,0.393549614,0.028452507016004405
2019-08-08,0.342606956,0.2704890108464114
2019-08-09,0.32239605523939996,0.1897135436087131
2019-08-12,0.305065544998,0.17049278784042315
2019-08-13,0.459733324,0.16802677987060496
2019-08-14,0.326375034,0.19167599473303035
2019-08-15,0.41244073400000003,0.13564365097291495
2019-08-16,0.40119590992000004,0.2436481713016358
2019-08-19,0.32108725,0.1974129926196917
2019-08-20,0.28581212226,0.21504160876623166
2019-08-21,0.253290656696,0.23933146152702547
2019-08-22,0.3861314,0.04900277173358055
2019-08-23,0.20597660090116116,0.20261664109383443
2019-08-26,0.30652136303484,0.21428100664783503
2019-08-27,0.37378897114528,0.23665790443043044
2019-08-28,0.41276862850580603,0.2930319696181077
2019-08-29,0.37334246450580605,0.23633307447131877
2019-08-30,0.31075139799999996,0.18096761512269874
2019-09-03,0.4222069599999999,0.26154855913465286
2019-09-04,0.19706957209588,0.2963306096448032
2019-09-05,0.33376751203138,0.20115186266238966
2019-09-06,0.24279550271200004,0.2290215111516449
2019-09-09,0.43325170799999996,0.2673922400806873
2019-09-10,0.38419665195200003,0.2651583988150404
2019-09-11,0.594353654,0.24101777262792795
2019-09-12,0.29965638670348393,0.1793488774304949
2019-09-13,0.44065454400000004,0.1255269434460713
2019-09-16,0.50997031,0.18502166628416847
2019-09-17,0.571767136,0.13135105290111546
2019-09-18,0.29864847,0.1761563080056834
2019-09-19,0.3389735159694,0.23360622370372347
2019-09-20,0.3066531357,0.32746088682626573
2019-09-23,0.382114476,0.17896138738699943
2019-09-24,0.39071425759999995,0.29497570560554803
2019-09-25,0.3064606875146,0.2994628223940907
2019-09-26,0.5556881300000001,0.20689831512778034
2019-09-27,0.319581883841858,0.18950469068455147
2019-09-30,0.298242642,0.2893609456194437
2019-10-01,0.44744475,0.03331273226428898
2019-10-02,0.3189418332764,0.28822697158299704
2019-10-03,0.328074109841858,0.19311345159835344
2019-10-04,0.38646566999999993,0.04579683970431913
2019-10-07,0.369513902,0.04443433659634652
2019-10-08,0.18250359046,0.17809522348096263
2019-10-09,0.31645714696126,0.30204036123967015
2019-10-10,0.36412780400000005,0.3487012720997707
2019-10-11,0.3309990832,0.18119555265487292
2019-10-14,0.5142542059999999,0.15545707931666533
2019-10-15,0.29654608844179997,0.25946059461248794
2019-10-16,0.358354594,0.2180731500742044
2019-10-17,0.3754205606,0.32809265257435366
2019-10-18,0.43455756799999995,0.2671840282099436
2019-10-21,0.35780312313999996,0.270694622927336
2019-10-22,0.24914322125600002,0.24202863665213623
2019-10-23,0.23516775671999998,0.21870624075073244
2019-10-24,0.310450696272,0.18009942593029787
2019-10-25,0.410115344,0.12628555448323425
2019-10-28,0.426323012,0.1925854547803897
2019-10-29,0.427930532,0.3160736188951772
2019-10-30,0.26236740580232204,0.24580635633072992
2019-10-31,0.26120728,0.15829851370293074
2019-11-01,0.3020872704,0.30186758588948515
2019-11-04,0.382392772,0.051998602694846234
2019-11-05,0.2973292378188,0.17543272904007814
2019-11-06,0.477552916228,0.36808298075784956
2019-11-07,0.44907623399999996,0.2936191225342864
2019-11-08,0.35220942340000005,0.331539732062117
2019-11-11,0.20462076920000002,0.1471536566646688
2019-11-12,0.2459214797654,0.23604390634434597
2019-11-13,0.2361112294,0.2200323840765764
2019-11-14,0.293461017596,0.3163044535043379
2019-11-15,0.39786522498023225,0.25013413793398315
2019-11-18,0.2609697652406644,0.4055089203198882
2019-11-19,0.3211984960546,0.32581223273612997
2019-11-20,0.32773083896912,0.30369339539290174
2019-11-21,0.306385644,0.18187109064846818
2019-11-22,0.23374240816098002,0.21890914192959315
2019-11-25,0.372679284,0.235004460156049
2019-11-26,0.3949731423122059,0.2703013458855898
2019-11-27,0.3076548696,0.1718286768729721
2019-11-29,0.584683182,0.2362987317500926
2019-12-02,0.45626906199999995,0.2935274411258665
2019-12-03,0.40308447168371603,0.28235786287138914
2019-12-04,0.549894446,0.16856118162584194
2019-12-05,0.13005364,0.18245859781229876
2019-12-06,0.387178862,0.20211531660193202
2019-12-09,0.31725893405219996,0.30275697266328755
2019-12-10,0.14258195168371599,0.1685129258237019
2019-12-11,0.012571983865079999,0.028110910902738765
2019-12-12,0.261433012,0.2734317371093153
2019-12-13,0.141391672,0.19447702021945143
2019-12-16,0.28544665201999997,0.31572129057870657
2019-12-17,0.30307746999999996,0.17986606764557095
2019-12-18,0.2321083619604644,0.22307821706771883
2019-12-19,0.285087912,0.16842530103083775
2019-12-20,0.34236425711999996,0.19916191346344475
2019-12-23,0.330273506,0.21107381334695022
2019-12-24,0.300182242,0.14061388825454765
2019-12-26,0.300779168797,0.17957639518746873
2019-12-27,0.4400151,0.189157000708632
2019-12-30,0.3430302988,0.19890345246651425
2019-12-31,0.167292370552,0.22800353778899732
2020-01-03,0.44781348000000004,0.019650873251837942
2020-01-06,0.173745880182,0.21692061833429824
2020-01-07,0.18959848548,0.24740420688240228
2020-01-08,0.34657521,0.1964456633982326
2020-01-09,0.36825823199999996,0.19175390587454005
2020-01-10,0.45185222199999997,0.1075508595350791
2020-01-13,0.4251176040000001,0.07958777613888975
2020-01-14,0.382758965762786,0.29009142067912114
2020-01-15,0.404496792276,0.2549621692407077
2020-01-16,0.5695178879999999,0.14806032310808817
2020-01-17,0.492017244,0.16071855658984524
2020-01-21,0.5426690839999999,0.16679017054295475
2020-01-22,0.3498384564,0.18277324374588388
2020-01-23,0.47089426,0.15299563853197648
2020-01-24,0.4161994480000001,0.11871953340442895
2020-01-27,0.195769320306968,0.18814010110377086
2020-01-28,0.168542281466,0.19325763427834594
2020-01-29,0.2543680324066968,0.2744604044189134
2020-01-30,0.442685598,0.11261983886107242
2020-01-31,0.414409201672,0.2890006860641046
2020-02-03,0.31474850600000004,0.18766446710671703
2020-02-04,0.41602462520000005,0.2622227394885014
2020-02-05,0.366908218369,0.22826121970230276
2020-02-06,0.596090498,0.20287193228499728
2020-02-07,0.389957844,0.2369217934541299
2020-02-10,0.438180778,0.18227143735093992
2020-02-11,0.0563169300544644,0.12590069683599495
2020-02-12,0.15364033730459997,0.3404217820102603
2020-02-13,0.3824106246,0.20286649194282608
2020-02-14,0.49870259,0.24707822987957417
2020-02-18,0.1619399558,0.21499079710574032
2020-02-19,0.098039290950716,0.15035325259874285
2020-02-20,0.26802553726699996,0.1894507555235867
2020-02-21,0.21509218199999997,0.19833027040799853
2020-02-24,0.19183485615974,0.18504386363273193
2020-02-25,0.09816876820855999,0.17263986393014627
2020-02-26,0.14184588096812797,0.1939131886701745
2020-02-27,0.092208539625626,0.2059240824366547
2020-02-28,0.22211508010400002,0.21010717770510712
2020-03-02,0.298373074,0.1758884654842056
2020-03-03,0.243231476,0.23786937153543514
2020-03-04,0.40385174399999996,0.23404301810997372
2020-03-05,0.41997062746032,0.27814945783324907
2020-03-06,0.14685458986032002,0.19123398326078486
2020-03-09,0.36010755678255396,0.23709263410404408
2020-03-10,0.141134725546954,0.19421225289333524
2020-03-11,0.33590914570999997,0.2308748317985304
2020-03-12,0.19923429247999996,0.18354021238042834
2020-03-13,0.29385099968,0.16788224530834775
2020-03-16,0.26430684046,0.15247759498707988
2020-03-17,0.172016385268592,0.2228889201220968
2020-03-18,0.015911245099349998,0.025865309679718704
2020-03-19,0.0201574171232,0.023196497113937693
2020-03-20,0.2980647846,0.1687786885787576
2020-03-23,0.3165729744,0.16798843242054504
2020-03-24,0.1881121962,0.2528995679360211
2020-03-25,0.25989813799999995,0.1452874805575753
2020-03-26,0.28608419427660003,0.2488338705771028
2020-03-27,0.38042409400000005,0.2942256285798621
2020-03-30,0.563348332,0.14226460310045122
2020-03-31,0.35863229698023225,0.2219433020122985
2020-04-01,0.309801356032,0.28885313252374395
2020-04-02,0.256350018,0.14896364822913785
2020-04-03,0.44092551799999996,0.13735707519296567
2020-04-06,0.358718375794,0.23690191821740522
2020-04-07,0.373080128,0.04003164136998532
2020-04-08,0.41889620999999994,0.28155938774320416
2020-04-09,0.479354194,0.15062615115862643
2020-04-13,0.41859947000000003,0.10622040546574749
2020-04-14,0.44595490098023216,0.328758646351164
2020-04-15,0.23358738898159997,0.2186625759544183
2020-04-16,0.20606617800000002,0.1895355129452439
2020-04-17,0.29225771479999996,0.1383778797731782
2020-04-20,0.43835885399999996,0.10967016793140733
2020-04-21,0.414879814,0.30540397736740754
2020-04-22,0.3152480294,0.18516961788996447
2020-04-23,0.1740732534,0.24073426976506776
2020-04-24,0.14128091055008,0.19439045062586713
2020-04-27,0.456008718,0.12291498908254324
2020-04-28,0.4741785399999999,0.1546437037864109
2020-04-29,0.234073639288362,0.21833289219041152
2020-04-30,0.289626758703484,0.28378334576710107
2020-05-01,0.17796196774,0.17591345717736714
2020-05-04,0.241961396,0.19975471382909746
2020-05-05,0.29695775399999996,0.14723206033238848
2020-05-06,0.341267548,0.2231873512260014
2020-05-07,0.38139389,0.2584181994732635
2020-05-08,0.40245690199999995,0.2671961001511066
2020-05-11,0.28248291999999997,0.16041088889738564
2020-05-12,0.21602854061801197,0.19456831477523534
2020-05-13,0.21928027375199996,0.19779394514104148
2020-05-14,0.32230028399999994,0.19978197980944634
2020-05-15,0.38958438,0.12203515802898032
2020-05-18,0.4684230072,0.3325271820923988
2020-05-19,0.40791536560464403,0.28406066362840493
2020-05-20,0.35692135199999997,0.2276769047433589
2020-05-21,0.38961484,0.05574743400775636
2020-05-22,0.40031472,0.08097914592304213
2020-05-26,0.268930226972076,0.27583154016259204
2020-05-27,0.39312913599999993,0.09035984254961427
2020-05-28,0.48428064200000004,0.15928560178804022
2020-05-29,0.5217650619604643,0.3074941242081635
2020-06-01,0.21388126280000003,0.2696313822543617
2020-06-02,0.25984608678255394,0.3574670478896077
2020-06-03,0.38510455199999993,0.04063375086282918
2020-06-04,0.452146238,0.13233289953071845
2020-06-05,0.538943524,0.14306338087237377
2020-06-08,0.527323188,0.1710342339776237
2020-06-09,0.3476884490486,0.2971775769379151
2020-06-10,0.58745162,0.15107042503022222
2020-06-11,0.19559650007680002,0.2670917891367722
2020-06-12,0.5551390620000001,0.16170875489481645
2020-06-15,0.511140878,0.17530643440333307
2020-06-16,0.326375732,0.3146319513270277
2020-06-17,0.323547361834,0.21512288699762783
2020-06-18,0.39494271118,0.2511959762609579
2020-06-19,0.485342628,0.1105933860264698
2020-06-22,0.39746675200000003,0.0361406991610832
2020-06-23,0.333647299,0.18836546274034008
2020-06-24,0.49340908,0.13273511261922522
2020-06-25,0.37964022608474,0.24535580979462812
2020-06-26,0.4350381234277,0.29514210732575596
2020-06-29,0.2336558987976,0.2187966482624443
2020-06-30,0.46094368799999996,0.09767225954784381
2020-07-01,0.24117948847999998,0.22044969896603575
2020-07-02,0.27369773799999997,0.22332746050466973
2020-07-06,0.25864346808,0.23784973333299142
2020-07-07,0.35209280231999995,0.2190880607484593
2020-07-08,0.42788229399999994,0.1139973939345478
2020-07-09,0.21594137018800003,0.21016728823793457
2020-07-10,0.17199828676,0.20963534664212446
2020-07-13,0.23028755914000004,0.2821151249522463
2020-07-14,0.25338245776,0.23741253411429575
2020-07-15,0.18921733960464399,0.2593101095073251
2020-07-16,0.23367989900232197,0.21871331904898608
2020-07-17,0.14240494819648,0.1933010938488253
2020-07-20,0.14134073460000002,0.1920573920612329
2020-07-21,0.2127417808,0.17904126814256663
2020-07-22,0.08368164,0.16714951447560417
2020-07-23,0.33369737199999994,0.19673364881910088
2020-07-24,0.14613988618371598,0.19914087350006832
2020-07-27,0.3195093685,0.3242570478519395
2020-07-28,0.313999327,0.1691524530374064
2020-07-29,0.38063482,0.05481798728120497
2020-07-30,0.23033751121999999,0.14553330593012248
2020-07-31,0.2343161580402322,0.21885842229198124
2020-08-03,0.366367612,0.0681435359077141
2020-08-04,0.1253434904042644,0.17822396623869055
2020-08-05,0.347335764,0.19686242106927587
2020-08-06,0.28588291,0.1611858765609822
2020-08-07,0.163594499875032,0.22671757859208747
2020-08-10,0.006903089458599999,0.010033234306322976
2020-08-11,0.2335456722,0.21298084724638142
2020-08-12,0.44430940799999996,0.17495193147607652
2020-08-13,0.286976673994,0.3074570194095271
2020-08-14,0.2577066128,0.1384029148354974
2020-08-17,0.38819687160000005,0.1984872271411642
2020-08-18,0.2979965104,0.3083380219354596
2020-08-19,0.25238627774,0.25623771847132953
2020-08-20,0.316729328,0.18066170798485015
2020-08-21,0.2690614176417,0.19715256423931654
2020-08-24,0.1650173290017,0.22995156697867505
2020-08-25,0.2167350598946,0.19919627715800733
2020-08-26,0.290396934,0.1922398251803513
2020-08-27,0.25813650012,0.313983422454596
2020-08-28,0.22238891556800003,0.21045875596186542
2020-08-31,0.20612857656856,0.18954254948032717
2020-09-01,0.464590904,0.23234963762117974
2020-09-02,0.49876141399999996,0.16194222174742226
2020-09-03,0.22744559407092,0.20763388530993007
2020-09-04,0.319273914,0.182394909806931
2020-09-08,0.47827977600000005,0.1646809974350384
2020-09-09,0.23201381963999998,0.21093024952561598
2020-09-10,0.29526794859999994,0.2531567881676428
2020-09-11,0.355466042,0.08263026595406564
2020-09-14,0.37978321600000003,0.2417190756960755
2020-09-15,0.396188856,0.2662845728017387
2020-09-16,0.15336785530000002,0.2078853395472396
2020-09-17,0.148204932,0.20298412654754341
2020-09-18,0.079837178934,0.16867813820445862
2020-09-21,0.196650508534,0.2798269183917937
2020-09-22,0.20622519266720002,0.2979088170650462
2020-09-23,0.367946238,0.25393058624968756
2020-09-24,0.3210310676,0.17029033262916102
2020-09-25,0.375488478,0.23283939026020192
2020-09-28,0.1840853816,0.21991696558794213
2020-09-29,0.47637888655199995,0.2985580177652471
2020-09-30,0.4287784419999999,0.10857019514326903
2020-10-01,0.385605827683716,0.27380554806547375
2020-10-02,0.268989094121716,0.24923117575157525
2020-10-05,0.33773338599999997,0.26062695735054
2020-10-06,0.428261252,0.1520227441234091
2020-10-07,0.34137234,0.31975732718142746
2020-10-08,0.42389198599999994,0.2869627377369436
2020-10-09,0.484535644,0.16883902077233076
2020-10-12,0.541692296,0.2174177658004137
2020-10-13,0.443863976,0.10468006908138544
2020-10-14,0.561134362,0.21582395452086098
2020-10-15,0.31453056120000006,0.24966180078746958
2020-10-16,0.5092455236,0.34861869207917806
2020-10-19,0.50499683,0.1403151877739632
2020-10-20,0.57519542,0.15572095680446935
2020-10-21,0.469835634,0.23732295305692871
2020-10-22,0.465254002,0.14108719612978676
2020-10-23,0.4654246820000001,0.12522857497123976
2020-10-26,0.480916722,0.1675212598226226
2020-10-27,0.47431989799999996,0.2972526200622452
2020-10-28,0.4044330333572,0.2753509459600514
2020-10-29,0.34753965920929,0.2045842992502556
2020-10-30,0.44187438105,0.26653473530874217
2020-11-02,0.434019798,0.16202806248365964
2020-11-03,0.3205025474,0.17433016392087924
2020-11-04,0.38063678399999995,0.27782042366759596
2020-11-05,0.496796128,0.15906146290512585
2020-11-06,0.511355518,0.2311469524594996
2020-11-09,0.30663075150926,0.2952564704126116
2020-11-10,0.522723036,0.2529046159664223
2020-11-11,0.5966888,0.16532687665901435
2020-11-12,0.51446973282209,0.32602441664222964
2020-11-13,0.469226732,0.14660542993870204
2020-11-16,0.53006733,0.17644448796154616
2020-11-17,0.5129034100000001,0.15059824595198812
2020-11-18,0.42540261600000007,0.25671728299404606
2020-11-19,0.423975232,0.059423252683141393
2020-11-20,0.48933728200000004,0.18506370420476395
2020-11-23,0.48968263199999995,0.1585506079603838
2020-11-24,0.5154653619999999,0.1691311795995183
2020-11-25,0.51544239,0.15101383726131026
2020-11-27,0.5022698740000001,0.10711597622230438
2020-11-30,0.45484419000000004,0.20281820673996787
2020-12-01,0.537994724,0.11366003368790868
2020-12-02,0.456668974,0.1363770445867602
2020-12-03,0.3156296475862,0.183533490256082
2020-12-04,0.5317541432299999,0.31943471602554274
2020-12-07,0.659103894,0.13660588106763735
2020-12-08,0.557058932,0.1512702480301375
2020-12-09,0.40548173742079996,0.24721378423780643
2020-12-10,0.3143018556,0.17519200756288222
2020-12-11,0.262226105636,0.27066723735399406
2020-12-14,0.4528053336,0.2887643619713852
2020-12-15,0.408182449282,0.3687296050596163
2020-12-16,0.377137458,0.23210347354510136
2020-12-17,0.31960803404,0.18227634487982391
2020-12-18,0.4333127162,0.265820644224068
2020-12-21,0.614450756,0.2079885681185996
2020-12-22,0.190071829066,0.2483980447251809
2020-12-23,0.18435623384,0.2224502045799383
2020-12-24,0.08487630686162599,0.14092417649444514
2020-12-28,0.249962064861626,0.23004668946647586
2020-12-29,0.24972744557088,0.2283797163638069
2020-12-30,0.38106614280000006,0.2591492988173627
2020-12-31,0.44076283468718,0.2852597630119386
2021-01-05,0.421186712,0.07894361101857623
2021-01-06,0.41367590856799996,0.2735593307634196
2021-01-07,0.24819064219999998,0.21667491220190635
2021-01-08,0.5505685560000001,0.19760408538210664
2021-01-11,0.4370059278,0.2772513546236859
2021-01-12,0.23767815740000006,0.31546204777837195
2021-01-13,0.30942673200000004,0.17936254887425768
2021-01-14,0.41883718999999997,0.3056281019243937
2021-01-15,0.35497845399999994,0.2384842976408676
2021-01-19,0.22551527402000002,0.3292637785276123
2021-01-20,0.211456321706938,0.29410506987407065
2021-01-21,0.2642198428,0.2529277300182097
2021-01-22,0.326283083,0.29325331805222804
2021-01-25,0.28490816199999996,0.17633887737740794
2021-01-26,0.20782873000000004,0.1956516574990041
2021-01-27,0.21944212400000002,0.21045976932374766
2021-01-28,0.190555546,0.2753714603872569
2021-01-29,0.304390412,0.19318993023120412
2021-02-01,0.324194540336,0.19043259344728924
2021-02-02,0.35503810233599997,0.21149431279542583
2021-02-03,0.436464886,0.05210846879529162
2021-02-04,0.363191092,0.2309162483990606
2021-02-05,0.244228713044,0.22539416285904115
2021-02-08,0.3142594954,0.2953650853836064
2021-02-09,0.10765828319174,0.15827290642139463
2021-02-10,0.4514336340000001,0.25641177484984395
2021-02-11,0.277505612,0.1552615317133305
2021-02-12,0.28871331288,0.16234149274443777
2021-02-16,0.26132663992092897,0.3137027078969353
2021-02-17,0.375229008,0.2275470036348927
2021-02-18,0.42264582599999995,0.1030280319337838
2021-02-19,0.276812386208,0.1884497732430542
2021-02-22,0.31897193339999996,0.22008027233265645
2021-02-23,0.1920013023264,0.2634398789919533
2021-02-24,0.330677337326,0.31215116481673144
2021-02-25,0.155308826327858,0.216774625114131
2021-02-26,0.20843971538199998,0.22942101932849246
2021-03-01,0.36108713600000003,0.21199275598173337
2021-03-02,0.23622629113712001,0.2202137693006818
2021-03-03,0.370814468,0.05596377609727181
2021-03-04,0.43451934999999997,0.045875898391294745
2021-03-05,0.494487814,0.08968544884044725
2021-03-08,0.3064124448,0.2830922353127551
2021-03-09,0.342172448,0.09812616053340527
2021-03-10,0.313907124,0.11720365509355662
2021-03-11,0.10957235338136002,0.17452745941966688
2021-03-12,0.14850701884530798,0.20623323215704056
2021-03-15,0.3863626340988,0.27161689103820663
2021-03-16,0.33775287226,0.2660618827596339
2021-03-17,0.48921930956700005,0.3285780734145197
2021-03-18,0.372829728,0.2120490544500335
2021-03-19,0.349730033,0.20660591385998756
2021-03-22,0.356017076,0.2254626843927543
2021-03-23,0.177758560408592,0.21693930114959195
2021-03-24,0.42295681720000006,0.35332532622417057
2021-03-25,0.5480477460000001,0.2298834865284953
2021-03-26,0.47879110074302,0.29251065754942007
2021-03-29,0.30912515733999996,0.2804171542805272
2021-03-30,0.33398143322000007,0.33372402624791014
2021-03-31,0.44754114860000005,0.26941100887837194
2021-04-01,0.530300500009,0.36705720455803226
2021-04-05,0.4076623380904,0.26072664781183824
2021-04-06,0.2484297022098,0.31601413941403184
2021-04-07,0.1930334599568,0.2737443290552808
2021-04-08,0.2614565494371122,0.25999584611750154
2021-04-09,0.2460252312406722,0.35266804686034836
2021-04-12,0.2913714902154,0.22914195269763796
2021-04-13,0.2983144290294001,0.318203286438285
2021-04-14,0.15328107309400002,0.2097655517538225
2021-04-15,0.31080276790462,0.29068508750293204
2021-04-16,0.38168081390462005,0.2347744892245842
2021-04-19,0.22662679555171597,0.21327653264871246
2021-04-20,0.376668436,0.19336941082056988
2021-04-21,0.33983647,0.20932041239348528
2021-04-22,0.540008116,0.2847403004465157
2021-04-23,0.494994378,0.16725871032441963
2021-04-26,0.38088237944,0.26273427804675886
2021-04-27,0.20675967152000002,0.1888987913356616
2021-04-28,0.1385878124946,0.18990007963500957
2021-04-29,0.335313342152,0.21644348250505183
2021-04-30,0.337811368,0.1972389783125098
2021-05-03,0.2617199,0.2605699819723666
2021-05-04,0.21295634000000002,0.19544520218545083
2021-05-05,0.18290156608,0.2482087347173568
2021-05-06,0.23510496399999997,0.17649092443429232
2021-05-07,0.17344638185568,0.20324171421059864
2021-05-10,0.20262533348646442,0.2949262314607729
2021-05-11,0.243156373446,0.2761720672715884
2021-05-12,0.11652545448825999,0.17001479785824203
2021-05-13,0.10932395051999999,0.16181133195052597
2021-05-14,0.35713431352557395,0.27810270163574274
2021-05-17,0.285886085525574,0.3197596132011303
2021-05-18,0.2249331898,0.20883757516567658
2021-05-19,0.2661999097312,0.2572152881158097
2021-05-20,0.20924793786379997,0.24818157876279937
2021-05-21,0.42451887599999993,0.186474262085185
2021-05-24,0.419624588,0.26478441444240175
2021-05-25,0.3490254592,0.1797881487121191
2021-05-26,0.516817314,0.23299353759975486
2021-05-27,0.38576327162786,0.2839136331998394
2021-05-28,0.5191745900000001,0.2231965157711643
2021-06-01,0.297971564861626,0.25979943214501455
2021-06-02,0.39725178800000005,0.16996902926268884
2021-06-03,0.21755022469399998,0.3355749279921436
2021-06-04,0.2708937693588,0.2760573162291654
2021-06-07,0.547671294,0.19960021361366398
2021-06-08,0.40727568999999997,0.08305223084462812
2021-06-09,0.38933323000000003,0.1849525086199736
2021-06-10,0.36711210600000005,0.09614034920764113
2021-06-11,0.420728456,0.10598443828214349
2021-06-14,0.376325809,0.19924006174370043
2021-06-15,0.2502684646,0.1839077807923813
2021-06-16,0.317803628,0.19492446829621463
2021-06-17,0.14590891925320001,0.1904293836703015
2021-06-18,0.259342026808,0.2593021661678992
2021-06-21,0.35942050169999995,0.27120429679289804
2021-06-22,0.24564372492,0.22764715078016126
2021-06-23,0.149780040204,0.18424054613929658
2021-06-24,0.289166767094,0.2989250830320265
2021-06-25,0.337065904081858,0.3303020793792381
2021-06-28,0.313359029,0.21310586127467543
2021-06-29,0.40533176600000004,0.037540862104627815
2021-06-30,0.2768521259604644,0.15621712371905364
2021-07-01,0.13078524092000002,0.17562740854009665
2021-07-02,0.2632125688,0.24004184366852366
2021-07-06,0.1991886492802322,0.21086038917935054
2021-07-07,0.2807814829802322,0.16113541857853048
2021-07-08,0.26379297248,0.24948588414626982
2021-07-09,0.29378093240799996,0.30742312432430785
2021-07-12,0.18051299516000002,0.14758145870199313
2021-07-13,0.0401460087148,0.05744953360755278
2021-07-14,0.271062234,0.22174306177931052
2021-07-15,0.24274906727500004,0.22317142977918905
2021-07-16,0.29052746324800005,0.16430322514548407
2021-07-19,0.165922646483,0.1859902160641671
2021-07-20,0.15708145571999999,0.1923599638873163
2021-07-21,0.149733421569754,0.2049169505117574
2021-07-22,0.2698136756,0.24982164410316335
2021-07-23,0.25513073482799997,0.3030756978296785
2021-07-26,0.18332880199999999,0.18617260209233855
2021-07-27,0.017529222231999996,0.012762707766860042
2021-07-28,0.23335374,0.22188852570084477
2021-07-29,0.24365604465399998,0.2426594828917831
2021-07-30,0.15052069361960002,0.20794126713796665
2021-08-02,0.3082739905836,0.17861438882467418
2021-08-03,0.14243552533999998,0.1933565119525945
2021-08-04,0.15252135066394798,0.20884834502541313
2021-08-05,0.169554271136,0.23405915235291805
2021-08-06,0.081002254296,0.1680095354197356
2021-08-09,0.20458014000000002,0.19293729053472997
2021-08-10,0.20417471340696797,0.19308228603117028
2021-08-11,0.361818465406968,0.22530122839568437
2021-08-12,0.2227398924336644,0.25196463869991925
2021-08-13,0.29416790655999997,0.16501296894359432
2021-08-16,0.33292344856,0.19274851910101917
2021-08-17,0.396072626,0.05479535740879679
2021-08-18,0.451605466,0.10775163154369605
2021-08-19,0.2626523179604644,0.14742554691646276
2021-08-20,0.42678278428,0.29859593156288666
2021-08-23,0.39366168,0.07534287294884269
2021-08-24,0.31528514,0.17878215069441594
2021-08-25,0.370578708,0.38685206254642907
2021-08-26,0.40096142200000007,0.05219886173644041
2021-08-27,0.40447693119999995,0.3719669641704134
2021-08-30,0.21988452949999998,0.2005161487517219
2021-08-31,0.10256739352,0.22174665143241348
2021-09-01,0.521577174,0.12700311394971417
2021-09-02,0.29830530376278597,0.17085279013548713
2021-09-03,0.22038564446627001,0.20942293605068216
2021-09-07,0.5418984699999999,0.15582306933641404
2021-09-08,0.45500799482209003,0.27751368421978556
2021-09-09,0.1585878697324,0.20286833772957938
2021-09-10,0.596341904,0.07788068070002169
2021-09-13,0.36355896282209,0.2256910077763223
2021-09-14,0.39800671482209005,0.27342060817259156
2021-09-15,0.43863306,0.09430934596789652
2021-09-16,0.443867644,0.03970044727639261
2021-09-17,0.380411828,0.22813163596495833
2021-09-20,0.488474786,0.1524228947577103
2021-09-21,0.34160735600000003,0.19719223981002937
2021-09-22,0.37957891292199997,0.26958923713887434
2021-09-23,0.35679372394,0.25980025722174876
2021-09-24,0.47669569800000006,0.1786906102500476
2021-09-27,0.456115078,0.18382764746877148
2021-09-28,0.5004591379999999,0.15095570310089917
2021-09-29,0.35287381,0.20902732870307103
2021-09-30,0.50091894,0.16658640524931617
2021-10-01,0.21091521182,0.18934034635622063
2021-10-04,0.38855995600000004,0.04493026928555102
2021-10-05,0.1840165307825542,0.17845722369495565
2021-10-06,0.24406501399999997,0.1588232991491525
2021-10-07,0.35391519000000005,0.1991316237060171
2021-10-08,0.3326716338306,0.3152461607798085
2021-10-11,0.43984538000000006,0.16428647080638684
2021-10-12,0.397371966,0.21327670210646024
2021-10-13,0.3747923735404,0.26844388852003787
2021-10-14,0.308883144,0.19056192430430516
2021-10-15,0.51571497,0.2156248784206138
2021-10-18,0.412701198,0.08504774307705891
2021-10-19,0.42831995738,0.33215338855351934
2021-10-20,0.35846628,0.2242005565144751
2021-10-21,0.46461130400000006,0.1110391623717476
2021-10-22,0.38952106000000003,0.2085868066296797
2021-10-25,0.44065075384185803,0.2781792018685495
2021-10-26,0.141242606238,0.20480862192876093
2021-10-27,0.413274228,0.10632443216741962
2021-10-28,0.496650964,0.09466105665556682
2021-10-29,0.320211966364,0.19134113019045781
2021-11-01,0.2468841250177,0.2371316816129835
2021-11-02,0.34037157400000007,0.2216487594377496
2021-11-03,0.353636342,0.1944507793569638
2021-11-04,0.2638466890688,0.25948197571441733
2021-11-05,0.445999354,0.1841063858772633
2021-11-08,0.42266796200000006,0.13421614207776844
2021-11-09,0.34119781800000004,0.09429551648394593
2021-11-10,0.2607159393174,0.2595325271749224
2021-11-11,0.513651224,0.1597773399788402
2021-11-12,0.448425923,0.2883916159174675
2021-11-15,0.443312782,0.23437371049472405
2021-11-16,0.356493324,0.14942614372962945
2021-11-17,0.24764381364882,0.21549053107741883
2021-11-18,0.259616398,0.2312323400088362
2021-11-19,0.22286904576539998,0.21087698766554328
2021-11-22,0.24184543400000003,0.2233114031268667
2021-11-23,0.35352848759659994,0.24084062402249848
2021-11-24,0.35334851159659997,0.2090978708886312
2021-11-26,0.267141908,0.27161961808487606
2021-11-29,0.31792475,0.23174653158329422
2021-11-30,0.497528154,0.3355876320978224
2021-12-01,0.314028780861626,0.18210842419893228
2021-12-02,0.14620675836278602,0.19018743947758243
2021-12-03,0.530469186,0.16988122049701046
2021-12-06,0.402462844,0.0594686131504202
2021-12-07,0.19451747917860002,0.17756062979143455
2021-12-08,0.24097526518000004,0.2272635299289703
2021-12-09,0.39821410999999995,0.05052188359933199
2021-12-10,0.34866579799999997,0.20277642326187004
2021-12-13,0.277394091728,0.3609014455460116
2021-12-14,0.47406452448720005,0.3422721513606017
2021-12-15,0.29000674394,0.17518942173803131
2021-12-16,0.525644988,0.1382775646456021
2021-12-17,0.32867593240000004,0.1779240398909785
2021-12-20,0.527014884,0.13946499196161175
2021-12-21,0.47863288600000004,0.16119724267015934
2021-12-22,0.518792556,0.16742666920617405
2021-12-23,0.518976888528,0.34518042259579584
2021-12-27,0.43719173600000005,0.31353055794894935
2021-12-28,0.330783382,0.29132112959801526
2021-12-29,0.578713727108,0.36186627102610747
2021-12-30,0.5598594740000001,0.22632019958676727
2021-12-31,0.3916986348,0.25677978384825695
2022-01-04,0.37313702800000004,0.08185065327061579
2022-01-05,0.2024431262,0.1301004924147897
2022-01-06,0.0924803708,0.1401599143708049
2022-01-07,0.25551505461848,0.27152586734194956
2022-01-10,0.514543018,0.15156215787618696
2022-01-11,0.31876132999999995,0.199503091447847
2022-01-12,0.28389282682209,0.21032410319321515
2022-01-13,0.460461106,0.18397194111703602
2022-01-14,0.41286387494000004,0.24526331778058283
2022-01-18,0.24590130614,0.21670692104614833
2022-01-19,0.23572104317,0.22329615184162815
2022-01-20,0.2712685227324,0.1872257429000725
2022-01-21,0.43470188,0.23131549037942412
2022-01-24,0.217436711124,0.2868711292222567
2022-01-25,0.2900430213,0.3777823489319448
2022-01-26,0.34354370948,0.37541837019782637
2022-01-27,0.16992876660000003,0.15586027139741448
2022-01-28,0.38187849508000005,0.24104013346066278
2022-01-31,0.38852177600000004,0.20082968387927091
2022-02-01,0.3574066628,0.2449506166739281
2022-02-02,0.43724454,0.28456274906095713
2022-02-03,0.395537352,0.06329592227581901
2022-02-04,0.24911927027999997,0.22998603595217848
2022-02-07,0.4419581885648,0.2819285432328733
2022-02-08,0.49531088599999995,0.2460064545696608
2022-02-09,0.344102,0.11761878573304946
2022-02-10,0.355527068,0.3041654652251217
2022-02-11,0.13007939263593998,0.1778423022143215
2022-02-14,0.32954925947788,0.21511568602800238
2022-02-15,0.38657360613999997,0.26837554674303454
2022-02-16,0.5266206920000001,0.2220592639355847
2022-02-17,0.4046926592,0.2715505116090726
2022-02-18,0.29637171493009007,0.30734221267691375
2022-02-22,0.27395952440000004,0.24844890019910765
2022-02-23,0.5041712979999999,0.1335818161076189
2022-02-24,0.43577444200000004,0.10929479029697857
2022-02-25,0.347030198,0.20097466315643328
2022-02-28,0.3763415963872,0.3752009744193371
2022-03-01,0.27273080054,0.23783053780934074
2022-03-02,0.418412202,0.271708427693774
2022-03-03,0.45726831199999995,0.07442358911596088
2022-03-04,0.37443091612600005,0.27118911907374393
2022-03-07,0.31233794,0.23112095988189993
2022-03-08,0.407515756,0.2721927439249278
2022-03-09,0.428012032861626,0.28914461616041925
2022-03-10,0.6018530799999999,0.20203828992375614
2022-03-11,0.14948896959840002,0.1997900491554269
2022-03-14,0.47615943400000005,0.14443667464969756
2022-03-15,0.2841863256,0.1482065610725749
2022-03-16,0.4124722660000001,0.27311238665349596
2022-03-17,0.379344456,0.24174838493602172
2022-03-18,0.1588805300366,0.21940176191780847
2022-03-21,0.26939091045999997,0.15214616329504455
2022-03-22,0.259831703986,0.14555716347548656
2022-03-23,0.252929787766,0.22688663071714785
2022-03-24,0.32089872399999997,0.18300107520526723
2022-03-25,0.28941389295000003,0.16906732020939297
2022-03-28,0.21188343880000002,0.17171405492708197
2022-03-29,0.2820497853256,0.31483337997504124
2022-03-30,0.29143943747999995,0.27666499345429746
2022-03-31,0.46462743599999995,0.1187901580974469
2022-04-01,0.41621575999999993,0.06948512643771902
2022-04-04,0.507347232,0.14842516982979845
2022-04-05,0.420326018,0.3231601213872004
2022-04-06,0.16565528646,0.22797391001861975
2022-04-07,0.24109154,0.22203649811120693
2022-04-08,0.288354590512,0.1648721819420814
2022-04-11,0.320929534,0.1875265352003222
2022-04-12,0.27736468253717994,0.27136112297382187
2022-04-13,0.390332432,0.0913380118807056
2022-04-14,0.424329144,0.14765945731602947
2022-04-18,0.325522152624412,0.1853532853455111
2022-04-19,0.26353262856000004,0.257413516309875
2022-04-20,0.48221932799999995,0.14105175287672952
2022-04-21,0.313881557920929,0.31156416497922496
2022-04-22,0.535674228,0.13766111268756104
2022-04-25,0.5925671620000001,0.14408358687543843
2022-04-26,0.36730618000000004,0.02544247672068109
2022-04-27,0.23369980644280003,0.21890213131809422
2022-04-28,0.27148021608,0.15294917181692713
2022-04-29,0.22664498273486,0.20690936926310838
2022-05-02,0.1153544266197,0.15420729795767252
2022-05-03,0.371207554,0.171063982877708
2022-05-04,0.24362261552,0.15428416539619688
2022-05-05,0.1370680928,0.15864101131150316
2022-05-06,0.40591836130000003,0.25524181764781523
2022-05-09,0.18584030972325202,0.14418910017630387
2022-05-10,0.29530291919999996,0.17025363030664173
2022-05-11,0.332192364,0.15551269281725277
2022-05-12,0.34569261800000006,0.10822267523794249
2022-05-13,0.15300249859999998,0.14917978705144724
2022-05-16,0.17992035199999998,0.16150404855724446
2022-05-17,0.18623865464716,0.26108419133384864
2022-05-18,0.36116259799999995,0.08550847452115416
2022-05-19,0.460438468,0.23708676031527356
2022-05-20,0.2189893364092,0.19698526132335709
2022-05-23,0.2308006610204,0.18207441479414369
2022-05-24,0.354257426149986,0.19991505805444168
2022-05-25,0.52803624,0.16844288246264905
2022-05-26,0.2179022669508,0.20010663361322922
2022-05-27,0.288565815541858,0.30460886342628735
2022-05-31,0.35131615224,0.3080795561253282
2022-06-01,0.49091104080000003,0.30698743620931856
2022-06-02,0.350928010276,0.22535231178146653
2022-06-03,0.386688822,0.12331538689062495
2022-06-06,0.351165022,0.269855710363855
2022-06-07,0.41201654748604,0.23603704983709453
2022-06-08,0.5015078893649999,0.30122594213791953
2022-06-09,0.373114496,0.24576275156269373
2022-06-10,0.4169109399999999,0.30815032829798505
2022-06-13,0.47271315999999997,0.16980612635663458
2022-06-14,0.484061988,0.14959897679450057
2022-06-15,0.33194318162680003,0.19019757540297183
2022-06-16,0.35477665720000007,0.21578344913798028
2022-06-17,0.517895676,0.18555044641194787
2022-06-21,0.523541194,0.2496861059704055
2022-06-22,0.429819936,0.09548371091023578
2022-06-23,0.415620827841858,0.3037274816299168
2022-06-24,0.6386750059999999,0.19304606619628376
2022-06-27,0.45981625734,0.32135218813074645
2022-06-28,0.34665198147299997,0.23129997095586233
2022-06-29,0.349027718,0.03489420705751343
2022-06-30,0.340828102,0.15006280264473576
2022-07-01,0.40793638514,0.27295800094318995
2022-07-05,0.387972318,0.04709993771141019
2022-07-06,0.19891558639999998,0.17528113634278356
2022-07-07,0.20379258113,0.1861032886847893
2022-07-08,0.544814338,0.14457036672510976
2022-07-11,0.55378277,0.24143660668219763
2022-07-12,0.467412676,0.12297436934626389
2022-07-13,0.3527572047652,0.2294459832438507
2022-07-14,0.311186519,0.31707142673785504
2022-07-15,0.4008482682154,0.3035164131036157
2022-07-18,0.206015790314,0.18909557505059918
2022-07-19,0.33670069928499996,0.3245499727341844
2022-07-20,0.3217654463696,0.1831687357524937
2022-07-21,0.21730308014132,0.19973773475586543
2022-07-22,0.47076450000000003,0.3031420135087472
2022-07-25,0.36281043600000007,0.11333138502788463
2022-07-26,0.35705301190219996,0.2602180231909894
2022-07-27,0.1827796739022,0.3247678158265016
2022-07-28,0.35865278,0.2292581365487634
2022-07-29,0.15744274228712,0.17522300990475095
2022-08-01,0.23884011800000002,0.22169696717927587
2022-08-02,0.35719376,0.20355090084407107
2022-08-03,0.22782792600000001,0.17314336377433623
2022-08-04,0.213980889549,0.1992629032398234
2022-08-05,0.1728771651932,0.2305003368386119
2022-08-08,0.2653030286195,0.2253681015136945
2022-08-09,0.31825930637539995,0.19429064910849306
2022-08-10,0.35847986901161205,0.20457746495050635
2022-08-11,0.15891991918592,0.28114319618253253
2022-08-12,0.23411521151999998,0.18936130872533638
2022-08-15,0.2091590823004644,0.27127393032102515
2022-08-16,0.12349410268799998,0.17496160179956508
2022-08-17,0.1697794081,0.2097791761350443
2022-08-18,0.207888875086,0.33136978391597033
2022-08-19,0.19174610539999998,0.2818726414905062
2022-08-22,0.338521682,0.18309652400350046
2022-08-23,0.24494020302540004,0.19942627887576878
2022-08-24,0.259499857214,0.2682699014224845
2022-08-25,0.402398843716,0.2548042808071308
2022-08-26,0.40257359600000003,0.23055736393505516
2022-08-29,0.3447895343596,0.3122626448243804
2022-08-30,0.36563034950000006,0.3422191136844324
2022-08-31,0.418070858,0.1147168378938115
2022-09-01,0.539040346,0.1475884289556528
2022-09-02,0.48505841,0.1738323440625652
2022-09-06,0.431825508,0.07304688433734953
2022-09-07,0.32283215200000004,0.20346778977306537
2022-09-08,0.44318234,0.13148366764114924
2022-09-09,0.505752906,0.27753436006185467
2022-09-12,0.200091658,0.18697815467481307
2022-09-13,0.391245074,0.07838039618413765
2022-09-14,0.352891787,0.2969570727299193
2022-09-15,0.20744790982086442,0.3321811548474712
2022-09-16,0.5732529319999999,0.18519215777524184
2022-09-19,0.5335190080000001,0.1624374766337741
2022-09-20,0.37319379509067996,0.35445834177814395
2022-09-21,0.380196668,0.24213751791885893
2022-09-22,0.395728128,0.08794443693558746
2022-09-23,0.21109956576278602,0.19374825356579684
2022-09-26,0.265571796774,0.16314261062841023
2022-09-27,0.403572672,0.0369769625740294
2022-09-28,0.23889114714,0.21859454515389964
2022-09-29,0.24327021805799998,0.22828197635488104
2022-09-30,0.09678697850898,0.17396793806633962
2022-10-03,0.150359493524326,0.20592870536325816
2022-10-04,0.079726614116,0.16974406732365682
2022-10-05,0.24059805,0.19091916190325867
2022-10-06,0.270947716,0.1638508767790494
2022-10-07,0.31009270440000003,0.20347092613507703
2022-10-10,0.2755896462,0.2717904855222803
2022-10-11,0.22363850226000004,0.2022801052663706
2022-10-12,0.19740594194,0.1902512991289802
2022-10-13,0.19889389812640001,0.1832274601837012
2022-10-14,0.2062813163344,0.188080566256519
2022-10-17,0.229723601748,0.21843483910149777
2022-10-18,0.35323084400000004,0.02397952908106475
2022-10-19,0.40821760049920003,0.32216416290651156
2022-10-20,0.2495995638,0.17427165558601287
2022-10-21,0.3239534484283199,0.26297919537776965
2022-10-24,0.2268761641368,0.19769743503823378
2022-10-25,0.41502438,0.11914310704877644
2022-10-26,0.443871514,0.1833479237041025
2022-10-27,0.152530614926968,0.17466242692957254
2022-10-28,0.404660852,0.09008476672137371
2022-10-31,0.248809462,0.22880538981833015
2022-11-01,0.46595615358833997,0.3076051283937468
2022-11-02,0.35458835120000004,0.20858612733410575
2022-11-03,0.41039415670000007,0.2663135683497546
2022-11-04,0.33543413019199997,0.3254579975330524
2022-11-07,0.390706522,0.2583736838539463
2022-11-08,0.077726226620438,0.16933794956629178
2022-11-09,0.20525500427267024,0.29643379950710236
2022-11-10,0.21127917799999998,0.26698358894479346
2022-11-11,0.14747808399999998,0.15149199366727448
2022-11-14,0.1432685148,0.16645578900524696
2022-11-15,0.39712099199999995,0.061428889684944823
2022-11-16,0.38374260880000005,0.32704672761279513
2022-11-17,0.37031446600000006,0.05867918997298387
2022-11-18,0.4656053699999999,0.2243645954796995
2022-11-21,0.21032969613939997,0.25055189481898565
2022-11-22,0.18848757644706,0.2450450880463349
2022-11-23,0.14355599712,0.1984808522508068
2022-11-25,0.20494334176,0.19891148729174035
2022-11-28,0.27149467507999997,0.22961219063498403
2022-11-29,0.491631466,0.06292354610872374
2022-11-30,0.47749391399999996,0.1638130852360038
2022-12-01,0.377884404,0.1607751472107982
2022-12-02,0.17912117058232202,0.1833594958913075
2022-12-05,0.246662154602322,0.21078299826015368
2022-12-06,0.23009592880000002,0.17357982358584398
2022-12-07,0.28738949680000003,0.1462711105819789
2022-12-08,0.25292066296046445,0.2418040913288294
2022-12-09,0.39538860499999995,0.2523438652722177
2022-12-12,0.5152956399999999,0.16400843410428198
2022-12-13,0.393049858861626,0.2637777375823005
2022-12-14,0.46943291286162603,0.29486246210799966
2022-12-15,0.32160964278255444,0.3201547369964655
2022-12-16,0.34967042282209004,0.23641889613510042
2022-12-19,0.30143946356511,0.19663607795633967
2022-12-20,0.33960821796046436,0.22718445911061402
2022-12-21,0.20832201482209003,0.20077874227350137
2022-12-22,0.26014797230000003,0.26285368580851426
2022-12-23,0.38540704400000003,0.29272707311563345
2022-12-27,0.24652661200000003,0.19619739913979994
2022-12-28,0.48343551199999996,0.2450943491798244
2022-12-29,0.477748026,0.1322954548475373
2022-12-30,0.11030740859999999,0.20224606450237473
2023-01-03,0.34987398719999996,0.2687441485228693
2023-01-04,0.32331258199999996,0.19836251399188665
2023-01-05,0.5354049759999999,0.20528576924009767
2023-01-06,0.36507224729800003,0.34934522527092704
2023-01-09,0.266172849396,0.2746975402252388
2023-01-10,0.2633559598094,0.24371140045131323
2023-01-11,0.482965878,0.14031194307648234
2023-01-12,0.38693551493946,0.23952715741823355
2023-01-13,0.22882599639539997,0.281950692178931
2023-01-17,0.127271284114,0.1279724867327897
2023-01-18,0.4122350922000001,0.23675563292980797
2023-01-19,0.39514246999999997,0.03766863629316038
2023-01-20,0.27979579854534,0.1595163717422716
2023-01-23,0.49116808059999995,0.3617034507858089
2023-01-24,0.276830148406,0.15794335395147388
2023-01-25,0.42095756800000006,0.20431121061760335
2023-01-26,0.31560343276,0.32420457075807985
2023-01-27,0.32024877243999994,0.30640416393588915
2023-01-30,0.361117912,0.229705901421973
2023-01-31,0.283475348,0.16434259387635855
2023-02-01,0.076438388030322,0.17042505634273022
2023-02-02,0.27180892358020003,0.37674022713495575
2023-02-03,0.269400454,0.26212341176719234
2023-02-06,0.20186971101540002,0.24626050807531516
2023-02-07,0.29965715,0.1812556979241828
2023-02-08,0.35735201038312,0.20285547737476586
2023-02-09,0.1258000540104644,0.21843252717457373
2023-02-10,0.116955300095626,0.22092502096956154
2023-02-13,0.14965722948,0.1971665930691611
2023-02-14,0.11180429218560002,0.23269941246072345
2023-02-15,0.382881092,0.24659991224605712
2023-02-16,0.31585455640000004,0.27831235052688674
2023-02-17,0.255316852,0.1766821347833117
2023-02-21,0.388039104,0.19581358405439325
2023-02-22,0.22248025566462,0.2048945611286284
2023-02-23,0.24677846960276004,0.22933584742965554
2023-02-24,0.11217494648835999,0.1499771425938989
2023-02-27,0.3192691368836,0.1921011165121692
2023-02-28,0.40495100199999995,0.03603561205821013
2023-03-01,0.1149080384,0.1435553427304539
2023-03-02,0.358321527,0.19296621111943785
2023-03-03,0.12673230216743198,0.17269656356123522
2023-03-06,0.153332024,0.21722548471595796
2023-03-07,0.42785812956511,0.28706172478573116
2023-03-08,0.377602786,0.2623050257169827
2023-03-09,0.292592224418,0.16965686785150214
2023-03-10,0.47460159599999996,0.20354792057370136
2023-03-13,0.546494598,0.18089600788917198
2023-03-14,0.434869528,0.17465590185415628
2023-03-15,0.423347136,0.16557900205865078
2023-03-16,0.38169919599999996,0.003815885364031517
2023-03-17,0.5290843080000001,0.23867183561357208
2023-03-20,0.269061736,0.18675517339097794
2023-03-21,0.22623165590799998,0.2068675723526987
2023-03-22,0.21609558377920002,0.1889385403307094
2023-03-23,0.38811492540000003,0.214389809037813
2023-03-24,0.35580635086162604,0.34064651827617937
2023-03-27,0.2439391454069662,0.2252752157801775
2023-03-28,0.595318936,0.22228278757873318
2023-03-29,0.43593735893600005,0.27547551818936467
2023-03-30,0.3637372612,0.2035843368901201
2023-03-31,0.44821711999999997,0.12504021715611102
2023-04-03,0.3600020185,0.4406221995359301
2023-04-04,0.37122106499999996,0.20526668699780012
2023-04-05,0.34761446108800004,0.23419533862687497
2023-04-06,0.37676272999999993,0.1756029907839274
2023-04-10,0.265489574283716,0.23890670682687928
2023-04-11,0.6205921839999999,0.09974564616374934
2023-04-12,0.31070333506000003,0.24583232620809067
2023-04-13,0.21214294988302002,0.19382439872967988
2023-04-14,0.37453803392784,0.25477447667568354
2023-04-17,0.48090040199999995,0.13663414494039375
2023-04-18,0.49098698399999996,0.1232750813727881
2023-04-19,0.31861824207158,0.3132827709959353
2023-04-20,0.36452125789839995,0.30114071140900006
2023-04-21,0.188972218794,0.25822395709525836
2023-04-24,0.449942842,0.19947059594560604
2023-04-25,0.4546843976046439,0.2799935692303204
2023-04-26,0.26870134640103,0.245907607329279
2023-04-27,0.27295649913022,0.2540846196978945
2023-04-28,0.369834494,0.2813162116940458
2023-05-01,0.19754985,0.18377393476372839
2023-05-02,0.0599213817254,0.13178984436990104
2023-05-03,0.29995132199999996,0.18867030292020104
2023-05-04,0.259787115406968,0.27175509953686616
2023-05-05,0.42887794054399997,0.2729454948616546
2023-05-08,0.506542544,0.2164030084747337
2023-05-09,0.251610468,0.16466486359230653
2023-05-10,0.28703556999999996,0.16217959743816265
2023-05-11,0.5347816240000001,0.2511670996462288
2023-05-12,0.14386186846626997,0.18874001062405624
2023-05-15,0.371307443596,0.2667635219267122
2023-05-16,0.5241838019999999,0.21397305221844273
2023-05-17,0.17389668996046442,0.24109736589103367
2023-05-18,0.45240140647999993,0.3094336487558136
2023-05-19,0.380196604,0.15787164037065707
2023-05-22,0.553567978,0.1393653160056232
2023-05-23,0.34781502,0.2713505787275081
2023-05-24,0.48318077400000004,0.2528354071820798
2023-05-25,0.36450912999999996,0.23730934484287455
2023-05-26,0.15536599834766002,0.2190332493044072
2023-05-30,0.367027074,0.35386105692674596
2023-05-31,0.46175994016000005,0.2837275676737946
2023-06-01,0.34744694805299997,0.3555590210710201
2023-06-02,0.306069018,0.1892983682078803
2023-06-05,0.2610867589802322,0.2406088362796039
2023-06-06,0.163701743202322,0.197997393951416
2023-06-07,0.223768671498,0.1806668648919754
2023-06-08,0.33769870160000004,0.268873966980681
2023-06-09,0.27469981511999997,0.2444585767911593
2023-06-12,0.6213603580000001,0.15043635772451425
2023-06-13,0.355373164,0.21771167809368308
2023-06-14,0.464951734,0.10814598110663998
2023-06-15,0.367712295802322,0.39517796974210334
2023-06-16,0.546236883802322,0.37523859857089237
2023-06-20,0.133555414782554,0.1830158426553335
2023-06-21,0.2756986411,0.24670067137019322
2023-06-22,0.29824147626200004,0.1742964446383622
2023-06-23,0.24573360222046442,0.3486881316998337
2023-06-26,0.36055639,0.2890335630356672
2023-06-27,0.447881724,0.08264977916117551
2023-06-28,0.30945637707199997,0.18393843241417984
2023-06-29,0.164190554504,0.22907601790458046
2023-06-30,0.416703182,0.26990620253658437
2023-07-03,0.22405272000000004,0.14735886734087925
2023-07-05,0.350130214,0.21823964080458635
2023-07-06,0.297940266,0.2989911654805723
2023-07-07,0.5692515439999999,0.16298263003620547
2023-07-10,0.20949524199999997,0.26989638535510424
2023-07-11,0.2637716325,0.3314709249488228
2023-07-12,0.440708963148,0.28688539171074534
2023-07-13,0.355111505892,0.22940023204820648
2023-07-14,0.535666856,0.09505118816701573
2023-07-17,0.40689907999999997,0.33700185415979805
2023-07-18,0.400052674,0.2741055661956473
2023-07-19,0.37746658999999994,0.1614648426213501
2023-07-20,0.420098894,0.07276648821243939
2023-07-21,0.558462682,0.1280659672656878
2023-07-24,0.510433948,0.31002700390162524
2023-07-25,0.541321442,0.23790402332310864
2023-07-26,0.28282380360000003,0.27423363950214985
2023-07-27,0.554107572,0.18719829974800725
2023-07-28,0.685461538,0.12072721734566409
2023-07-31,0.359178369841858,0.32788983394674515
2023-08-01,0.237973686782554,0.3453870468474195
2023-08-02,0.33050419999999997,0.18983293777704913
2023-08-03,0.45594250799999997,0.1607779907400883
2023-08-04,0.442900274,0.16645098779016895
2023-08-07,0.45430676600000003,0.10639457504593539
2023-08-08,0.26685516293999995,0.24556750782135614
2023-08-09,0.3023170008428,0.19204927773556812
2023-08-10,0.36622477400000003,0.2350421316818511
2023-08-11,0.426166116,0.14945263099756217
2023-08-14,0.39433661999999997,0.12768281203042328
2023-08-15,0.43803797400000005,0.13435881855493753
2023-08-16,0.53043465,0.2050966591319894
2023-08-17,0.13896816213879998,0.18966710550836785
2023-08-18,0.35297589397999996,0.23768428182910284
2023-08-21,0.406554522,0.20216873564675258
2023-08-22,0.305297762,0.18251701810000764
2023-08-23,0.4664971400000001,0.17589567459115418
2023-08-24,0.35812149680000005,0.21410832425794718
2023-08-25,0.20326754840000003,0.26073882656783287
2023-08-28,0.39869615199999997,0.2512222157869473
2023-08-29,0.44661770060000006,0.27838861404412363
2023-08-30,0.3076366706,0.21057582185070356
2023-08-31,0.5653716000000001,0.22547055403388844
2023-09-01,0.3412413768,0.16243253720620737
2023-09-05,0.39329852,0.09786263649823766
2023-09-06,0.553342762,0.15617159376238376
2023-09-07,0.42581046800000005,0.20064003173901607
2023-09-08,0.34377143104800006,0.1962676740900236
2023-09-11,0.5955207359999999,0.2351871860900407
2023-09-12,0.525006516,0.10672986043116767
2023-09-13,0.29068495839999997,0.24375540802452447
2023-09-14,0.5809495179999999,0.18616497309730937
2023-09-15,0.26620409500000003,0.23297912739552487
2023-09-18,0.23416312902800002,0.21911696946068712
2023-09-19,0.5529054840000001,0.1460561184907501
2023-09-20,0.299297336,0.19726581485952713
2023-09-21,0.2712711999604644,0.2696928480276503
2023-09-22,0.323451288584878,0.22862218391983008
2023-09-25,0.360492131106,0.23958562105745376
2023-09-26,0.2265072200179,0.20679130914077712
2023-09-27,0.48826996000000006,0.14677369481110367
2023-09-28,0.465686296,0.2575926935356027
2023-09-29,0.23887983123786,0.34335851035291054
2023-10-02,0.220707890082,0.2099360486078768
2023-10-03,0.39446942360000004,0.2655292426003235
2023-10-04,0.37472402941,0.22589108608741137
2023-10-05,0.137594922,0.15912457316800074
2023-10-06,0.39495886253718,0.2508134859540244
2023-10-09,0.348014780378,0.27340175133588895
2023-10-10,0.348454789378,0.30648996515809473
2023-10-11,0.38653572999999997,0.08926608697334251
2023-10-12,0.42806641,0.18804115124932386
2023-10-13,0.6073050739999999,0.1582127358388884
2023-10-16,0.25121556202,0.16497815741117336
2023-10-17,0.2783172630254,0.24335710177449618
2023-10-18,0.37531576962540003,0.25858774557279235
2023-10-19,0.30853041088,0.2791998099102623
2023-10-20,0.47215196600000003,0.10509456819617406
2023-10-23,0.380996478,0.2143870997716479
2023-10-24,0.2301330752,0.2080584753779752
2023-10-25,0.546810068,0.20034148813175634
2023-10-26,0.3052324962918,0.3190592104283471
2023-10-27,0.38092607384185806,0.2810148410032708
2023-10-30,0.36956178,0.11241133720919615
2023-10-31,0.436426934,0.1365840292918959
2023-11-01,0.13160507874,0.17703177978341117
2023-11-02,0.2915605042,0.19461622586960195
2023-11-03,0.1898283763604644,0.1645352162876783
2023-11-06,0.227624680816,0.2217689039823136
2023-11-07,0.42306129400000003,0.13859192332740042
2023-11-08,0.25274930901569,0.1708014954488093
2023-11-09,0.38299323901569,0.23110515645565166
2023-11-10,0.3728634,0.06247655358170935
2023-11-13,0.40140440776278596,0.23096813400306432
2023-11-14,0.29011734436278597,0.24253006977971658
2023-11-15,0.340723236,0.19860716545561852
2023-11-16,0.326718098,0.03177632200845341
2023-11-17,0.36686558859999996,0.20349432686687707
2023-11-20,0.23471098399999998,0.2193665563315823
2023-11-21,0.5052804259999999,0.22263769790181576
2023-11-22,0.320571096,0.28295667536869495
2023-11-24,0.41322335400000004,0.06891207486784359
2023-11-27,0.417906912,0.2056433635528246
2023-11-28,0.41276543542,0.2789496361372186
2023-11-29,0.401681254,0.1481299573296873
2023-11-30,0.2840835853,0.16982935282213876
2023-12-01,0.2789965228,0.1765953706378152
2023-12-04,0.40510959200692004,0.26314330983881945
2023-12-05,0.07653570974,0.17036817741371002
2023-12-06,0.34397497323939996,0.32048100211528546
2023-12-07,0.3237693368,0.3331420988391474
2023-12-08,0.1132460587058,0.15585163766576102
2023-12-11,0.132441439228,0.1739575419072924
2023-12-12,0.33511573380000004,0.20560672054329732
2023-12-13,0.2742675348,0.2571039893011247
2023-12-14,0.32455490499999995,0.17212656156505282
2023-12-15,0.3274926625836,0.3203750343331719
2023-12-18,0.25270722216,0.2384972684768686
2023-12-19,0.29159710532,0.2773966255967284
2023-12-20,0.312840598,0.18627230500782213
2023-12-21,0.370691068,0.18996606335502025
2023-12-22,0.34674227800000007,0.23120534579406943
2023-12-26,0.1781026331156,0.23324639450837478
2023-12-27,0.27515913856,0.29600000516734226
2023-12-28,0.0863533287557,0.12210534991460695
2023-12-29,0.00217785532,0.0034226801677507512
2024-01-02,0.138706161,0.1849457041115738
2024-01-03,0.382917632,0.09341793519257809
2024-01-04,0.06450616414,0.12628433379590334
2024-01-05,0.30229987820000004,0.24834619880273448
2024-01-08,0.2604660201,0.2612986069685129
2024-01-09,0.383231112,0.05072321361104914
2024-01-10,0.421312454,0.08197273410948624
2024-01-11,0.1825099707294,0.25602749143709286
2024-01-12,0.076220120832,0.16697237502964166
2024-01-16,0.21545831059434,0.3001955636904953
2024-01-17,0.37786838754756,0.23721313517801568
2024-01-18,0.153437115124,0.21343985604674795
2024-01-19,0.508316164,0.17672553416226736
2024-01-22,0.4700631520000001,0.1425602679868431
2024-01-23,0.42283766,0.21111205417254553
2024-01-24,0.290665727503,0.3162320450992348
2024-01-25,0.25428968243809996,0.25632467324218483
2024-01-26,0.37055652729999994,0.3655011662609133
2024-01-29,0.12788605,0.17515362106769503
2024-01-30,0.547457704,0.16970243119944417
2024-01-31,0.44911405086640005,0.3126464067507756
2024-02-01,0.33685840195999994,0.3365674087011145
2024-02-02,0.497444752,0.18866108563901426
2024-02-05,0.4518455230000001,0.29026355681444066
2024-02-06,0.398838326,0.2364562457992501
2024-02-07,0.33158542199999996,0.19087976082621888
2024-02-08,0.36877936,0.22260103980331647
2024-02-09,0.507939292,0.1550155228692406
2024-02-12,0.5116994939999999,0.17027884195547704
2024-02-13,0.53807418,0.18391703727147246
2024-02-14,0.46971709199999995,0.15494891639104733
2024-02-15,0.5351457,0.14208683992683296
2024-02-16,0.46237700200000004,0.23480984439019315
2024-02-20,0.23535933574020002,0.21533185623497111
2024-02-21,0.21318665929999997,0.24079326441953808
2024-02-22,0.5717716180000001,0.1531249154100293
2024-02-23,0.43672860799999996,0.22254959819148387
2024-02-26,0.32518207132604005,0.3233631768878557
2024-02-27,0.2389239758,0.22326179629205392
2024-02-28,0.29899582799999996,0.30825481158770696
2024-02-29,0.5525087519999999,0.1588251748873179
2024-03-01,0.27644457799999994,0.26891909826431615
2024-03-04,0.34888691200000005,0.2533993652109463
2024-03-05,0.687913684,0.23024651316862865
2024-03-06,0.34031407662441204,0.28410194485940643
2024-03-07,0.350550972,0.26076440459642436
2024-03-08,0.3741977624,0.37831561372603173
2024-03-11,0.416561646,0.1560358936504264
2024-03-12,0.40026747600000007,0.15818391098291865
2024-03-13,0.5222938819999999,0.0703316622930094
2024-03-14,0.274790929552,0.2673228403520464
2024-03-15,0.23421866594680002,0.22146486421171885
2024-03-18,0.45793430859999995,0.28847805825458345
2024-03-19,0.353482225841858,0.3010184824863681
2024-03-20,0.46757949,0.26071148574455166
2024-03-21,0.410306545888,0.3758424912464825
2024-03-22,0.401775486,0.22776971465274992
2024-03-25,0.327984176,0.1828671566545154
2024-03-26,0.463308227,0.30957502762806366
2024-03-27,0.4204745950486,0.2948430289055927
2024-03-28,0.34787532412,0.21645942380465594
2024-04-01,0.23386216948,0.21846367199013805
2024-04-02,0.48993034,0.18541013352582958
2024-04-03,0.3843637288,0.21926585115582778
2024-04-04,0.41245110220000003,0.2741615844863699
2024-04-05,0.39910950859999994,0.3413149635169085
2024-04-08,0.39401610000000004,0.24357346374588582
2024-04-09,0.462475464663948,0.28072113534304177
2024-04-10,0.463988244,0.30612593836132157
2024-04-11,0.346600678,0.2591836294772838
2024-04-12,0.5036031860000001,0.15186351133486686
2024-04-15,0.41864638200000004,0.13108522237423148
2024-04-16,0.47073870000000007,0.17095062664132926
2024-04-17,0.6364069860000001,0.19858717607179188
2024-04-18,0.5325616599999999,0.3538755581569237
2024-04-19,0.352157988,0.22146759403789387
2024-04-22,0.41387356948604,0.290021354702614
2024-04-23,0.31954668648604,0.392876856965665
2024-04-24,0.490143318,0.11728966388035271
2024-04-25,0.5510255319999999,0.16713309510618451
2024-04-26,0.3132093774,0.20976452857526354
2024-04-29,0.52075903,0.2671755606483768
2024-04-30,0.208399843874,0.3019379586531073
2024-05-01,0.252153114,0.23154632299057995
2024-05-02,0.321851585881394,0.30186028836546047
2024-05-03,0.22787572720929,0.2964392060036282
2024-05-06,0.27043971448000004,0.24933412084009512
2024-05-07,0.34058213400000004,0.2311524134675435
2024-05-08,0.41101886800000004,0.12833261611482588
2024-05-09,0.478117049762,0.3020581599809294
2024-05-10,0.328316945225,0.19372218666747967
2024-05-13,0.340463978,0.16984199790272433
2024-05-14,0.467130196778,0.26619503452147686
2024-05-15,0.13368908913021998,0.1853092349083839
2024-05-16,0.22712453583246,0.332029617275231
2024-05-17,0.29825667,0.40259425943726374
2024-05-20,0.139940786504,0.18624125960932708
2024-05-21,0.30462550780284003,0.31385674012524484
2024-05-22,0.27849934592092895,0.15820838935244402
2024-05-23,0.15931045733159999,0.21833643038862208
2024-05-24,0.2932395677316,0.3162993411891504
2024-05-28,0.305000271481,0.3190039038005084
2024-05-29,0.30391180162256,0.31344586420165604
2024-05-30,0.45353961168600004,0.30708165725851455
2024-05-31,0.192867392902,0.2033923953918573
2024-06-03,0.37815541,0.23388100529525652
2024-06-04,0.37286603454533995,0.2333306548820166
2024-06-05,0.24211360428,0.2266700874587166
2024-06-06,0.47204264,0.1572894715500372
2024-06-07,0.47979130400000003,0.1359337322229616
2024-06-10,0.15945916762,0.31834701922188685
2024-06-11,0.2187511234,0.32367045279082174
2024-06-12,0.21541985285347,0.21206508960142473
2024-06-13,0.15312755316747,0.22134887071799988
2024-06-14,0.20971331,0.19465725629534647
2024-06-17,0.20546064597428,0.3113873564164155
2024-06-18,0.2531139208,0.305420121346569
2024-06-20,0.275753293814,0.20397997890192035
2024-06-21,0.3617375,0.1238069227309998
2024-06-24,0.12129961044399999,0.16666197576208783
2024-06-25,0.11528153972188,0.20005048698133662
2024-06-26,0.207960185824412,0.2566501594892661
2024-06-27,0.38036068662441197,0.23436868542267952
2024-06-28,0.358688828,0.21996907502817634
2024-07-01,0.361078772,0.20222025083402234
2024-07-02,0.24944435061626002,0.23465171138320892
2024-07-03,0.14391849220000003,0.27064337990050513
2024-07-05,0.2780697102,0.2493550585793977
2024-07-08,0.227793493,0.308144343750854
2024-07-09,0.17134158826044002,0.23554043406435318
2024-07-10,0.154671104,0.21182622588145708
2024-07-11,0.0764815709802322,0.1710179834077723
2024-07-12,0.09057045265454,0.20251901496834115
2024-07-15,0.15085217665454,0.3373130476289892
2024-07-16,0.2192291751,0.29966461963577473
2024-07-17,0.24467907594399999,0.28200459276860584
2024-07-18,0.217219812,0.19968194511371495
2024-07-19,0.41042907,0.04008853103617292
2024-07-22,0.5315624160000001,0.15175899414340055
2024-07-23,0.4399249394,0.2897509531665082
2024-07-24,0.409460782,0.059493689066322575
2024-07-25,0.362559264,0.2597145621541334
2024-07-26,0.412038598,0.08032852692783007
2024-07-29,0.431906678,0.28538974854432003
2024-07-30,0.357877702,0.20040656259853148
2024-07-31,0.335196834,0.287391764539363
2024-08-01,0.42867869044000007,0.32986040172495124
2024-08-02,0.48669078400000004,0.17027289895179218
2024-08-05,0.3532533279604644,0.20131517548738354
2024-08-06,0.19203458438046442,0.24684413319178403
2024-08-07,0.3860188179604644,0.253251108734298
2024-08-08,0.435366188,0.1841765318810406
2024-08-09,0.34437064600000006,0.09791028708642358
2024-08-12,0.33408183199999997,0.22984191715843508
2024-08-13,0.250815962144,0.24160146173585967
2024-08-14,0.5459371519999999,0.16537610656938465
2024-08-15,0.27720133799999996,0.19043323728760644
2024-08-16,0.5558134180000001,0.12612963337607824
2024-08-19,0.38630955400000005,0.11877976607514044
2024-08-20,0.077802626088,0.1692017971715659
2024-08-21,0.21631677800000002,0.19868177107961346
2024-08-22,0.0649714817794,0.1452752895605829
2024-08-23,0.057597208930786,0.12866212747791847
2024-08-26,0.34213363414,0.20842199099237635
2024-08-27,0.40723433,0.09962857149692853
2024-08-28,0.333010268,0.19846835624966558
2024-08-29,0.241470988703484,0.22352154377753147
2024-08-30,0.1559706009657162,0.21840490601807266
2024-09-03,0.2703745251202322,0.27731687467245036
2024-09-04,0.2605170444438,0.24689786297368557
2024-09-05,0.25104723292334,0.257508663260262
2024-09-06,0.30237198596046444,0.3072507528368655
2024-09-09,0.358229684,0.26948900373793977
2024-09-10,0.2831924552,0.26507325669764653
2024-09-11,0.40749881000000004,0.19765483883160814
2024-09-12,0.32376549200000004,0.1360140389836592
2024-09-13,0.168260407248,0.2212793369435829
2024-09-16,0.27135080576000004,0.15191616143262957
2024-09-17,0.535634648,0.3076406295822746
2024-09-18,0.52742697,0.15589910749305783
2024-09-19,0.3703223,0.2684224607162489
2024-09-20,0.23399825999999999,0.3276470491779653
2024-09-23,0.451479312,0.1260370933724242
2024-09-24,0.334454272334,0.23030251388348785
2024-09-25,0.30837514368,0.1751673460991301
2024-09-26,0.31613440800000003,0.11014773507657667
2024-09-27,0.25150291,0.18115679200174967
2024-09-30,0.181152115372,0.27179123101049657
2024-10-01,0.424264992,0.1370726932712476
2024-10-02,0.44998315599999994,0.2940512777378053
2024-10-03,0.272450564,0.1537052947845624
2024-10-04,0.1459683246,0.16414443383058294
2024-10-07,0.177423234167,0.22289704115244574
2024-10-08,0.2275120954174,0.3401643292818629
2024-10-09,0.2973979343,0.3553332852265025
2024-10-10,0.4250591032,0.2451380427947622
2024-10-11,0.19039017897600002,0.20830657262051933
2024-10-14,0.4195001925,0.4115231558817703
2024-10-15,0.27518239028,0.2805133444132092
2024-10-16,0.32829619,0.307143117592423
2024-10-17,0.27027467962,0.27561831249326135
2024-10-18,0.284672458,0.15740037348639924
2024-10-21,0.343337134,0.20823763543853757
2024-10-22,0.16195269781614,0.22887986731465598
2024-10-23,0.279009986,0.3130009119546666
2024-10-24,0.28815716199999997,0.2980781220748113
2024-10-25,0.31287981400000003,0.14441831170418878
2024-10-28,0.20706648839999997,0.15252643768302976
2024-10-29,0.276192843364,0.1558635872875706
2024-10-30,0.21421214077,0.20077315214386218
2024-10-31,0.3525188382,0.25694325791115763
2024-11-01,0.0511749092382322,0.048658792051701774
2024-11-04,0.395724058,0.12201616592679951
2024-11-05,0.392609004,0.07665025143032168
2024-11-06,0.10956667334058001,0.16415583333001366
2024-11-07,0.42897725519999996,0.2768149300805262
2024-11-08,0.3835326237534,0.31992745415117985
2024-11-11,0.4572141155112,0.29093501299014984
2024-11-12,0.39908541999999997,0.21296777264454872
2024-11-13,0.26519985701161203,0.1894388990344626
2024-11-14,0.45536653199999994,0.1835311665334826
2024-11-15,0.23089885824680004,0.21889428824366058
2024-11-18,0.30867108400000004,0.1555179882847741
2024-11-19,0.23977799048,0.16392373369128302
2024-11-20,0.32707673234,0.1919352494273494
2024-11-21,0.2132015609056,0.29553965767062806
2024-11-22,0.3370004869852,0.3458835125955476
2024-11-25,0.45115931800000003,0.10601316597449216
2024-11-26,0.38965172269400006,0.2585026420204316
2024-11-27,0.446947388,0.20028135349289686
2024-11-29,0.4285156104,0.2736322556691021
2024-12-02,0.37876892,0.1235002503316564
2024-12-03,0.195165449908,0.21643139105090736
2024-12-04,0.29790506800000005,0.23043276912614724
2024-12-05,0.376962146,0.2321720632966938
2024-12-06,0.200729072861626,0.2037038106250378
2024-12-09,0.409578298,0.07503808842057161
2024-12-10,0.321927288071,0.2292601411640382
2024-12-11,0.5136259479999999,0.13972567038420222
2024-12-12,0.5878927700000001,0.16141325370874568
2024-12-13,0.21691593255400005,0.2911647920277696
2024-12-16,0.21314009340440002,0.2688182612962835
2024-12-17,0.40777351399999995,0.15375278474817416
2024-12-18,0.338758722,0.06412975042310097
2024-12-19,0.36046701800000003,0.022493128844892178
2024-12-20,0.23441282755199996,0.2360925169394711
2024-12-23,0.290403648912,0.3231176969867
2024-12-24,0.347095700531974,0.32977206714793367
2024-12-26,0.48396391320000004,0.29450741793549834
2024-12-27,0.3099321165812,0.3241961973758419
2024-12-30,0.2971974422,0.20936826589231444
