date,transaction_cost_mean,transaction_cost_sd
2019-01-03,469.87654876708984,263.6168610215968
2019-01-04,270.0139805843013,180.26497480988814
2019-01-07,284.093080996954,261.765965868015
2019-01-08,252.4085944578791,304.4072538990535
2019-01-09,386.1327872013611,205.26639177431397
2019-01-10,563.4289948036223,251.13323396600194
2019-01-11,500.6897030585877,195.57106764744063
2019-01-14,545.6841356424245,104.12576126980738
2019-01-15,581.5938345667024,127.04853966857362
2019-01-16,703.3512930157397,154.69292877109032
2019-01-17,689.8098312143262,191.4562002874285
2019-01-18,612.0258414970452,375.2286176184402
2019-01-22,534.7850127105066,308.45063953161633
2019-01-23,440.87453156541216,360.88808294979674
2019-01-24,445.32351164246586,262.6337378549804
2019-01-25,757.5638771376382,262.21619008751327
2019-01-28,400.9564188035355,368.3811253713954
2019-01-29,734.5424047873458,299.37347816303077
2019-01-30,443.0187836876864,475.95231306530184
2019-01-31,665.428877561351,200.5889771572916
2019-02-01,437.17305391563707,459.00343382588403
2019-02-04,700.8682715777012,476.81756038418206
2019-02-05,775.2164887738724,281.53789477488715
2019-02-06,561.1519660316708,581.0653170424116
2019-02-07,655.1858566415794,167.45964302906157
2019-02-08,758.4563441534618,266.7274462962729
2019-02-11,87.4621386791404,191.32334638094926
2019-02-12,399.7580207845642,374.39601714657255
2019-02-13,266.91449707795937,403.26484418470557
2019-02-14,463.8876610434889,255.40678039471535
2019-02-15,463.2879075665921,388.6001280314884
2019-02-19,291.67957056541115,272.59747134769043
2019-02-20,356.3207099196351,333.9502062148292
2019-02-21,336.7405204675453,320.78863461335027
2019-02-22,426.11595193706245,242.94344673110893
2019-02-25,367.05119330211517,337.9619049571774
2019-02-26,347.63270648008046,501.1631056690842
2019-02-27,331.11397056789554,511.29509792463114
2019-02-28,87.28431701291777,192.51660575831863
2019-03-01,225.68090640172218,323.9963499908717
2019-03-04,212.979443311779,291.7702705820313
2019-03-05,257.1897695525307,354.99366299838886
2019-03-06,321.64506214376297,295.02663432456023
2019-03-07,423.45964749323423,239.6446501359681
2019-03-08,350.7192762822699,328.6275641937728
2019-03-11,214.04781246770472,224.6866955463998
2019-03-12,329.28618635525964,232.77833417912387
2019-03-13,555.235721627484,103.12596503564252
2019-03-14,435.54569250610456,367.2065078216118
2019-03-15,505.71351447483585,316.66706830224973
2019-03-18,680.3022948219943,432.7850770487374
2019-03-19,837.981536739014,330.57956828959203
2019-03-20,311.7852618415218,286.37173619551095
2019-03-21,469.1657112574236,273.32893472721383
2019-03-22,252.30910408712816,339.5188885931162
2019-03-25,246.96381643435387,307.47004923432667
2019-03-26,371.92808070666626,309.60093821957884
2019-03-27,388.4250955339785,522.7595701075618
2019-03-28,360.7767763726709,336.40924836256727
2019-03-29,582.7588096889267,112.14774161743675
2019-04-01,611.4107144078795,418.6343524476803
2019-04-02,371.3579911348473,533.1661915198838
2019-04-03,104.22758913472765,212.9419290984462
2019-04-04,269.31785082493934,259.7655973239109
2019-04-05,393.9403825328541,249.5572418931674
2019-04-08,387.11755566754664,548.7865987050673
2019-04-09,627.2419772894691,443.02282014966426
2019-04-10,115.04925446966563,257.25749400145077
2019-04-11,616.6217934083426,440.5039945615435
2019-04-12,335.70523823305894,308.41238905661066
2019-04-15,660.1567821399412,323.94076285610004
2019-04-16,190.94533970597467,301.36288903151313
2019-04-17,331.666632687545,298.24954918796135
2019-04-18,352.24337041481715,270.13960588687667
2019-04-22,263.9608389353208,246.85541485396388
2019-04-23,335.59573408665784,289.2904103687634
2019-04-24,242.14539709370484,269.0858987501494
2019-04-25,427.39923189574,449.0218478574942
2019-04-26,536.4983017334446,402.7249162331712
2019-04-29,722.549620789122,244.52641460774993
2019-04-30,655.5922146101282,165.5231886934491
2019-05-01,293.9828951097096,417.36596774378455
2019-05-02,536.106669355213,351.77509973154525
2019-05-03,531.003635153144,139.26079870518285
2019-05-06,518.6823988863091,527.5842967355064
2019-05-07,773.3827716282087,354.72421467600105
2019-05-08,897.7643307547223,234.59547241128777
2019-05-09,343.16859664777587,321.13292908401667
2019-05-10,441.70410561274946,474.6073739198057
2019-05-13,673.5322914722329,391.7159971126046
2019-05-14,521.9920852241773,374.37599348495013
2019-05-15,226.1562705351495,251.40910676159834
2019-05-16,533.9032716231568,307.42517079798705
2019-05-17,842.220657382999,180.72814714803997
2019-05-20,467.10686695883487,471.60333871150294
2019-05-21,849.1302288962637,329.9345246836941
2019-05-22,547.6114524739617,320.93767676439654
2019-05-23,713.7244720950812,113.32087564770134
2019-05-24,650.0603077106471,444.0945346287076
2019-05-28,731.692929472156,180.22789913509453
2019-05-29,741.8518885130154,312.9584661948293
2019-05-30,659.7697904317354,465.4294896312418
2019-05-31,567.6828294969544,182.72122345528655
2019-06-03,792.9995175707054,261.33890488173773
2019-06-04,764.81297381319,270.5806674847354
2019-06-05,329.97865663692255,302.23303800530005
2019-06-06,375.46942971899705,345.8467397479353
2019-06-07,735.6890711008476,494.8137173423594
2019-06-10,660.7166943546803,439.7651362277953
2019-06-11,551.7664612045116,538.4520917036364
2019-06-12,617.9794714528364,67.86246851366856
2019-06-13,467.84951287700613,259.1636162993983
2019-06-14,352.1467365276477,310.22539937282954
2019-06-17,364.3066820459276,335.2612853794181
2019-06-18,628.5825158167993,331.98949645088294
2019-06-19,438.95369925087954,253.83444271371366
2019-06-20,444.01716047408655,267.73513492855164
2019-06-21,696.6140886535043,67.76236758699805
2019-06-24,732.4491634369136,227.3556246575013
2019-06-25,411.304913255104,234.69311116491187
2019-06-26,328.68123334218535,306.1265787609243
2019-06-27,367.30231438454547,342.5502415492743
2019-06-28,357.2389626125728,339.34934173987034
2019-07-01,393.3316481581773,295.23189027185896
2019-07-02,385.8294538977108,298.94626107985704
2019-07-03,473.865737468057,279.9221880875195
2019-07-05,390.76739497898586,323.27456699260057
2019-07-08,409.8751719540666,407.8570840798028
2019-07-09,391.28871223685695,328.49429583692756
2019-07-10,627.5644598755788,247.25690356549023
2019-07-11,322.3137269772701,295.87153764971237
2019-07-12,599.9350842063111,429.9346634775165
2019-07-15,365.25308036699573,342.66464711154197
2019-07-16,302.8495410632716,403.62383609582304
2019-07-17,223.64052305450772,297.13131396982476
2019-07-18,666.1742125706211,209.91324579129568
2019-07-19,602.5784945884437,70.13513756190666
2019-07-22,751.9591834424818,344.6623725471794
2019-07-23,244.1153774617535,343.4377761027924
2019-07-24,357.21830451729375,229.76326259982525
2019-07-25,303.64201664073414,335.1237568012342
2019-07-26,174.94185412667042,267.2603212381915
2019-07-29,639.2000476196395,396.167319813818
2019-07-30,784.6460403585234,464.8077340852687
2019-07-31,358.7258352662344,537.2397463635457
2019-08-01,585.4896199438574,370.4318397182215
2019-08-02,684.8332972245047,458.88501945572403
2019-08-05,637.8731840345021,435.66043277117404
2019-08-06,539.2583939347434,352.0973481847913
2019-08-07,718.8531190486807,226.66166980909844
2019-08-08,605.6208014918283,432.5469273872788
2019-08-09,384.19947732334515,360.1625505875157
2019-08-12,422.2049986247457,281.40421077893495
2019-08-13,685.5687438255775,335.92056442563353
2019-08-14,640.3595542499341,428.0588657492114
2019-08-15,703.3206646923239,201.50679688300525
2019-08-16,581.8012609864973,331.25551874777875
2019-08-19,514.2934448456729,314.10758613336276
2019-08-20,607.9454418387411,246.02179971306919
2019-08-21,361.18048602795426,348.7457958692399
2019-08-22,603.7271223637684,95.86990920323377
2019-08-23,346.81016980903496,333.20415298636124
2019-08-26,431.67345662223187,321.0122798717291
2019-08-27,635.2634967578399,387.65135569066615
2019-08-28,410.21911152189193,368.6524937232205
2019-08-29,607.1848450115283,383.34337410980464
2019-08-30,355.15544516793,326.3510672317191
2019-09-03,679.8413678688281,427.5745936439877
2019-09-04,377.1856733504972,526.8965613103045
2019-09-05,443.2611459011012,410.6609621628118
2019-09-06,385.0050912365644,364.7376237342271
2019-09-09,682.6435632485095,414.596750534533
2019-09-10,522.5450318247316,519.8795092416228
2019-09-11,900.9948013224905,299.0335852934185
2019-09-12,459.2341592735176,281.7987275259712
2019-09-13,723.4776825905192,222.6865460032725
2019-09-16,745.4001445915621,283.5580586642448
2019-09-17,945.9763458868623,211.96600828849353
2019-09-18,391.38312554445105,334.9350247023533
2019-09-19,561.6273351966599,385.2252505235661
2019-09-20,474.2244931790718,514.4275285102206
2019-09-23,628.8293894342254,291.0351159853274
2019-09-24,575.8042300415492,465.62535028327613
2019-09-25,423.88928069074774,387.9145122589583
2019-09-26,657.3378539088307,461.630810029926
2019-09-27,550.3858272757401,315.68060474028897
2019-09-30,272.17657133534794,375.1576704066449
2019-10-01,709.6837382126145,55.06583583591301
2019-10-02,511.60998140561605,461.9996926074269
2019-10-03,475.9828166966193,285.3314586992297
2019-10-04,497.5696681943935,287.89841808270086
2019-10-07,571.1746624677202,84.81431761207912
2019-10-08,403.01294868577014,479.1530573993401
2019-10-09,464.31910660945675,441.47391070257817
2019-10-10,565.0881133314602,530.5934517354765
2019-10-11,616.4912567379859,404.2672295570739
2019-10-14,752.164843153971,215.6191747559809
2019-10-15,430.7081372869863,385.0434413004734
2019-10-16,449.74332278271083,427.62329042243397
2019-10-17,816.2668883691226,430.92137911912215
2019-10-18,887.6354894850007,181.24771069359014
2019-10-21,665.779438075563,468.7189349209657
2019-10-22,349.29463736872174,392.7014485689791
2019-10-23,459.0148672965435,480.3050763803792
2019-10-24,542.3849156442628,350.24620795196967
2019-10-25,603.604197590287,205.97686267260835
2019-10-28,674.7861690102284,317.5414288493307
2019-10-29,671.9674917865452,492.5468730505361
2019-10-30,377.29399110202337,355.6118591766269
2019-10-31,292.41023232137445,279.3268327139492
2019-11-01,612.0883900251869,416.10727603409714
2019-11-04,629.501115964202,91.88700345907904
2019-11-05,599.5876632259824,409.3632896414865
2019-11-06,869.7442684831142,601.1267828220758
2019-11-07,649.97619521,433.7954137946991
2019-11-08,402.47397079981783,385.37228433245843
2019-11-11,401.0865330978022,158.54568306500144
2019-11-12,408.5051611888827,400.8370662620901
2019-11-13,298.1241136638302,343.1278997736056
2019-11-14,361.90999749875215,515.0731692601569
2019-11-15,530.9687146332553,355.43221894671586
2019-11-18,412.9485848911005,644.4243786297005
2019-11-19,747.6225410714056,498.68530584724556
2019-11-20,617.1091759455459,392.23067872647454
2019-11-21,433.9106983178532,252.37174142854983
2019-11-22,224.28487816275938,309.05347700908607
2019-11-25,384.8693095387251,355.08151104837845
2019-11-26,632.9980359447094,431.199936228075
2019-11-27,617.9222083475634,98.6836481910166
2019-11-29,732.9852217065412,274.8747832348921
2019-12-02,782.3189599894565,381.7625943150147
2019-12-03,578.5858432714738,430.8617587493657
2019-12-04,867.8815821456399,265.8498378141654
2019-12-05,120.85106455941757,270.23119550807337
2019-12-06,638.2889545162781,338.96221657700306
2019-12-09,385.72027510430996,522.5836940782777
2019-12-10,267.18461824366597,331.90565762898916
2019-12-11,115.80444164440708,208.48458908184654
2019-12-12,548.964236865125,371.18869480186606
2019-12-13,394.7132836188786,381.10358501802546
2019-12-16,585.8629502576989,432.25655702910996
2019-12-17,332.5391595899647,309.5151788857108
2019-12-18,477.95954866447727,290.4929770405648
2019-12-19,544.55994713314,92.53760329019686
2019-12-20,535.6612010306226,312.24703410733554
2019-12-23,363.28043739705316,360.58197096923897
2019-12-24,565.6242777131757,40.63255917060982
2019-12-26,609.7188035652847,402.88071903229013
2019-12-27,604.8488595693219,429.1765286427686
2019-12-30,441.8045894160099,400.8997366966776
2019-12-31,265.3172906441058,360.6699447585564
2020-01-03,677.6177856445313,25.895311396471392
2020-01-06,245.65291883580875,303.37746831123803
2020-01-07,396.6453136546023,364.54126523268167
2020-01-08,507.1570448269813,289.24423919486276
2020-01-09,583.6842272584101,299.1885850399011
2020-01-10,691.8485390376769,172.3360346926535
2020-01-13,740.1195128337579,206.18386593094016
2020-01-14,690.2451916560947,507.46923786668714
2020-01-15,717.8291691082267,454.2549485522716
2020-01-16,951.8717310005061,233.7263341515665
2020-01-17,792.9008167827701,219.30810698626283
2020-01-21,786.5581822596243,243.3592857535511
2020-01-22,513.306387605851,309.5506397812542
2020-01-23,759.8561236791694,194.56830715326743
2020-01-24,679.1701462008505,158.52041449084516
2020-01-27,352.98386343226593,315.32728221837124
2020-01-28,332.7202149251778,325.38441333055965
2020-01-29,542.8287722119263,379.2193423146389
2020-01-30,658.9694774359405,193.25859159157926
2020-01-31,736.2627036354527,295.88575574597496
2020-02-03,562.6700097234634,370.80513811183073
2020-02-04,796.724727466993,242.92696985249688
2020-02-05,521.0241937739426,336.9611410215339
2020-02-06,822.5343793844153,350.00305428408524
2020-02-07,597.5247628352157,362.8619337597324
2020-02-10,560.6698785150371,104.31338906993474
2020-02-11,201.12713199182107,279.72455956025266
2020-02-12,4.685811911500862,6.748470231908417
2020-02-13,586.9073180386152,311.8542971617683
2020-02-14,624.2453760621622,114.84863129797516
2020-02-18,348.85310496078694,314.90299466824894
2020-02-19,151.4751240262745,231.69365336016168
2020-02-20,516.869542576651,179.64476469331694
2020-02-21,475.3291953710056,276.44955886979295
2020-02-24,316.7398303450374,263.73062885688887
2020-02-25,199.93827320773994,254.92163372664606
2020-02-26,333.9002484213531,304.57046145409123
2020-02-27,260.28494721258687,360.000899574727
2020-02-28,447.6752564877127,267.56987123980593
2020-03-02,506.30026060775333,332.91110584739306
2020-03-03,512.0652859424533,487.4566512424642
2020-03-04,765.3765054912834,184.57914272916727
2020-03-05,434.62014482873735,425.84834816911
2020-03-06,256.4823753349027,341.16038477274265
2020-03-09,510.3137198448179,299.6948757751109
2020-03-10,330.9993087228104,304.3420249166646
2020-03-11,599.372257360086,391.92689460589264
2020-03-12,348.261894697433,317.3902663328053
2020-03-13,359.13919613308724,332.2713714855784
2020-03-16,303.66920829714127,282.45127753439397
2020-03-17,344.4374915625515,329.1503355438553
2020-03-18,24.33346874756996,39.23035520116684
2020-03-19,207.3952731317883,392.6838576124878
2020-03-20,548.6854202997351,362.67448499701317
2020-03-23,565.3608500086033,370.7534099970357
2020-03-24,320.4111607893939,438.86734926507745
2020-03-25,385.1525970702319,215.62718741816798
2020-03-26,435.27202919620123,379.92486351794
2020-03-27,583.2087927069498,455.41091296495597
2020-03-30,874.7210372801801,239.4075847546405
2020-03-31,504.86119482871834,373.4572359732558
2020-04-01,478.9951776784492,441.0076697295396
2020-04-02,418.3693686986122,243.88761063200405
2020-04-03,482.7244475391415,289.5954930567059
2020-04-06,686.9092756040151,436.2775688213285
2020-04-07,684.3333976740483,188.619606076674
2020-04-08,691.051197232149,447.90156843904253
2020-04-09,778.9391215250804,230.73407515722036
2020-04-13,687.6541425284233,174.9227871337304
2020-04-14,771.3484877035895,544.9704063607554
2020-04-15,280.5959308773534,364.82920367323936
2020-04-16,344.18674715008,317.10453051501065
2020-04-17,451.6239811624297,211.492608294083
2020-04-20,750.3666861567832,240.6538701805531
2020-04-21,539.8165337324824,375.57861853688854
2020-04-22,528.7089298190397,308.09705466321617
2020-04-23,396.50622820181263,368.05327195484824
2020-04-24,219.78436050965902,301.65731156978956
2020-04-27,834.0733630710627,272.15907612214977
2020-04-28,874.6220128672816,256.98595347511025
2020-04-29,491.9386176335653,289.22467354345275
2020-04-30,462.7185637475275,461.2758727267553
2020-05-01,439.1788644012472,289.8952219020077
2020-05-04,556.4053523082935,566.3009473897453
2020-05-05,562.3975540668532,331.898871901995
2020-05-06,547.5006071968543,358.2203813424229
2020-05-07,410.60940643221966,404.0395752742672
2020-05-08,570.3554170534577,375.49928802233546
2020-05-11,532.8583043567363,113.19036114540086
2020-05-12,383.61484446906445,351.06858714398186
2020-05-13,330.6536123401419,300.7131846437341
2020-05-14,403.49907176357084,389.84910724593465
2020-05-15,760.3951279553808,292.8393438866095
2020-05-18,586.1228130973835,355.85348485551833
2020-05-19,782.6574016638432,286.940468316769
2020-05-20,514.0896467473601,373.0053465858903
2020-05-21,655.072689295067,98.95426049177458
2020-05-22,723.9816327198963,239.79609460582788
2020-05-26,591.1706313969655,393.11762797560186
2020-05-27,747.8276593281344,118.08849429781982
2020-05-28,657.4463365446093,457.55887089357554
2020-05-29,610.0765159209292,572.7078556230679
2020-06-01,512.087063255905,486.3926960401436
2020-06-02,431.74906066205733,593.6430656280484
2020-06-03,529.5166852141616,301.93316367952747
2020-06-04,726.2003523224429,166.7576649695119
2020-06-05,818.1268442165098,282.0725156709961
2020-06-08,653.0165015615256,435.0180855584303
2020-06-09,697.8101328229168,383.98256474523805
2020-06-10,899.7825065255099,269.89430255083874
2020-06-11,302.7374490768283,416.42817634880305
2020-06-12,831.3611389909313,213.4952685203222
2020-06-15,744.6334619532234,188.1108291303603
2020-06-16,572.1163415109959,557.7882253438486
2020-06-17,729.2267087826466,233.41040238479016
2020-06-18,666.3902301527056,428.4340396433542
2020-06-19,694.6666032409025,416.0681638500407
2020-06-22,659.6090702017051,71.97263991912163
2020-06-23,575.2881619406182,323.6000928736641
2020-06-24,905.003556822405,247.09774403039225
2020-06-25,627.7013700654996,401.37215120751387
2020-06-26,824.412171603921,358.72295175593786
2020-06-29,575.6565890450404,351.9937707334226
2020-06-30,739.7669832854292,189.21536571552406
2020-07-01,413.7401196661941,368.51813377934104
2020-07-02,565.2845815148373,280.8778308610568
2020-07-06,575.0046719759833,324.06288071089523
2020-07-07,601.0550802868919,374.1945905771376
2020-07-08,732.4799369319195,192.76958394871957
2020-07-09,326.7629985482578,308.432105058569
2020-07-10,363.3921339665701,488.2122813050124
2020-07-13,589.7946983956197,486.1318858311048
2020-07-14,533.2147296773853,328.05256010916787
2020-07-15,420.46133299793803,401.59918922498713
2020-07-16,520.9610296291845,306.03424099749753
2020-07-17,362.0674106104782,327.7327030782643
2020-07-20,231.47461117470795,312.77635935565166
2020-07-21,471.4576849979479,266.3522005801834
2020-07-22,249.78819284784845,342.5701281486238
2020-07-23,676.9827321649464,441.7768468975487
2020-07-24,369.86642114356414,335.5268135909078
2020-07-27,508.1092048474663,532.7136739155488
2020-07-28,657.0923452148215,80.66875210023511
2020-07-29,670.7232830932745,83.42879376835218
2020-07-30,412.16227916399794,260.04696942133984
2020-07-31,402.4791307260667,377.5175249052349
2020-08-03,509.44796688635233,304.2275061597628
2020-08-04,221.49536087900225,315.25272475169703
2020-08-05,472.5230134135497,431.74083446027913
2020-08-06,372.1083827636045,341.7854768367121
2020-08-07,127.60153360756712,285.08829897180965
2020-08-10,8.467633170555867,18.153250385191786
2020-08-11,406.5245243322558,376.82007306700996
2020-08-12,919.7760137741022,340.6422949130726
2020-08-13,723.8118154410433,503.62238852624193
2020-08-14,539.1177915802703,354.9746307213216
2020-08-17,719.9226408459755,380.37559302326144
2020-08-18,398.2937896808881,343.8468882789622
2020-08-19,378.64723249981364,354.3121756078505
2020-08-20,538.2874354096755,304.2715981183552
2020-08-21,561.6553017594341,323.09510930261683
2020-08-24,431.21933860479385,403.7800084695998
2020-08-25,384.4631036994214,351.5967388565385
2020-08-26,584.3336534264494,338.4985921340939
2020-08-27,523.9419705194775,550.3921389690462
2020-08-28,505.36368557781424,298.14973678675744
2020-08-31,503.1689254496308,290.8832810636406
2020-09-01,881.5278775371293,338.2187158415396
2020-09-02,764.146602024446,183.46984493912336
2020-09-03,258.6001431809449,353.8790094891716
2020-09-04,426.52776880806243,391.737787229238
2020-09-08,564.6460518431635,330.2890481883274
2020-09-09,390.722477890171,352.30507691403164
2020-09-10,494.6445523165914,429.2906499035678
2020-09-11,568.8670223694317,90.11502315584792
2020-09-14,602.6973848301461,399.1064379741557
2020-09-15,510.72621185979386,528.1375238359408
2020-09-16,259.11142497180606,351.1700718774451
2020-09-17,254.2372905055841,348.83325028103735
2020-09-18,131.64561729762474,293.4449500572666
2020-09-21,131.00253766200726,292.0106408044824
2020-09-22,546.6828973591093,528.970313971131
2020-09-23,564.3715742982415,341.80520889326044
2020-09-24,510.2423346560507,267.47954742667696
2020-09-25,626.6739795387383,391.2754698946297
2020-09-28,209.7242299363016,271.65930882918406
2020-09-29,1028.5004142852772,234.48133426595675
2020-09-30,563.9185697106274,361.7431905309342
2020-10-01,493.167646460759,300.4049806634077
2020-10-02,648.0027872824974,380.93544993286986
2020-10-05,550.725397629253,435.5541312471995
2020-10-06,784.9925644586159,334.27221863470277
2020-10-07,770.4937872873128,451.51427646441664
2020-10-08,581.204752472089,369.83147656787145
2020-10-09,786.888995195073,301.08629735156086
2020-10-12,752.4062947272432,548.4105514191541
2020-10-13,596.6106682091348,381.50353673066536
2020-10-14,950.7850530608048,343.8692458825493
2020-10-15,326.4895119980381,360.3834456397733
2020-10-16,968.4060973397378,427.11701800338267
2020-10-19,738.4545719912295,75.63267947984609
2020-10-20,974.7324127117024,237.39408993320052
2020-10-21,872.4874511352498,188.24048785113413
2020-10-22,652.372666997442,58.085014652555486
2020-10-23,748.7931811334003,202.73392455384922
2020-10-26,786.9480332418381,256.86966145109983
2020-10-27,753.3871576349072,500.51225659281596
2020-10-28,694.8721213892316,468.4068677108394
2020-10-29,655.5244347298983,428.2686288879641
2020-10-30,957.7420636520264,212.31528475968315
2020-11-02,774.225445304353,296.6593014971184
2020-11-03,657.9472725122342,122.22328692235253
2020-11-04,613.2039203759929,449.5260806987399
2020-11-05,884.1572829821034,195.15737209102
2020-11-06,833.9742048190392,422.10516824400463
2020-11-09,426.6118142287116,372.87794721352174
2020-11-10,710.6501894672012,200.40888616779623
2020-11-11,1009.322676341518,308.8780538750796
2020-11-12,752.1657063359368,483.0696246042702
2020-11-13,710.9215446963428,273.92748755001736
2020-11-16,926.2696046920115,243.17395728484462
2020-11-17,952.6574471828329,237.5460211458218
2020-11-18,756.2735773200883,440.8295472934264
2020-11-19,719.3639773868534,117.19599303579801
2020-11-20,881.4147304228827,338.0311931814132
2020-11-23,896.2814097852139,322.2316228558119
2020-11-24,839.9064976535632,261.0059363274189
2020-11-25,890.0372446099516,302.88418756306504
2020-11-27,839.6178719352101,143.9644305967275
2020-11-30,634.3565431232118,464.2153221783378
2020-12-01,974.3129138670098,307.0584986499723
2020-12-02,812.7195682027351,302.109481127207
2020-12-03,498.5307149601975,294.68418375327894
2020-12-04,631.8211322424073,600.0474926025992
2020-12-07,1039.7862793623324,286.5777909707977
2020-12-08,972.0867783594173,281.5290637445998
2020-12-09,640.0733487796979,389.94910290267217
2020-12-10,394.3821857789627,362.3175470536488
2020-12-11,500.96714500778864,503.0832039595843
2020-12-14,826.7583910773222,514.6414381063398
2020-12-15,448.3694578663004,606.9350888509525
2020-12-16,485.7387317587447,291.6745707045523
2020-12-17,658.8895222893763,53.992101652729104
2020-12-18,755.3883567369314,455.84558082660965
2020-12-21,1102.4284742686086,208.6497484575449
2020-12-22,272.8221096481333,371.68396391877815
2020-12-23,423.8380827460608,388.3892765887931
2020-12-24,220.8279683396043,303.0695753824767
2020-12-28,412.99674724687674,379.9679198622595
2020-12-29,403.28693906409455,373.7033917394337
2020-12-30,898.5444495532058,393.35141025949594
2020-12-31,852.7559570287116,557.6460622505696
2021-01-05,635.1952514648438,120.2452546453102
2021-01-06,621.197978657364,409.3523864816583
2021-01-07,379.77575325467893,334.5362576441726
2021-01-08,783.6443449964534,257.121219612678
2021-01-11,629.7088325015627,415.63677875966005
2021-01-12,453.48666855439944,431.25029876895644
2021-01-13,453.04229943634874,262.607378505628
2021-01-14,525.2171769370564,357.4458611062666
2021-01-15,385.7167052359047,399.93176919020334
2021-01-19,240.92660860156698,310.95452478454104
2021-01-20,266.18100752147177,364.4833354040956
2021-01-21,343.62002772252606,304.78843783538395
2021-01-22,442.97544724185246,421.974001122386
2021-01-25,400.9256583086787,249.5344739454943
2021-01-26,285.5529532730209,267.28397656606364
2021-01-27,285.924871233087,267.43934962692936
2021-01-28,103.78855979000218,232.07827497724617
2021-01-29,444.5842204458471,282.8378969040918
2021-02-01,471.63156798473847,277.0436668195249
2021-02-02,511.8201489219999,305.0821031316943
2021-02-03,720.108763223576,222.77957859707425
2021-02-04,567.0729743035291,366.29012349096325
2021-02-05,393.1386041380855,380.2388396870717
2021-02-08,341.4826748665562,461.5478695846434
2021-02-09,154.03377932609934,225.23716177442017
2021-02-10,651.2592124127452,368.7038880261844
2021-02-11,466.712835065743,305.14223130408504
2021-02-12,528.0793889327591,30.480661698275004
2021-02-16,165.03641785404272,215.6731111220991
2021-02-17,578.6256686098279,381.08456271569736
2021-02-18,541.0014432414387,38.578630364774305
2021-02-19,502.52354634251043,153.97744243906902
2021-02-22,391.2452184546437,234.628234816589
2021-02-23,235.58520602559952,324.92594553164196
2021-02-24,397.0501335314849,378.6071500662899
2021-02-25,223.77561748404023,312.2651432965561
2021-02-26,172.1671738708485,288.3938922791018
2021-03-01,456.2961895954269,259.38492788677314
2021-03-02,339.4262312140827,313.84789839559505
2021-03-03,595.4628010336914,240.59989428283288
2021-03-04,618.6666920913083,70.59850396541025
2021-03-05,648.7469955111094,167.96571218240848
2021-03-08,418.3463259299721,391.8039406093405
2021-03-09,362.3691102644648,239.79108999387626
2021-03-10,303.8918793579377,205.88315772864436
2021-03-11,139.0250865547649,212.86324740977045
2021-03-12,89.82452892383958,199.46306497426323
2021-03-15,665.6320084331799,227.95886814678377
2021-03-16,391.04267990253607,250.270883845476
2021-03-17,645.0848355010282,407.5453777840091
2021-03-18,476.4410195528517,243.2449198056644
2021-03-19,397.684391220543,184.2099156543673
2021-03-22,501.0844287570534,309.8637748499058
2021-03-23,216.69258006871678,253.25647309928416
2021-03-24,581.983191537912,486.55331978365
2021-03-25,709.1024003352529,281.6092978424044
2021-03-26,761.6126185510011,214.3536453261828
2021-03-29,462.5657902504484,432.3413171448882
2021-03-30,355.73487814566244,357.9564922777953
2021-03-31,488.0275589336863,460.3159053230059
2021-04-01,471.4071315010042,478.8356011319932
2021-04-05,529.7893358317045,353.03504750814665
2021-04-06,197.35321005785622,195.13197574965875
2021-04-07,178.5771432417481,239.50680383695948
2021-04-08,357.95609334515507,361.53246786320915
2021-04-09,294.8272961649967,407.5741612924962
2021-04-12,446.49579834150546,392.66429379753333
2021-04-13,327.05329210889573,305.71314244396854
2021-04-14,106.85355264784002,238.6874329382719
2021-04-15,533.9945692802704,323.24604208894345
2021-04-16,637.1280320232258,393.55272312074356
2021-04-19,342.27454275084216,320.9789107123873
2021-04-20,500.5089503269468,271.98552174187483
2021-04-21,458.1007108796215,289.29702290169695
2021-04-22,717.630827367027,361.81286932192575
2021-04-23,614.7554287816455,103.93869519638916
2021-04-26,493.86277568607204,306.53462006645117
2021-04-27,303.5570099909061,276.3411858096398
2021-04-28,194.77056492632164,267.8746613421061
2021-04-29,553.5886056625723,157.02957234602763
2021-04-30,458.7450634913207,266.23309180733077
2021-05-03,344.23059835571786,352.8112049284942
2021-05-04,293.02085289542583,268.63322927088706
2021-05-05,258.8997556037319,351.666556882551
2021-05-06,308.6624449757951,230.01010101820273
2021-05-07,366.69573290871574,288.70855008250726
2021-05-10,270.8835846207027,404.2866614764468
2021-05-11,323.92855228660585,377.67668372372214
2021-05-12,184.90235687921967,280.28361100135874
2021-05-13,270.9830629368013,293.5025411921465
2021-05-14,363.48499862767943,207.19240558573816
2021-05-17,263.6581206403256,240.89001337153232
2021-05-18,211.2382829008681,286.10495540181665
2021-05-19,315.22277259262125,290.4408085257527
2021-05-20,246.0278137833547,278.43828575283146
2021-05-21,567.6398632717544,269.158046479343
2021-05-24,561.7205655281277,369.7089989055731
2021-05-25,505.30020418804327,257.7285417152476
2021-05-26,765.4921530459521,382.4898148970379
2021-05-27,670.9423644055914,253.71799382467583
2021-05-28,642.1620230466369,238.70800209313086
2021-06-01,508.2243330360034,282.80463561060594
2021-06-02,604.3228010088899,244.44042144504454
2021-06-03,352.1473430944786,505.67629246591514
2021-06-04,556.839031225308,367.9314148442832
2021-06-07,923.3414285614941,282.7669459953405
2021-06-08,542.095059693807,107.35885055993785
2021-06-09,573.0891443732229,254.55046281923225
2021-06-10,621.3653547946585,234.3392494285809
2021-06-11,686.7746076117089,256.34090515055965
2021-06-14,400.3055666657214,345.9148825669417
2021-06-15,474.92319236460435,480.93931158821124
2021-06-16,364.87483097896404,323.07453287905395
2021-06-17,317.66598558679806,295.2447731622267
2021-06-18,402.26478349060557,385.9147860883278
2021-06-21,413.7575550431611,242.62658208641642
2021-06-22,239.17861736896398,324.59669375932464
2021-06-23,336.8249761613466,284.62750901793316
2021-06-24,404.5208624004632,418.5193061035898
2021-06-25,501.1247243757457,513.1635793230429
2021-06-28,352.3784957062329,197.48203654728508
2021-06-29,668.4430341591442,215.1817036188271
2021-06-30,369.22972440280756,208.12882634847654
2021-07-01,268.3106012150439,244.98553421524903
2021-07-02,347.61282276002447,325.1445532100873
2021-07-06,327.97512374106907,302.0246829101919
2021-07-07,291.0141243885952,270.46114745237526
2021-07-08,463.22203375019217,286.8346023035109
2021-07-09,501.3104436445904,435.6951474900207
2021-07-12,310.940816221858,242.1166104454082
2021-07-13,161.1717377517489,215.4071506144088
2021-07-14,359.4907997655814,293.119695351267
2021-07-15,214.60657256519272,293.51833885840523
2021-07-16,324.6881150219377,296.5402127359527
2021-07-19,316.0974921646042,288.69408573234375
2021-07-20,218.14921697808646,266.9652520602055
2021-07-21,220.39795704185644,282.8442841209094
2021-07-22,214.11348473766088,268.1928594420744
2021-07-23,279.42099425123035,282.4480424728955
2021-07-26,231.12484748520532,222.16813548864715
2021-07-27,107.58189303817312,189.4556440019771
2021-07-28,206.88856667500704,293.54723730713334
2021-07-29,281.17052408221434,376.90221317243424
2021-07-30,309.82339743261724,296.71203485962394
2021-08-02,439.05797146625247,252.76501243447933
2021-08-03,202.39778036480487,277.927609939368
2021-08-04,212.65318238383006,291.202430361744
2021-08-05,240.8156329625458,331.9658094694611
2021-08-06,216.28492080384822,292.7771864174192
2021-08-09,342.8514623868553,315.6033663923931
2021-08-10,333.30414414847894,305.5430405527212
2021-08-11,423.3849772946686,252.42683526601897
2021-08-12,280.2046218592351,293.5428891196607
2021-08-13,395.6310895772293,222.7802465401578
2021-08-16,424.8184670826304,246.26394910301062
2021-08-17,509.11230959557304,86.78271909451037
2021-08-18,590.5126260051292,91.85599435578146
2021-08-19,398.90531632537125,236.35880782782476
2021-08-20,410.58466737946173,438.6307267795302
2021-08-23,636.0643741049144,146.53599621954143
2021-08-24,447.8615268537469,253.42899542212155
2021-08-25,600.9998968508855,598.2269717515545
2021-08-26,653.5772757945398,228.42248673723978
2021-08-27,510.5977371257362,528.1139031248018
2021-08-30,425.0141899769604,240.11104010775364
2021-08-31,268.0882744595175,360.89213002826847
2021-09-01,679.998000106843,182.16287301817076
2021-09-02,438.8189950177051,254.37749416417623
2021-09-03,442.1745794379293,269.40355209159827
2021-09-07,767.4787710385442,239.72738237743982
2021-09-08,568.0300256081043,334.74478978144657
2021-09-09,314.0213608998843,286.2024660209763
2021-09-10,753.203062501128,215.2357594643511
2021-09-13,401.9654903125754,252.55067875276134
2021-09-14,549.8245678058263,381.00500825902446
2021-09-15,616.1071402758533,121.96858826662913
2021-09-16,619.3008200473896,36.14133629648273
2021-09-17,562.1516057287939,334.1289921282998
2021-09-20,709.6865872287635,248.3544980461016
2021-09-21,449.9640609179052,259.4196369525568
2021-09-22,318.4364078139249,290.93531402191496
2021-09-23,297.8068140244785,274.6472143666181
2021-09-24,615.0934427792215,165.56579250839664
2021-09-27,661.2687577657831,306.9849912170398
2021-09-28,563.8349461525856,370.14185202412574
2021-09-29,481.4889293965516,283.81597205379376
2021-09-30,518.1651640560581,352.14882528326143
2021-10-01,372.82601154018465,212.0493203266857
2021-10-04,427.0101952070212,246.6215133754099
2021-10-05,251.52494863104738,240.9373316163977
2021-10-06,339.5656044382984,220.9856678118599
2021-10-07,446.84020882890337,263.9477347144419
2021-10-08,414.8506647573827,369.9639385227361
2021-10-11,403.1821663229616,228.81502010560556
2021-10-12,466.67003657499606,170.4648190532845
2021-10-13,532.0574903161881,359.80342201707714
2021-10-14,408.51038358210445,255.84109733393237
2021-10-15,595.683370493238,219.57505348570925
2021-10-18,626.0919363474147,210.24210223168467
2021-10-19,470.83559799840367,515.0021873574881
2021-10-20,532.2448836956879,367.1816320440999
2021-10-21,659.9639467834529,123.51023755195914
2021-10-22,387.10105984055986,341.0631382394387
2021-10-25,567.3570275567107,373.55426139337754
2021-10-26,64.94943975341084,132.99593454153108
2021-10-27,579.9569113052316,156.41280586120004
2021-10-28,765.838046634893,275.9762709713257
2021-10-29,463.9203299337455,269.8819438423732
2021-11-01,235.1848293208734,334.41825278127914
2021-11-02,451.2650799161238,306.6973634878137
2021-11-03,465.79132956971137,268.5635889635428
2021-11-04,339.64418210914084,344.3526838465195
2021-11-05,596.5992566034774,217.82828084567302
2021-11-08,682.5702066465989,259.2682076054716
2021-11-09,494.88419045359944,152.66367828471084
2021-11-10,566.1988667565713,389.1760840809531
2021-11-11,616.5536389685502,354.69539860907577
2021-11-12,598.5145836187668,398.1976718816393
2021-11-15,487.2622741514573,218.10516655274645
2021-11-16,405.0839955609443,275.91254016480843
2021-11-17,400.80357312170537,357.4427757605717
2021-11-18,462.1502969509979,256.0910620811108
2021-11-19,427.3692445040327,253.87226655056563
2021-11-22,349.9310135553716,322.0513200579863
2021-11-23,475.5495022524334,314.52545935130166
2021-11-24,506.39877022655065,315.06753713179336
2021-11-26,472.58071151990146,318.90453920849785
2021-11-29,522.3629300905801,215.1906855177052
2021-11-30,643.7348854283299,421.0109630641363
2021-12-01,532.1221590994606,79.14346626871973
2021-12-02,297.6145174639149,256.5802197261935
2021-12-03,723.8679187780946,236.6774178173886
2021-12-06,549.120619810038,89.00767805058321
2021-12-07,261.9782292832977,239.36381685851015
2021-12-08,372.3611409666777,341.00056607709377
2021-12-09,549.1933858387051,74.20194223936488
2021-12-10,349.97887052929156,330.1836192756042
2021-12-13,274.1591086676578,387.4842073250859
2021-12-14,509.44166407481134,365.3275416115329
2021-12-15,472.6454511699552,351.98401302967443
2021-12-16,712.032501711501,201.66584548559507
2021-12-17,441.469402419246,235.90368340378868
2021-12-20,696.4510786835328,213.71231869963268
2021-12-21,605.6007969032397,175.29239037168458
2021-12-22,693.8039373635459,203.32298269912354
2021-12-23,738.4643187113562,494.32905209042906
2021-12-27,705.4936959801902,463.7536072591848
2021-12-28,486.8866748034451,415.51463126226963
2021-12-29,789.3174937055186,485.7225552627683
2021-12-30,672.6825754494034,144.21438427626637
2021-12-31,524.9892294522404,348.2518646398515
2022-01-04,613.8801086425781,105.54170119742403
2022-01-05,303.21607002385815,196.20313485154173
2022-01-06,137.447691824655,208.11273905220602
2022-01-07,293.13453842603957,430.8583401938641
2022-01-10,755.663043722546,222.25568263818124
2022-01-11,466.9450327748211,291.9205405199143
2022-01-12,281.13929923229296,314.0047202171869
2022-01-13,692.1257817479767,260.2065677075228
2022-01-14,568.1535623541337,351.37382336443426
2022-01-18,252.21648469327982,331.80310126785344
2022-01-19,424.75077693861806,405.6924830060631
2022-01-20,441.84318692954275,320.41427107275814
2022-01-21,634.1560679259028,338.7588091587443
2022-01-24,422.14325810255394,389.9990278737388
2022-01-25,433.3973290697542,566.1423658860704
2022-01-26,598.7520598165981,592.945193585005
2022-01-27,297.14946259004944,252.49679704521813
2022-01-28,536.4105437549672,337.23894127434113
2022-01-31,542.527531771754,274.62135901971925
2022-02-01,434.7955668273483,298.0096616970506
2022-02-02,592.9900320096264,362.66950382903224
2022-02-03,608.7728951461254,78.48184594292147
2022-02-04,251.11313585332897,344.8038164010518
2022-02-07,449.08058187455947,445.1453291324835
2022-02-08,444.95675502712555,265.33697109379216
2022-02-09,357.6178172356352,239.66549522733365
2022-02-10,505.9372405809748,428.19751574600946
2022-02-11,187.55200681470396,256.841503501231
2022-02-14,508.777848994184,371.9759673254338
2022-02-15,554.1330207907507,380.0053776120134
2022-02-16,813.0774455245304,318.5515869451915
2022-02-17,556.320719734196,376.9673664072092
2022-02-18,312.64451576805914,462.2690308248487
2022-02-22,463.277217068999,456.0374485874761
2022-02-23,721.090190463235,201.82633464395428
2022-02-24,551.8203600953755,77.90684970803989
2022-02-25,483.6673987882103,281.78455151590185
2022-02-28,535.9525860456909,538.2670047785434
2022-03-01,586.0178124190859,379.4492805904073
2022-03-02,594.1506047889579,380.9603566092352
2022-03-03,651.7434577486763,116.94504458438503
2022-03-04,545.911029959351,377.99069235483915
2022-03-07,552.7599051844272,491.0643960473016
2022-03-08,581.8255367362029,394.7590673152416
2022-03-09,630.1185238967672,413.78452281535033
2022-03-10,754.4993521042886,293.22773866853333
2022-03-11,216.71066729105056,289.5350380651558
2022-03-14,664.2195088932533,200.80412858869926
2022-03-15,398.0416826334027,208.7826977279343
2022-03-16,462.2622132226199,265.75949996950004
2022-03-17,521.7950770186848,331.95479641545904
2022-03-18,237.16920083798922,322.9592722346033
2022-03-21,435.4047300700866,291.7112745441506
2022-03-22,477.86514235219346,373.27466085708494
2022-03-23,282.87177956645564,223.7566973139021
2022-03-24,470.46149619336455,271.41315994465367
2022-03-25,503.44209153248477,73.91043784226787
2022-03-28,275.1269681046301,217.0095281761338
2022-03-29,478.6564986838027,386.28521860749305
2022-03-30,398.1924567857107,377.1526614364774
2022-03-31,637.9864787534599,167.4883766489976
2022-04-01,623.8133635400039,168.66809247520865
2022-04-04,489.7100189543893,280.4995646891024
2022-04-05,497.92377844163127,367.4556116034402
2022-04-06,430.0479158610369,437.6098307145939
2022-04-07,425.2064439448039,432.2863013346288
2022-04-08,390.99634793665734,221.03714370418126
2022-04-11,417.0714137627033,241.55449759398337
2022-04-12,454.6501243345823,294.5069242954362
2022-04-13,523.9231074529154,110.31355287191214
2022-04-14,581.7882682377588,231.98204255734078
2022-04-18,328.62788542008434,303.70883994090394
2022-04-19,290.8350438703318,260.13624748786964
2022-04-20,476.7598530981506,313.32722829700026
2022-04-21,510.8044801871001,339.8406794240078
2022-04-22,704.5652643300875,171.77348913043363
2022-04-25,664.0761981807368,206.91162616867902
2022-04-26,472.64225246569947,23.16240398747761
2022-04-27,190.55249429558654,236.7410349802951
2022-04-28,388.3704605620439,239.66111649128433
2022-04-29,381.55906972180316,400.35416319817483
2022-05-02,76.41429271030471,164.8462141468213
2022-05-03,498.3876948772705,270.1116656931297
2022-05-04,416.8130193720982,350.1287514395399
2022-05-05,170.70525392598765,195.166039828562
2022-05-06,375.00332328329813,369.67316960818835
2022-05-09,287.8615240199831,236.98845084229453
2022-05-10,419.69568088781944,124.50749528109569
2022-05-11,419.314540627686,195.16620629333957
2022-05-12,490.8849900252483,180.04303465373195
2022-05-13,274.12505025426594,258.82616048450546
2022-05-16,288.233951174148,222.38190698422258
2022-05-17,333.9462972165961,323.2905013041067
2022-05-18,460.6210940976554,114.63687078924902
2022-05-19,571.6232451910586,299.35658557859415
2022-05-20,361.45803170083855,381.45053725469285
2022-05-23,267.07322896254556,246.18328393437147
2022-05-24,513.5213393540473,331.1519250226724
2022-05-25,650.7499529181308,208.4660332194698
2022-05-26,456.27348329497283,326.399704301126
2022-05-27,314.2005107570127,305.56399644764156
2022-05-31,411.3573961764826,353.7582979075991
2022-06-01,540.9888323454245,359.2985681550787
2022-06-02,542.2174817016447,158.21500240831216
2022-06-03,508.888407668763,158.2893530392942
2022-06-06,356.6633355702583,381.82267653685545
2022-06-07,474.03118999230594,281.2097900242079
2022-06-08,524.4481916133713,328.579876607107
2022-06-09,384.80728356409406,387.00833802476035
2022-06-10,421.3113668851787,465.60926931790124
2022-06-13,462.0767761429768,347.01175361351704
2022-06-14,646.82472537895,208.120063560246
2022-06-15,478.71727462706696,315.757248965645
2022-06-16,461.8258092315,273.60735902743386
2022-06-17,536.0794760758159,241.29277300163955
2022-06-21,469.59124419536346,165.47267558842813
2022-06-22,550.6574851530556,145.5018362121514
2022-06-23,370.2674881660162,241.96324536383798
2022-06-24,712.0769506096135,264.79125414926597
2022-06-27,647.1886443966717,232.0764122897893
2022-06-28,360.0551148320986,209.16650373832297
2022-06-29,431.3244727274088,71.47831297438047
2022-06-30,348.7984808925081,210.6059411427154
2022-07-01,428.1210681459992,346.95601714030505
2022-07-05,365.94931447244363,209.6706710727436
2022-07-06,161.23231933884594,213.90426120282646
2022-07-07,166.16042795860693,227.94583968500316
2022-07-08,658.5123962933351,193.0293091170055
2022-07-11,734.196054986485,271.01588645239866
2022-07-12,601.5041576606629,197.04862220845447
2022-07-13,410.01961991612416,266.8942831178472
2022-07-14,448.31799662325784,357.92570716914116
2022-07-15,415.914540327943,336.8112042616244
2022-07-18,401.20774360062967,290.3904928588215
2022-07-19,217.50138978797995,292.0824200535822
2022-07-20,388.29153242671055,224.0878449357788
2022-07-21,266.9326772507831,244.0895788927351
2022-07-22,497.56055766749387,335.65820412874274
2022-07-25,466.6801533902508,205.9152118627145
2022-07-26,462.07515259397303,303.70819037562313
2022-07-27,191.15823641462913,415.32647421537706
2022-07-28,351.79238728921564,210.24408151443512
2022-07-29,204.8519029093104,230.71057108653105
2022-08-01,259.5155516158711,237.2240748228243
2022-08-02,432.28890272703336,244.22662416964707
2022-08-03,324.0091345055501,250.88471830733943
2022-08-04,262.7325179850301,243.57263867350966
2022-08-05,175.88343568805004,234.15880415149917
2022-08-08,356.9270518813907,293.7045264094892
2022-08-09,400.97220754078256,229.80741084006257
2022-08-10,495.77045404826674,317.25611433398444
2022-08-11,110.4840980048976,164.43671204613094
2022-08-12,334.84165243804784,223.80365732950443
2022-08-15,306.4736084747882,337.8583528608892
2022-08-16,57.35168442333766,127.28083804662491
2022-08-17,143.27602365834815,267.85857133784185
2022-08-18,267.51218454734106,421.6928234490489
2022-08-19,240.9389032808152,347.03903838045835
2022-08-22,367.5580125272999,160.78782853271633
2022-08-23,184.69625601729658,177.61994090672573
2022-08-24,216.78883250788485,191.7674976923331
2022-08-25,470.35040664506175,289.28671279747556
2022-08-26,394.7599508811125,162.62088231841727
2022-08-29,311.47589679155567,259.7977335072433
2022-08-30,354.0022560429601,347.0900259548556
2022-08-31,403.83432438878174,253.142551540732
2022-09-01,604.8548059979388,148.4636399065518
2022-09-02,544.5196838506372,195.75124422640317
2022-09-06,470.56807586620215,97.67262030374408
2022-09-07,355.15202358063505,259.34940867396887
2022-09-08,370.72014057285344,191.09094176294317
2022-09-09,550.9873673564811,328.6195619734095
2022-09-12,163.5236747217673,223.91665746259181
2022-09-13,536.9527562818039,155.4801743969837
2022-09-14,393.71799121406974,327.6582759041004
2022-09-15,236.1867000018654,385.4609870484728
2022-09-16,625.5933091674067,195.16830075385613
2022-09-19,496.7782295386377,124.80870460915844
2022-09-20,536.2537081611451,326.3254529463568
2022-09-21,494.0630062259582,136.14092407913535
2022-09-22,430.9953304279758,86.66653522504767
2022-09-23,148.94824078572486,205.23162837903024
2022-09-26,331.19530580781736,231.88652945255174
2022-09-27,451.97517914728144,93.34685756279332
2022-09-28,272.4526663393427,264.3065312554619
2022-09-29,260.70124675649106,215.03226696936375
2022-09-30,95.52481057828481,169.6066213437132
2022-10-03,154.9087023121617,212.12815852296197
2022-10-04,81.64196289682202,174.1472613881148
2022-10-05,344.9515947509278,226.7800021195008
2022-10-06,308.56410591962384,180.76023502547423
2022-10-07,363.10436742347747,213.1870416397975
2022-10-10,291.7014148500413,284.09678291467077
2022-10-11,150.6888930517932,204.28309162963342
2022-10-12,247.53206174935713,260.76898117281456
2022-10-13,324.44166093060096,215.32757721781337
2022-10-14,212.47045527467358,195.16075600336578
2022-10-17,321.5099969773394,188.3981852369812
2022-10-18,340.77783825820643,28.524692091969907
2022-10-19,450.094668698927,329.9849396775621
2022-10-20,311.7501628826467,277.4388224030289
2022-10-21,254.58884819692943,176.80095880277548
2022-10-24,285.858157315473,169.31306679882255
2022-10-25,385.34130245998534,48.8917461487551
2022-10-26,507.5116113709655,217.41207100421272
2022-10-27,169.00638464488128,194.95487113627382
2022-10-28,398.2510632154156,136.0565151785337
2022-10-31,156.20434635478182,210.02122796478923
2022-11-01,421.1745518600862,284.83132757310955
2022-11-02,300.31485564055225,278.06572815026936
2022-11-03,500.1665110558345,163.01970674418675
2022-11-04,243.17403918196933,284.0848615206095
2022-11-07,292.7443339195014,221.276366185704
2022-11-08,217.8797947192204,316.2773500764428
2022-11-09,242.69988947324276,369.7571028493343
2022-11-10,145.47949028014418,142.35862740300436
2022-11-11,158.33936586477984,164.64840757416323
2022-11-14,227.86210798717184,189.6171497599595
2022-11-15,419.18257347068584,47.70557942692482
2022-11-16,365.6760397902206,298.08196974387965
2022-11-17,317.8288246802939,183.5921828511197
2022-11-18,383.8326284196722,61.0758299610244
2022-11-21,244.1442550612287,300.2539687667578
2022-11-22,258.5513388206565,236.83786453876348
2022-11-23,209.0434167628323,199.60508786697056
2022-11-25,231.3861319865445,192.9482455398729
2022-11-28,355.6353241242448,198.40387774902118
2022-11-29,512.1470496305208,92.60517344758308
2022-11-30,480.96287397374124,181.50451923807285
2022-12-01,425.6178508612268,138.5255974040153
2022-12-02,227.21874313138215,209.01908049975052
2022-12-05,167.3599384957137,203.80199293469667
2022-12-06,243.17375185110927,181.3221517365003
2022-12-07,234.86685109707105,199.85243480408067
2022-12-08,235.92100336451625,224.0838126237924
2022-12-09,367.4450770863498,269.8090002653785
2022-12-12,460.2940822429966,125.30832894531149
2022-12-13,399.08818608496284,296.35894097934556
2022-12-14,476.4464648774081,313.62521280872664
2022-12-15,312.86714698057483,319.46089054797164
2022-12-16,459.14411953105184,329.71469027783826
2022-12-19,266.96456689527133,216.2875614187241
2022-12-20,264.211933561194,268.7812874056039
2022-12-21,287.94690716326215,322.2095543486236
2022-12-22,258.4143455763918,254.1999718085115
2022-12-23,439.53279961468917,335.91532676713496
2022-12-27,408.2720141425079,272.84603286702685
2022-12-28,534.6116996728567,255.69990205458853
2022-12-29,646.4053670594722,196.93386276186533
2022-12-30,125.03103028421829,234.3443033543814
2023-01-03,358.60897549303274,250.4236959246271
2023-01-04,485.0076904296875,297.5749199342716
2023-01-05,725.5357939748781,244.14424920308952
2023-01-06,517.0343030844364,525.0580873304486
2023-01-09,446.2439816785798,433.6396518064439
2023-01-10,633.2024333546208,415.39319019716334
2023-01-11,622.5797349165993,399.31321152198706
2023-01-12,677.6837217824344,209.08741173144804
2023-01-13,264.05370692463146,417.7197278955332
2023-01-17,190.29867653601596,208.67211939933344
2023-01-18,757.2315820798741,176.29905778696678
2023-01-19,616.9451669483303,59.10609180126019
2023-01-20,437.36015062293137,249.2805144746248
2023-01-23,884.886970248061,402.93419100964667
2023-01-24,335.57617932605143,308.26213081931024
2023-01-25,661.5935996581187,317.73814026901266
2023-01-26,646.3060314123595,432.55012352744143
2023-01-27,435.86284213453166,425.9936733037581
2023-01-30,582.8338038765992,361.78703213968413
2023-01-31,317.83113286815035,293.30071950180275
2023-02-01,119.39252715820058,265.9907881732557
2023-02-02,431.13252327011213,595.0274075353084
2023-02-03,427.09441320428607,416.3233722560325
2023-02-06,466.5313023639954,378.70350091433784
2023-02-07,508.36514901816173,304.2602544561695
2023-02-08,524.2166046907263,300.4881386480484
2023-02-09,190.29574678037878,342.69928332096663
2023-02-10,176.99328596017023,344.432452295569
2023-02-13,225.26174766400908,308.463815405097
2023-02-14,9.685043078405648,21.110298528659644
2023-02-15,543.1101564969165,361.0841170893052
2023-02-16,300.04239143717695,388.71918920105367
2023-02-17,281.7563480576963,300.98692643426887
2023-02-21,499.6102945392271,187.78163920111587
2023-02-22,326.6147403368347,299.2602833174816
2023-02-23,236.84074238913234,327.5293388459298
2023-02-24,84.3848282106051,182.0187130808852
2023-02-27,475.39633161028326,287.84075334709814
2023-02-28,489.15529468897375,278.2676329783525
2023-03-01,266.7072032846483,226.0900497551615
2023-03-02,466.9528587942501,269.4438796539678
2023-03-03,304.1835225236275,467.6469386527378
2023-03-06,90.04476129565631,201.34620727482957
2023-03-07,761.7047463263939,266.0532773490013
2023-03-08,540.0169121080464,386.26313182771145
2023-03-09,450.480685375357,258.0329018971996
2023-03-10,592.3126931739043,444.38713744001274
2023-03-13,757.6637092682995,263.2988945083888
2023-03-14,685.8231673312873,254.99764013010204
2023-03-15,696.6565279452917,170.37495114535207
2023-03-16,549.843141163813,56.956978487403056
2023-03-17,846.8071915199778,308.4363399141149
2023-03-20,473.8960219659554,356.3830011448722
2023-03-21,454.0344584163142,255.48047027407472
2023-03-22,444.6078715619825,464.3835581349154
2023-03-23,481.8860751594919,424.94092508323456
2023-03-24,378.90003490423277,480.4723504458779
2023-03-27,289.92451664916484,336.48923444904705
2023-03-28,744.1059699822182,538.0469936791272
2023-03-29,552.4887524163585,525.7881763262658
2023-03-30,529.632006413491,372.2304279210358
2023-03-31,740.215309843891,225.97680609191266
2023-04-03,508.99087875995184,610.7164031338725
2023-04-04,566.3544787433982,314.50975531509056
2023-04-05,496.2505672602956,302.9654810994019
2023-04-06,560.9938929465079,235.83618729549107
2023-04-10,258.3003484858309,342.21892899209433
2023-04-11,1000.3297725354496,117.70181171972297
2023-04-12,479.96238655200193,379.02317425760316
2023-04-13,210.27678329108485,286.8523184453043
2023-04-14,578.794671256505,391.7749997216477
2023-04-17,746.9390265672811,217.30633077513718
2023-04-18,823.4438617346304,169.04271893146895
2023-04-19,671.3485555617759,416.56245616423524
2023-04-20,744.3457552772081,353.1294526771373
2023-04-21,511.37093685022154,523.5027838874024
2023-04-24,563.8644832080715,180.76330251927223
2023-04-25,614.437893292065,348.4979831269968
2023-04-26,647.8537442416334,419.19830644054525
2023-04-27,536.7472349804186,314.68233810884885
2023-04-28,458.0692728120374,305.8085090696384
2023-05-01,344.31797735648973,329.1123504746309
2023-05-02,91.73560187140058,201.7930881228032
2023-05-03,453.4000748264187,284.24228483376163
2023-05-04,576.2035326362887,615.9316560826355
2023-05-05,721.4522467985856,447.0167480278228
2023-05-08,649.5815256007729,271.31848435136925
2023-05-09,381.32122593190724,247.9989483365906
2023-05-10,335.7400746241318,306.7309691417761
2023-05-11,628.7939472703523,207.61043272307325
2023-05-12,125.19565540135068,256.6410885811851
2023-05-15,580.0700142116021,399.4297572790763
2023-05-16,869.9641398208066,335.4628923747676
2023-05-17,150.31042980287606,336.10430152690355
2023-05-18,679.824745819544,475.8414177737581
2023-05-19,457.3483416605624,349.9133309998859
2023-05-22,811.5628228873488,193.90454101012912
2023-05-23,565.3998776143701,412.6088031439056
2023-05-24,825.6584618738814,398.7472469492649
2023-05-25,656.9863660236979,443.54180463696434
2023-05-26,91.96514861148323,205.63991772855118
2023-05-30,409.2462242828069,562.4107955708455
2023-05-31,671.1899775749076,412.2614659567052
2023-06-01,739.2670792840033,486.92383748541266
2023-06-02,495.44875365183213,331.9378602347501
2023-06-05,507.3957066123574,497.1424731275283
2023-06-06,266.1065424224281,328.51949493846365
2023-06-07,360.6590279931329,305.1539427599997
2023-06-08,686.619921770417,330.76195986045326
2023-06-09,542.530218475895,304.9994174254836
2023-06-12,916.6249075981159,208.56729180516086
2023-06-13,489.61844799076823,278.04153008179077
2023-06-14,674.2179679720978,174.8349855930316
2023-06-15,446.08857605468864,634.158119127086
2023-06-16,902.9721028243346,525.3803589804911
2023-06-20,424.42535392994415,467.6584225584628
2023-06-21,271.35032579449353,364.2230884231327
2023-06-22,414.89889525258667,235.60920058515728
2023-06-23,333.85154827277063,497.7990404046657
2023-06-26,652.9165796886026,419.6846253862398
2023-06-27,665.9698255755432,129.7129372179505
2023-06-28,327.7383890367856,286.1945761347174
2023-06-29,249.98942072098194,328.41484427061476
2023-06-30,632.8462940616081,397.94191805003305
2023-07-03,345.38263634141896,233.80425381364154
2023-07-05,379.850731580775,370.3629075804557
2023-07-06,450.979603699718,438.0122128120689
2023-07-07,800.2015754286249,258.91777336649193
2023-07-10,303.8758780633429,389.2821664062831
2023-07-11,319.4279961776936,416.9113334220304
2023-07-12,667.9624005273203,410.5501613277288
2023-07-13,403.43822711630145,370.6719695965539
2023-07-14,810.4634754823777,142.09618603716518
2023-07-17,500.7160149502323,573.1877009697358
2023-07-18,683.5324206446475,442.7516455262752
2023-07-19,402.67179417446084,185.6001985223251
2023-07-20,473.24927685913326,273.15113245283163
2023-07-21,870.1544439139141,235.51076601920803
2023-07-24,762.1132690085628,466.397272152913
2023-07-25,754.3054852017328,262.1888558284607
2023-07-26,410.44701704096695,397.5343131237497
2023-07-27,806.3812341032819,308.76792091100907
2023-07-28,935.9483937943753,200.33803637190368
2023-07-31,521.819972324911,476.37630770900114
2023-08-01,299.520291803244,419.2912168934851
2023-08-02,484.64968061875834,279.5248727900625
2023-08-03,666.7085544130764,255.42671549502793
2023-08-04,541.5901940327143,393.1646851183529
2023-08-07,654.5136618453771,166.00700503377251
2023-08-08,349.11270930635334,332.12336063584024
2023-08-09,374.74184916738216,209.84071562803666
2023-08-10,420.5672884494538,420.23179545572714
2023-08-11,643.4795246288284,241.13126765181886
2023-08-14,635.5978990790879,159.10421237373825
2023-08-15,678.4333030426609,214.82633665037338
2023-08-16,792.4089359111211,256.48088741010605
2023-08-17,421.90774593520126,467.8827436422366
2023-08-18,658.9726423582674,204.40327608430223
2023-08-21,702.198190321792,235.50086273821262
2023-08-22,445.1803580991653,257.1627983862218
2023-08-23,537.3930888761566,388.0185986868011
2023-08-24,337.9234376887679,307.0464322595482
2023-08-25,295.2007569457559,375.4053351389517
2023-08-28,514.3138752865304,340.2495019623456
2023-08-29,491.4026082278298,478.7651782183672
2023-08-30,389.9561481701438,255.43397977865973
2023-08-31,686.687049487141,287.86506825934595
2023-09-01,572.767152606822,350.4580716252759
2023-09-05,559.7017077120806,142.81714352105556
2023-09-06,788.0011313138269,232.17299489034977
2023-09-07,538.3584738619275,378.4778465634359
2023-09-08,377.1624457960871,321.5028361573301
2023-09-11,829.631190173251,332.3407668071108
2023-09-12,739.4986734247007,149.08445896137582
2023-09-13,400.70027362090997,331.3732316072625
2023-09-14,615.6977535027256,423.8258576272574
2023-09-15,367.1063879169427,336.6185367717794
2023-09-18,345.6493847372832,318.50603820440557
2023-09-19,809.9556522951483,188.91490919609126
2023-09-20,325.31003551112263,327.120498224553
2023-09-21,413.1059694816445,438.15555658250855
2023-09-22,704.0542308077147,367.6121974820743
2023-09-25,449.7764349463103,313.57994722845956
2023-09-26,381.93703607987044,374.554943937012
2023-09-27,598.2142665817116,174.8771753372081
2023-09-28,721.468816242337,194.80515883095094
2023-09-29,406.0376611508236,425.88700240161006
2023-10-02,297.4928427863509,281.0669578906638
2023-10-03,547.5123451162378,378.14470826165643
2023-10-04,467.4989091193185,288.0375959127887
2023-10-05,229.9155498580135,253.34943235879538
2023-10-06,420.64647496287705,410.05739160553634
2023-10-09,452.6758927113539,358.5927698043027
2023-10-10,300.814682952289,395.7673494251655
2023-10-11,546.7741832464193,115.37094681456487
2023-10-12,486.54141518576523,357.702838234746
2023-10-13,866.305069030141,223.4542133340104
2023-10-16,343.320072753986,225.470554373003
2023-10-17,415.62933855482015,350.38813970463684
2023-10-18,381.11191038944196,398.2924782618493
2023-10-19,539.3366884876546,302.3606441313922
2023-10-20,631.7931207574469,142.76887300320254
2023-10-23,485.2968915976795,280.90708223247935
2023-10-24,233.30559815005012,304.22971130393546
2023-10-25,725.9771675084467,264.3435643803259
2023-10-26,308.2410476556615,457.0664273764863
2023-10-27,613.4887775051212,420.5865934670078
2023-10-30,599.6292819707979,255.9451264125071
2023-10-31,554.530909520224,179.36353809455022
2023-11-01,86.78249701070906,188.8190770525109
2023-11-02,321.77255843904305,309.61130194808135
2023-11-03,282.67992965056584,242.47574528217362
2023-11-06,332.606049490374,310.01865143067124
2023-11-07,575.4473061825928,190.87519792149942
2023-11-08,372.70928478122,258.23564499919274
2023-11-09,413.115563515449,384.6258081513932
2023-11-10,572.7806696288068,177.4270150676465
2023-11-13,576.4523961919879,339.2513385236787
2023-11-14,260.0571843190477,315.6536114590982
2023-11-15,427.7934332291592,246.31675577414222
2023-11-16,541.5772241142843,255.1807648794444
2023-11-17,593.8163852074142,112.93638696816797
2023-11-20,253.65437335120396,294.38653806711585
2023-11-21,809.8022084073644,304.6874867154143
2023-11-22,444.11895524645706,397.3273694948933
2023-11-24,639.8684394649906,228.77052522939977
2023-11-27,695.6626923517849,194.62060262015518
2023-11-28,629.5370163168699,426.3738098092568
2023-11-29,466.30025056252623,325.6965088160174
2023-11-30,308.8775958011563,293.5954281546525
2023-12-01,438.95301267588576,253.90499505316717
2023-12-04,576.7425426594133,360.6851287828005
2023-12-05,103.35834307024768,230.11943030894733
2023-12-06,317.98611384951056,443.7386448578789
2023-12-07,391.6197102573004,419.9071104132089
2023-12-08,247.78641077243077,229.62591856430942
2023-12-11,185.18962456556628,243.37017989495172
2023-12-12,302.11156080025745,266.78666154922047
2023-12-13,216.52686059427296,285.5243419149925
2023-12-14,345.82223363141776,306.37735421156407
2023-12-15,349.9434442686685,482.7418690223859
2023-12-18,467.3399533347153,274.7900724921717
2023-12-19,521.1772989967392,318.1870549457724
2023-12-20,318.3337090115289,294.8588029912598
2023-12-21,515.1131416208523,301.58292587525335
2023-12-22,484.0163657788879,332.2859394426987
2023-12-26,360.8248908305056,312.82956957813553
2023-12-27,390.57365853722587,419.5380765934964
2023-12-28,125.77983915484602,179.46926774913442
2023-12-29,112.43115944800232,242.81317674460507
2024-01-02,240.8947150842592,325.69180190525515
2024-01-03,573.9124694824219,139.6381842950429
2024-01-04,96.16652592354987,188.37015276973176
2024-01-05,663.3557682755163,393.884082459505
2024-01-08,595.470319712751,448.10483847379845
2024-01-09,655.1642096364981,273.3719937731099
2024-01-10,634.0874926492759,131.6725867179448
2024-01-11,476.19174742597824,466.8919897306474
2024-01-12,289.1597919751525,409.5914657697478
2024-01-16,407.78222450234756,561.73953010267
2024-01-17,520.3849477762911,344.29279387729184
2024-01-18,333.93263977966456,309.768789213992
2024-01-19,711.5968715218996,271.94819549618353
2024-01-22,571.8706507184746,373.2584239527818
2024-01-23,596.3963458449216,309.3716992728915
2024-01-24,338.0195970327337,319.52952063973004
2024-01-25,370.1395262617798,372.6240527553746
2024-01-26,513.1015096313693,502.16920130661657
2024-01-29,186.25976966768022,255.12846001056067
2024-01-30,819.7283813691387,267.31738314768825
2024-01-31,720.1890919135826,459.11576678620094
2024-02-01,399.801474882502,403.78116419288745
2024-02-02,753.2287773785725,249.01918681077578
2024-02-05,590.9708930223107,398.5458612459934
2024-02-06,609.0938099633743,348.686803249944
2024-02-07,456.92530289041696,267.9277584491607
2024-02-08,526.7326910348818,321.4501579567589
2024-02-09,633.7018437583881,404.0914975074252
2024-02-12,730.9419468783026,267.2791676641024
2024-02-13,662.8694580940866,231.48679936096414
2024-02-14,633.8191404303301,176.76417087118082
2024-02-15,765.6924412727657,203.17774221662305
2024-02-16,794.3319543100862,224.14124834882602
2024-02-20,329.1636288228277,300.4856006682865
2024-02-21,267.98032122989116,304.2326205106229
2024-02-22,825.989059295565,224.30478392418468
2024-02-23,626.9589735196314,314.38665693148073
2024-02-26,467.8262247217625,466.0487098693142
2024-02-27,315.3012392582999,285.7998475799234
2024-02-28,542.5078983372924,377.4074834476931
2024-02-29,719.1050675030708,178.01933993584575
2024-03-01,534.7182993127637,328.94001926747757
2024-03-04,602.3428230315835,415.989889053993
2024-03-05,781.3822276628043,546.2101397558197
2024-03-06,604.0660705531639,494.28028399393173
2024-03-07,516.4075815220343,387.52862606147045
2024-03-08,550.1346171777387,553.7519113574997
2024-03-11,623.129707947976,229.8036437194782
2024-03-12,575.1146635798108,235.76176127395652
2024-03-13,725.636054088882,176.83386665132892
2024-03-14,405.15475048055873,394.90782792923255
2024-03-15,345.2715364995103,326.427515243712
2024-03-18,617.5975585025902,464.2992906895208
2024-03-19,717.2967082428808,372.18514439449035
2024-03-20,765.8551019881621,425.26573716240927
2024-03-21,742.9492809527987,440.75830664520817
2024-03-22,721.412263502202,286.2319005587853
2024-03-25,475.4656497517543,263.9354260509513
2024-03-26,641.0858422024696,390.641159558879
2024-03-27,603.9449633326528,424.0839359143853
2024-03-28,393.95962611510856,381.32105622316294
2024-04-01,318.820969764878,291.71187571456
2024-04-02,814.5375540414964,280.60987371778333
2024-04-03,650.8796818790922,157.8434378360901
2024-04-04,488.8662177526945,318.01809417957827
2024-04-05,558.7278450843467,472.6629597382688
2024-04-08,648.2071504979506,382.8663918344618
2024-04-09,656.8554337991111,422.35050064652984
2024-04-10,735.257586523984,464.0153257248957
2024-04-11,504.7839127268124,387.88544044822737
2024-04-12,722.5290688715971,245.28264282774344
2024-04-15,596.4227934570356,200.27525593164037
2024-04-16,777.8174910553721,240.76716219746584
2024-04-17,784.441617968861,183.50858960770864
2024-04-18,684.3229255269242,425.2288988741821
2024-04-19,714.289356141961,232.6558774527727
2024-04-22,763.2878724430935,251.3749170387158
2024-04-23,596.9001627600888,552.7592784012907
2024-04-24,761.0845844968253,241.151379976066
2024-04-25,796.6445009972069,224.49627041492013
2024-04-26,459.2669432643399,300.1318682352806
2024-04-29,746.5468411106355,385.8874827605666
2024-04-30,399.32688186165325,396.22360497662567
2024-05-01,435.1614900839942,266.8961540239823
2024-05-02,552.77593572369,392.78892715542906
2024-05-03,399.37163364044426,423.5068654298628
2024-05-06,363.99086136161156,348.32993644307203
2024-05-07,429.0764812868738,367.4522827822649
2024-05-08,620.759548609183,176.20277756363805
2024-05-09,900.7888744858312,229.1427645182127
2024-05-10,427.6441598968833,253.07846209011922
2024-05-13,571.4073170878694,184.4383734049802
2024-05-14,652.1297525478149,392.695447110788
2024-05-15,196.69849329527426,270.3685982794253
2024-05-16,334.0448287122497,487.3291828021612
2024-05-17,537.5839302861327,547.7165584159917
2024-05-20,204.51670060341988,272.8592830286628
2024-05-21,344.0657196710249,502.107473429502
2024-05-22,297.4610160838618,268.44677142355135
2024-05-23,366.89976876217844,341.5876384960169
2024-05-24,310.89037992267265,286.39278728757927
2024-05-28,353.8385320386766,325.40534989433536
2024-05-29,553.3224420247604,386.09717500171473
2024-05-30,732.3980278740785,449.0430370076407
2024-05-31,315.57436201398815,357.4103380664324
2024-06-03,369.6187846632829,352.3668608032509
2024-06-04,401.7837190066257,398.75410396514104
2024-06-05,429.1342485987843,450.7593997655238
2024-06-06,730.1362434938668,285.1765316674044
2024-06-07,668.43502926438,178.20234223824198
2024-06-10,235.0086956769648,470.91467127391525
2024-06-11,424.3868036474525,442.0126245121163
2024-06-12,171.59887880138461,235.35424440641208
2024-06-13,315.9900179961713,309.30663145027
2024-06-14,401.63107265113047,231.796811178638
2024-06-17,298.9989558088712,456.48579368208175
2024-06-18,370.451577800418,449.47181757838086
2024-06-20,289.1964898256641,326.124103611278
2024-06-21,465.15862565531205,299.4631167361174
2024-06-24,82.98654619157371,185.2906594467451
2024-06-25,135.58045680038123,302.8724733114701
2024-06-26,367.0544351270878,377.2484549808882
2024-06-27,414.0143717429966,407.9278732924121
2024-06-28,540.5365540812818,327.85025291282165
2024-07-01,499.0114210305771,284.0105777727271
2024-07-02,380.1339102603934,350.8749697031498
2024-07-03,39.4025639743064,56.51258178169776
2024-07-05,291.65159844464097,360.15343823924474
2024-07-08,331.55935955304307,451.30577518529566
2024-07-09,248.9269192960731,341.3761724576849
2024-07-10,111.0175287093468,248.24274088813397
2024-07-11,217.40066275449536,297.6942057390557
2024-07-12,128.63192233452764,287.62972241647725
2024-07-15,216.50398196333245,484.1176210693998
2024-07-16,325.3592312508132,446.5023736415731
2024-07-17,313.3249874393275,381.77329158359026
2024-07-18,435.33726432789473,247.21843558042178
2024-07-19,607.7543578977603,57.835342890286746
2024-07-22,755.663151507166,233.85933605465627
2024-07-23,815.5256821898918,243.1916802388801
2024-07-24,605.5915111392144,85.71611510279335
2024-07-25,625.3648319361068,420.61148192987224
2024-07-26,614.9831311535,100.5301257110688
2024-07-29,692.8839879159707,428.2056932835955
2024-07-30,498.3404996582789,277.3888564275779
2024-07-31,565.938937941162,449.7316731792149
2024-08-01,506.4273436490004,416.61105379773994
2024-08-02,591.7755621614406,123.4417758738882
2024-08-05,528.4462268043094,300.0899741670202
2024-08-06,391.67795054732505,362.0340125730137
2024-08-07,577.8778277838022,373.91180871682417
2024-08-08,641.6530756245672,269.8453978836815
2024-08-09,526.8156718818408,141.72192439585578
2024-08-12,625.5780402089449,432.9032416739802
2024-08-13,558.3684590243163,361.71648523481224
2024-08-14,747.2514159398818,209.4555969149791
2024-08-15,316.6914788801657,329.0921675813494
2024-08-16,917.106771260061,191.4009114751242
2024-08-19,578.1416504750412,186.23825753378094
2024-08-20,216.23180419073688,293.5061810600086
2024-08-21,426.28546216491594,244.5082187216051
2024-08-22,35.173232646910705,78.64148023470044
2024-08-23,190.5378778393259,425.8562734039641
2024-08-26,473.78550249268693,277.06120797940366
2024-08-27,623.7544669759382,167.4789748506526
2024-08-28,371.9381788634191,352.44169830710655
2024-08-29,365.3675035529649,338.6919684999625
2024-08-30,373.2920182894168,349.8794106804145
2024-09-03,436.56771221316893,426.70546408124557
2024-09-04,262.8865254284104,374.03778560494544
2024-09-05,194.42589355340039,265.86505001788294
2024-09-06,530.3070518968337,502.57219362087403
2024-09-09,600.7698687013497,433.03350073327516
2024-09-10,527.7942823995339,335.83193178150185
2024-09-11,489.0446981448554,91.24269787354142
2024-09-12,523.6931002713568,228.07630686353247
2024-09-13,285.0469458281001,374.4350590523637
2024-09-16,430.536808268825,239.80968496249545
2024-09-17,902.2126684257531,454.46517730699645
2024-09-18,919.9111663453717,307.17929832505604
2024-09-19,530.0110519498406,419.49869328378753
2024-09-20,363.9093314530085,506.9453683740406
2024-09-23,684.3106313166697,173.2931974651306
2024-09-24,583.9531641554235,400.2491512377929
2024-09-25,360.824530612648,331.2834185791904
2024-09-26,627.8523757249875,234.0376004942365
2024-09-27,529.1836200549828,367.1685305622141
2024-09-30,187.83633706683293,419.7256270522457
2024-10-01,672.6368716494482,243.83115233694826
2024-10-02,574.293037383218,363.5205504622866
2024-10-03,592.8535694225222,490.43961779859836
2024-10-04,438.1340853076957,448.40463417624073
2024-10-07,271.6630346758779,347.57261125487145
2024-10-08,515.8224063434111,513.9548955355458
2024-10-09,445.7285652748077,554.4564153190978
2024-10-10,639.4440026829996,381.3215038481162
2024-10-11,353.76236002385855,415.6030212451228
2024-10-14,499.89434622131967,532.0536303275854
2024-10-15,391.5491450190897,405.27255096728607
2024-10-16,442.60033540212663,442.26466869302664
2024-10-17,292.3331065996131,437.02089708371767
2024-10-18,400.0396012585229,284.05857407144225
2024-10-21,364.37885085766476,346.77174795102724
2024-10-22,299.2026239743499,332.75035718053937
2024-10-23,363.95716029494554,471.5859025087696
2024-10-24,315.9973497594577,473.1547861217414
2024-10-25,457.6724964862416,211.2252290854105
2024-10-28,430.5075850615839,258.1853257509868
2024-10-29,407.63666483908105,232.88026144537739
2024-10-30,288.7789678248432,263.8971151417268
2024-10-31,410.31832302230566,444.35201787131433
2024-11-01,52.872536405921394,76.1794439236673
2024-11-04,526.5303226832116,139.13078476855023
2024-11-05,531.8264011003132,80.26345944172323
2024-11-06,59.20045917856297,114.00056964542644
2024-11-07,605.273035575162,358.73704250401244
2024-11-08,701.1246268906971,349.16663859578955
2024-11-11,598.1564688501777,414.6025548745888
2024-11-12,576.5661415346586,306.73532715099196
2024-11-13,307.14341700591734,333.59983627537633
2024-11-14,574.9474948817974,394.0390709255093
2024-11-15,198.60635658610863,272.907271602575
2024-11-18,506.31828328610516,203.85439991452208
2024-11-19,261.51861131141095,219.4002287266132
2024-11-20,374.72736208673507,352.4185949498342
2024-11-21,406.96679590658107,402.35042888431536
2024-11-22,586.2552781882101,436.0351156943214
2024-11-25,532.1266774823507,337.5739559343425
2024-11-26,550.9664791029561,387.32619927630157
2024-11-27,563.409129745296,432.3388118107882
2024-11-29,861.5869541505974,262.841388556442
2024-12-02,685.8989263573918,288.404694074507
2024-12-03,287.3692048239006,310.83050093540135
2024-12-04,422.2677010148042,330.5979433329459
2024-12-05,538.2673994517742,340.392004853078
2024-12-06,418.1282583609088,278.4997992384004
2024-12-09,615.0390515629159,107.08945610613124
2024-12-10,487.43800486488846,359.1357920107681
2024-12-11,740.5341520605573,238.08170049104118
2024-12-12,914.9899657057206,270.33551114083053
2024-12-13,553.0327965807155,513.3005403716228
2024-12-16,438.67424305566993,421.791451698315
2024-12-17,709.0752975742178,155.3941946564671
2024-12-18,494.5432549093692,123.1185192975692
2024-12-19,529.2944259535773,49.08747313578108
2024-12-20,344.0273845692576,345.3917014083539
2024-12-23,400.2922391328834,469.3151725915226
2024-12-24,471.6068891695007,469.9788089769093
2024-12-26,572.6238696631314,358.55259954552514
2024-12-27,497.75964496841937,482.65244786344726
2024-12-30,435.5546995940446,295.438562336426
